date,holding_id,holding_name,asset_class,value_usd_m,source
2023-01-31,H_2800HK,Tracker Fund of Hong Kong ETF,Global Public Equities,8.9271,synthetic_v1_dataset_generator
2023-01-31,H_ACWI,iShares MSCI ACWI ETF,Global Public Equities,13.6841,synthetic_v1_dataset_generator
2023-01-31,H_AGG,iShares Core US Aggregate Bond ETF,Fixed Income & Liquid Credit,20.5587,synthetic_v1_dataset_generator
2023-01-31,H_BABA,Alibaba ADR,Global Public Equities,5.2075,synthetic_v1_dataset_generator
2023-01-31,H_BIL,SPDR 1-3 Month T-Bill ETF,Fixed Income & Liquid Credit,6.8529,synthetic_v1_dataset_generator
2023-01-31,H_BRKB,Berkshire Hathaway Class B,Global Public Equities,7.7059,synthetic_v1_dataset_generator
2023-01-31,H_CASH_HKD,HKD Working Capital,Cash & Liquidity,2.2536,synthetic_v1_dataset_generator
2023-01-31,H_CASH_JPY,JPY Treasury Buffer,Cash & Liquidity,1.5024,synthetic_v1_dataset_generator
2023-01-31,H_CASH_OPS_USD,USD Operating Cash,Cash & Liquidity,11.268,synthetic_v1_dataset_generator
2023-01-31,H_CASH_RESERVE_USD,USD Liquidity Reserve,Cash & Liquidity,4.2255,synthetic_v1_dataset_generator
2023-01-31,H_CASH_SGD,SGD Near-Term Reserve,Cash & Liquidity,1.878,synthetic_v1_dataset_generator
2023-01-31,H_CNYA,iShares MSCI China A ETF,Global Public Equities,5.9514,synthetic_v1_dataset_generator
2023-01-31,H_DBC,Broad Commodities ETF Proxy,Hedge Funds / Absolute Return,6.43,synthetic_v1_dataset_generator
2023-01-31,H_DBMF,Managed Futures ETF Proxy,Hedge Funds / Absolute Return,8.0375,synthetic_v1_dataset_generator
2023-01-31,H_EEM,iShares MSCI Emerging Markets ETF,Global Public Equities,4.7894,synthetic_v1_dataset_generator
2023-01-31,H_EMB,iShares Emerging Markets Bond ETF,Fixed Income & Liquid Credit,6.8529,synthetic_v1_dataset_generator
2023-01-31,H_ES_SHORT,S&P 500 Overlay Short Future,Global Public Equities,1.9265,synthetic_v1_dataset_generator
2023-01-31,H_EWJ,iShares MSCI Japan ETF,Global Public Equities,4.8833,synthetic_v1_dataset_generator
2023-01-31,H_EWS,iShares MSCI Singapore ETF,Global Public Equities,2.0573,synthetic_v1_dataset_generator
2023-01-31,H_EWY,iShares MSCI South Korea ETF,Global Public Equities,3.546,synthetic_v1_dataset_generator
2023-01-31,H_GLD,SPDR Gold Shares,Hedge Funds / Absolute Return,7.6629,synthetic_v1_dataset_generator
2023-01-31,H_GMACRO,Global Macro Hedge Fund Sleeve,Hedge Funds / Absolute Return,14.4675,synthetic_v1_dataset_generator
2023-01-31,H_GOOGL,Alphabet Class A,Global Public Equities,5.7794,synthetic_v1_dataset_generator
2023-01-31,H_HSI_FUT,Hang Seng Index Tactical Long Future,Global Public Equities,1.8598,synthetic_v1_dataset_generator
2023-01-31,H_HSTECH,Hang Seng TECH ETF-style Exposure,Global Public Equities,7.4392,synthetic_v1_dataset_generator
2023-01-31,H_HYG,iShares High Yield Corporate Bond ETF,Fixed Income & Liquid Credit,7.7095,synthetic_v1_dataset_generator
2023-01-31,H_IGIB,iShares 5-10 Year Investment Grade Corporate Bond ETF,Fixed Income & Liquid Credit,10.2793,synthetic_v1_dataset_generator
2023-01-31,H_INDA,iShares MSCI India ETF,Global Public Equities,4.2227,synthetic_v1_dataset_generator
2023-01-31,H_JD,JD.com ADR,Global Public Equities,3.7196,synthetic_v1_dataset_generator
2023-01-31,H_LQD,iShares Investment Grade Corporate Bond ETF,Fixed Income & Liquid Credit,6.8529,synthetic_v1_dataset_generator
2023-01-31,H_MKTNEUT,Equity Market Neutral Fund Sleeve,Hedge Funds / Absolute Return,12.86,synthetic_v1_dataset_generator
2023-01-31,H_MSFT,Microsoft,Global Public Equities,6.4216,synthetic_v1_dataset_generator
2023-01-31,H_NQ_SHORT,Nasdaq Overlay Short Future,Global Public Equities,1.2843,synthetic_v1_dataset_generator
2023-01-31,H_NVDA,NVIDIA,Global Public Equities,5.1372,synthetic_v1_dataset_generator
2023-01-31,H_PDD,PDD Holdings ADR,Global Public Equities,4.4635,synthetic_v1_dataset_generator
2023-01-31,H_PF_APAC_LOGISTICS,APAC Logistics Real Estate Fund,Real Estate,6.3961,synthetic_v1_dataset_generator
2023-01-31,H_PF_APEX_SECONDARIES_II,Apex Secondaries Fund II,Private Equity,14.7348,synthetic_v1_dataset_generator
2023-01-31,H_PF_ATLAS_COINV_I,Atlas Co-Investment Fund I,Private Equity,16.2083,synthetic_v1_dataset_generator
2023-01-31,H_PF_BLUE_HORIZON_III,Blue Horizon Ventures III,Venture Capital / Growth,12.7074,synthetic_v1_dataset_generator
2023-01-31,H_PF_CLIMATE_ALPHA,Climate Alpha Fund,Venture Capital / Growth,10.5895,synthetic_v1_dataset_generator
2023-01-31,H_PF_COVE_SPECIALTY_FIN,Cove Specialty Finance Fund,Private Credit,11.0109,synthetic_v1_dataset_generator
2023-01-31,H_PF_CRESCENT_DIRECT_LEND,Crescent Direct Lending Fund,Private Credit,15.7298,synthetic_v1_dataset_generator
2023-01-31,H_PF_DIGITAL_INFRA,Horizon Digital Infrastructure Fund,Infrastructure,6.3393,synthetic_v1_dataset_generator
2023-01-31,H_PF_DRAGONBRIDGE,DragonBridge Greater China Fund,Private Equity,20.6287,synthetic_v1_dataset_generator
2023-01-31,H_PF_GLOBAL_GROWTH_II,Redwood Growth Fund II,Venture Capital / Growth,14.1193,synthetic_v1_dataset_generator
2023-01-31,H_PF_HARBOR_PEAK_V,Harbor Peak Partners V,Private Equity,22.1022,synthetic_v1_dataset_generator
2023-01-31,H_PF_HARBOUR_CORE_RE,Harbour Core Real Estate Fund,Real Estate,15.9903,synthetic_v1_dataset_generator
2023-01-31,H_PF_HOME_MULTIFAMILY,HomeStone Multifamily Fund,Real Estate,9.5942,synthetic_v1_dataset_generator
2023-01-31,H_PF_INDIA_DIGITAL,Indigo India Digital Growth Fund,Venture Capital / Growth,8.4716,synthetic_v1_dataset_generator
2023-01-31,H_PF_INFRA_CORE,Evergreen Core Infrastructure Fund,Infrastructure,9.509,synthetic_v1_dataset_generator
2023-01-31,H_PF_LIONROCK_CREDIT,LionRock Asia Private Credit Fund,Private Credit,12.9771,synthetic_v1_dataset_generator
2023-01-31,H_PF_METRO_LOGISTICS,Metro Logistics Fund,Real Estate,9.994,synthetic_v1_dataset_generator
2023-01-31,H_PF_NORTHSTAR_IV,Northstar Buyout Fund IV,Private Equity,25.7859,synthetic_v1_dataset_generator
2023-01-31,H_PF_RENEWABLES_II,SolarBridge Renewables Fund II,Infrastructure,7.9242,synthetic_v1_dataset_generator
2023-01-31,H_PF_SEEDSPRING_I,SeedSpring Southeast Asia VC Fund I,Venture Capital / Growth,7.0597,synthetic_v1_dataset_generator
2023-01-31,H_PF_SPRING_OPP_CREDIT,Spring Point Opportunistic Credit Fund,Private Credit,13.3704,synthetic_v1_dataset_generator
2023-01-31,H_QAI,Multi-Strategy Liquid Alternatives ETF Proxy,Hedge Funds / Absolute Return,5.6262,synthetic_v1_dataset_generator
2023-01-31,H_QQQ,Invesco QQQ Trust,Global Public Equities,15.4117,synthetic_v1_dataset_generator
2023-01-31,H_SPY,SPDR S&P 500 ETF,Global Public Equities,25.6862,synthetic_v1_dataset_generator
2023-01-31,H_SPY_PUT,S&P 500 Protective Put Overlay,Global Public Equities,1.2843,synthetic_v1_dataset_generator
2023-01-31,H_TLT,iShares 20+ Year Treasury Bond ETF,Fixed Income & Liquid Credit,11.9926,synthetic_v1_dataset_generator
2023-01-31,H_VNQ,US Listed REIT ETF Proxy,Hedge Funds / Absolute Return,4.8225,synthetic_v1_dataset_generator
2023-02-28,H_2800HK,Tracker Fund of Hong Kong ETF,Global Public Equities,9.3437,synthetic_v1_dataset_generator
2023-02-28,H_ACWI,iShares MSCI ACWI ETF,Global Public Equities,14.0824,synthetic_v1_dataset_generator
2023-02-28,H_AGG,iShares Core US Aggregate Bond ETF,Fixed Income & Liquid Credit,20.8739,synthetic_v1_dataset_generator
2023-02-28,H_BABA,Alibaba ADR,Global Public Equities,5.4505,synthetic_v1_dataset_generator
2023-02-28,H_BIL,SPDR 1-3 Month T-Bill ETF,Fixed Income & Liquid Credit,6.9579,synthetic_v1_dataset_generator
2023-02-28,H_BRKB,Berkshire Hathaway Class B,Global Public Equities,7.9498,synthetic_v1_dataset_generator
2023-02-28,H_CASH_HKD,HKD Working Capital,Cash & Liquidity,2.2607,synthetic_v1_dataset_generator
2023-02-28,H_CASH_JPY,JPY Treasury Buffer,Cash & Liquidity,1.5072,synthetic_v1_dataset_generator
2023-02-28,H_CASH_OPS_USD,USD Operating Cash,Cash & Liquidity,11.3037,synthetic_v1_dataset_generator
2023-02-28,H_CASH_RESERVE_USD,USD Liquidity Reserve,Cash & Liquidity,4.2389,synthetic_v1_dataset_generator
2023-02-28,H_CASH_SGD,SGD Near-Term Reserve,Cash & Liquidity,1.884,synthetic_v1_dataset_generator
2023-02-28,H_CNYA,iShares MSCI China A ETF,Global Public Equities,6.2291,synthetic_v1_dataset_generator
2023-02-28,H_DBC,Broad Commodities ETF Proxy,Hedge Funds / Absolute Return,6.5776,synthetic_v1_dataset_generator
2023-02-28,H_DBMF,Managed Futures ETF Proxy,Hedge Funds / Absolute Return,8.222,synthetic_v1_dataset_generator
2023-02-28,H_EEM,iShares MSCI Emerging Markets ETF,Global Public Equities,4.9288,synthetic_v1_dataset_generator
2023-02-28,H_EMB,iShares Emerging Markets Bond ETF,Fixed Income & Liquid Credit,6.958,synthetic_v1_dataset_generator
2023-02-28,H_ES_SHORT,S&P 500 Overlay Short Future,Global Public Equities,1.9875,synthetic_v1_dataset_generator
2023-02-28,H_EWJ,iShares MSCI Japan ETF,Global Public Equities,5.0366,synthetic_v1_dataset_generator
2023-02-28,H_EWS,iShares MSCI Singapore ETF,Global Public Equities,2.1368,synthetic_v1_dataset_generator
2023-02-28,H_EWY,iShares MSCI South Korea ETF,Global Public Equities,3.6797,synthetic_v1_dataset_generator
2023-02-28,H_GLD,SPDR Gold Shares,Hedge Funds / Absolute Return,7.8575,synthetic_v1_dataset_generator
2023-02-28,H_GMACRO,Global Macro Hedge Fund Sleeve,Hedge Funds / Absolute Return,14.7996,synthetic_v1_dataset_generator
2023-02-28,H_GOOGL,Alphabet Class A,Global Public Equities,5.9624,synthetic_v1_dataset_generator
2023-02-28,H_HSI_FUT,Hang Seng Index Tactical Long Future,Global Public Equities,1.9466,synthetic_v1_dataset_generator
2023-02-28,H_HSTECH,Hang Seng TECH ETF-style Exposure,Global Public Equities,7.7864,synthetic_v1_dataset_generator
2023-02-28,H_HYG,iShares High Yield Corporate Bond ETF,Fixed Income & Liquid Credit,7.8277,synthetic_v1_dataset_generator
2023-02-28,H_IGIB,iShares 5-10 Year Investment Grade Corporate Bond ETF,Fixed Income & Liquid Credit,10.4369,synthetic_v1_dataset_generator
2023-02-28,H_INDA,iShares MSCI India ETF,Global Public Equities,4.3918,synthetic_v1_dataset_generator
2023-02-28,H_JD,JD.com ADR,Global Public Equities,3.8932,synthetic_v1_dataset_generator
2023-02-28,H_LQD,iShares Investment Grade Corporate Bond ETF,Fixed Income & Liquid Credit,6.9579,synthetic_v1_dataset_generator
2023-02-28,H_MKTNEUT,Equity Market Neutral Fund Sleeve,Hedge Funds / Absolute Return,13.1552,synthetic_v1_dataset_generator
2023-02-28,H_MSFT,Microsoft,Global Public Equities,6.6248,synthetic_v1_dataset_generator
2023-02-28,H_NQ_SHORT,Nasdaq Overlay Short Future,Global Public Equities,1.325,synthetic_v1_dataset_generator
2023-02-28,H_NVDA,NVIDIA,Global Public Equities,5.2999,synthetic_v1_dataset_generator
2023-02-28,H_PDD,PDD Holdings ADR,Global Public Equities,4.6718,synthetic_v1_dataset_generator
2023-02-28,H_PF_APAC_LOGISTICS,APAC Logistics Real Estate Fund,Real Estate,6.4835,synthetic_v1_dataset_generator
2023-02-28,H_PF_APEX_SECONDARIES_II,Apex Secondaries Fund II,Private Equity,14.943,synthetic_v1_dataset_generator
2023-02-28,H_PF_ATLAS_COINV_I,Atlas Co-Investment Fund I,Private Equity,16.4373,synthetic_v1_dataset_generator
2023-02-28,H_PF_BLUE_HORIZON_III,Blue Horizon Ventures III,Venture Capital / Growth,12.9714,synthetic_v1_dataset_generator
2023-02-28,H_PF_CLIMATE_ALPHA,Climate Alpha Fund,Venture Capital / Growth,10.8095,synthetic_v1_dataset_generator
2023-02-28,H_PF_COVE_SPECIALTY_FIN,Cove Specialty Finance Fund,Private Credit,11.1374,synthetic_v1_dataset_generator
2023-02-28,H_PF_CRESCENT_DIRECT_LEND,Crescent Direct Lending Fund,Private Credit,15.9105,synthetic_v1_dataset_generator
2023-02-28,H_PF_DIGITAL_INFRA,Horizon Digital Infrastructure Fund,Infrastructure,6.4216,synthetic_v1_dataset_generator
2023-02-28,H_PF_DRAGONBRIDGE,DragonBridge Greater China Fund,Private Equity,20.9201,synthetic_v1_dataset_generator
2023-02-28,H_PF_GLOBAL_GROWTH_II,Redwood Growth Fund II,Venture Capital / Growth,14.4127,synthetic_v1_dataset_generator
2023-02-28,H_PF_HARBOR_PEAK_V,Harbor Peak Partners V,Private Equity,22.4144,synthetic_v1_dataset_generator
2023-02-28,H_PF_HARBOUR_CORE_RE,Harbour Core Real Estate Fund,Real Estate,16.2088,synthetic_v1_dataset_generator
2023-02-28,H_PF_HOME_MULTIFAMILY,HomeStone Multifamily Fund,Real Estate,9.7253,synthetic_v1_dataset_generator
2023-02-28,H_PF_INDIA_DIGITAL,Indigo India Digital Growth Fund,Venture Capital / Growth,8.6476,synthetic_v1_dataset_generator
2023-02-28,H_PF_INFRA_CORE,Evergreen Core Infrastructure Fund,Infrastructure,9.6324,synthetic_v1_dataset_generator
2023-02-28,H_PF_LIONROCK_CREDIT,LionRock Asia Private Credit Fund,Private Credit,13.1262,synthetic_v1_dataset_generator
2023-02-28,H_PF_METRO_LOGISTICS,Metro Logistics Fund,Real Estate,10.1305,synthetic_v1_dataset_generator
2023-02-28,H_PF_NORTHSTAR_IV,Northstar Buyout Fund IV,Private Equity,26.1502,synthetic_v1_dataset_generator
2023-02-28,H_PF_RENEWABLES_II,SolarBridge Renewables Fund II,Infrastructure,8.027,synthetic_v1_dataset_generator
2023-02-28,H_PF_SEEDSPRING_I,SeedSpring Southeast Asia VC Fund I,Venture Capital / Growth,7.2063,synthetic_v1_dataset_generator
2023-02-28,H_PF_SPRING_OPP_CREDIT,Spring Point Opportunistic Credit Fund,Private Credit,13.5239,synthetic_v1_dataset_generator
2023-02-28,H_QAI,Multi-Strategy Liquid Alternatives ETF Proxy,Hedge Funds / Absolute Return,5.7554,synthetic_v1_dataset_generator
2023-02-28,H_QQQ,Invesco QQQ Trust,Global Public Equities,15.8996,synthetic_v1_dataset_generator
2023-02-28,H_SPY,SPDR S&P 500 ETF,Global Public Equities,26.4994,synthetic_v1_dataset_generator
2023-02-28,H_SPY_PUT,S&P 500 Protective Put Overlay,Global Public Equities,1.325,synthetic_v1_dataset_generator
2023-02-28,H_TLT,iShares 20+ Year Treasury Bond ETF,Fixed Income & Liquid Credit,12.1764,synthetic_v1_dataset_generator
2023-02-28,H_VNQ,US Listed REIT ETF Proxy,Hedge Funds / Absolute Return,4.9332,synthetic_v1_dataset_generator
2023-03-31,H_2800HK,Tracker Fund of Hong Kong ETF,Global Public Equities,9.7929,synthetic_v1_dataset_generator
2023-03-31,H_ACWI,iShares MSCI ACWI ETF,Global Public Equities,14.5227,synthetic_v1_dataset_generator
2023-03-31,H_AGG,iShares Core US Aggregate Bond ETF,Fixed Income & Liquid Credit,21.2211,synthetic_v1_dataset_generator
2023-03-31,H_BABA,Alibaba ADR,Global Public Equities,5.7125,synthetic_v1_dataset_generator
2023-03-31,H_BIL,SPDR 1-3 Month T-Bill ETF,Fixed Income & Liquid Credit,7.0737,synthetic_v1_dataset_generator
2023-03-31,H_BRKB,Berkshire Hathaway Class B,Global Public Equities,8.2293,synthetic_v1_dataset_generator
2023-03-31,H_CASH_HKD,HKD Working Capital,Cash & Liquidity,2.269,synthetic_v1_dataset_generator
2023-03-31,H_CASH_JPY,JPY Treasury Buffer,Cash & Liquidity,1.5127,synthetic_v1_dataset_generator
2023-03-31,H_CASH_OPS_USD,USD Operating Cash,Cash & Liquidity,11.3449,synthetic_v1_dataset_generator
2023-03-31,H_CASH_RESERVE_USD,USD Liquidity Reserve,Cash & Liquidity,4.2543,synthetic_v1_dataset_generator
2023-03-31,H_CASH_SGD,SGD Near-Term Reserve,Cash & Liquidity,1.8908,synthetic_v1_dataset_generator
2023-03-31,H_CNYA,iShares MSCI China A ETF,Global Public Equities,6.5286,synthetic_v1_dataset_generator
2023-03-31,H_DBC,Broad Commodities ETF Proxy,Hedge Funds / Absolute Return,6.7365,synthetic_v1_dataset_generator
2023-03-31,H_DBMF,Managed Futures ETF Proxy,Hedge Funds / Absolute Return,8.4207,synthetic_v1_dataset_generator
2023-03-31,H_EEM,iShares MSCI Emerging Markets ETF,Global Public Equities,5.0829,synthetic_v1_dataset_generator
2023-03-31,H_EMB,iShares Emerging Markets Bond ETF,Fixed Income & Liquid Credit,7.0737,synthetic_v1_dataset_generator
2023-03-31,H_ES_SHORT,S&P 500 Overlay Short Future,Global Public Equities,2.0573,synthetic_v1_dataset_generator
2023-03-31,H_EWJ,iShares MSCI Japan ETF,Global Public Equities,5.2019,synthetic_v1_dataset_generator
2023-03-31,H_EWS,iShares MSCI Singapore ETF,Global Public Equities,2.218,synthetic_v1_dataset_generator
2023-03-31,H_EWY,iShares MSCI South Korea ETF,Global Public Equities,3.8208,synthetic_v1_dataset_generator
2023-03-31,H_GLD,SPDR Gold Shares,Hedge Funds / Absolute Return,8.0807,synthetic_v1_dataset_generator
2023-03-31,H_GMACRO,Global Macro Hedge Fund Sleeve,Hedge Funds / Absolute Return,15.1572,synthetic_v1_dataset_generator
2023-03-31,H_GOOGL,Alphabet Class A,Global Public Equities,6.172,synthetic_v1_dataset_generator
2023-03-31,H_HSI_FUT,Hang Seng Index Tactical Long Future,Global Public Equities,2.0402,synthetic_v1_dataset_generator
2023-03-31,H_HSTECH,Hang Seng TECH ETF-style Exposure,Global Public Equities,8.1607,synthetic_v1_dataset_generator
2023-03-31,H_HYG,iShares High Yield Corporate Bond ETF,Fixed Income & Liquid Credit,7.9579,synthetic_v1_dataset_generator
2023-03-31,H_IGIB,iShares 5-10 Year Investment Grade Corporate Bond ETF,Fixed Income & Liquid Credit,10.6105,synthetic_v1_dataset_generator
2023-03-31,H_INDA,iShares MSCI India ETF,Global Public Equities,4.582,synthetic_v1_dataset_generator
2023-03-31,H_JD,JD.com ADR,Global Public Equities,4.0804,synthetic_v1_dataset_generator
2023-03-31,H_LQD,iShares Investment Grade Corporate Bond ETF,Fixed Income & Liquid Credit,7.0737,synthetic_v1_dataset_generator
2023-03-31,H_MKTNEUT,Equity Market Neutral Fund Sleeve,Hedge Funds / Absolute Return,13.4731,synthetic_v1_dataset_generator
2023-03-31,H_MSFT,Microsoft,Global Public Equities,6.8578,synthetic_v1_dataset_generator
2023-03-31,H_NQ_SHORT,Nasdaq Overlay Short Future,Global Public Equities,1.3716,synthetic_v1_dataset_generator
2023-03-31,H_NVDA,NVIDIA,Global Public Equities,5.4862,synthetic_v1_dataset_generator
2023-03-31,H_PDD,PDD Holdings ADR,Global Public Equities,4.8964,synthetic_v1_dataset_generator
2023-03-31,H_PF_APAC_LOGISTICS,APAC Logistics Real Estate Fund,Real Estate,6.5725,synthetic_v1_dataset_generator
2023-03-31,H_PF_APEX_SECONDARIES_II,Apex Secondaries Fund II,Private Equity,15.1757,synthetic_v1_dataset_generator
2023-03-31,H_PF_ATLAS_COINV_I,Atlas Co-Investment Fund I,Private Equity,16.6933,synthetic_v1_dataset_generator
2023-03-31,H_PF_BLUE_HORIZON_III,Blue Horizon Ventures III,Venture Capital / Growth,13.2553,synthetic_v1_dataset_generator
2023-03-31,H_PF_CLIMATE_ALPHA,Climate Alpha Fund,Venture Capital / Growth,11.046,synthetic_v1_dataset_generator
2023-03-31,H_PF_COVE_SPECIALTY_FIN,Cove Specialty Finance Fund,Private Credit,11.2673,synthetic_v1_dataset_generator
2023-03-31,H_PF_CRESCENT_DIRECT_LEND,Crescent Direct Lending Fund,Private Credit,16.0961,synthetic_v1_dataset_generator
2023-03-31,H_PF_DIGITAL_INFRA,Horizon Digital Infrastructure Fund,Infrastructure,6.5031,synthetic_v1_dataset_generator
2023-03-31,H_PF_DRAGONBRIDGE,DragonBridge Greater China Fund,Private Equity,21.246,synthetic_v1_dataset_generator
2023-03-31,H_PF_GLOBAL_GROWTH_II,Redwood Growth Fund II,Venture Capital / Growth,14.7281,synthetic_v1_dataset_generator
2023-03-31,H_PF_HARBOR_PEAK_V,Harbor Peak Partners V,Private Equity,22.7635,synthetic_v1_dataset_generator
2023-03-31,H_PF_HARBOUR_CORE_RE,Harbour Core Real Estate Fund,Real Estate,16.4312,synthetic_v1_dataset_generator
2023-03-31,H_PF_HOME_MULTIFAMILY,HomeStone Multifamily Fund,Real Estate,9.8587,synthetic_v1_dataset_generator
2023-03-31,H_PF_INDIA_DIGITAL,Indigo India Digital Growth Fund,Venture Capital / Growth,8.8368,synthetic_v1_dataset_generator
2023-03-31,H_PF_INFRA_CORE,Evergreen Core Infrastructure Fund,Infrastructure,9.7546,synthetic_v1_dataset_generator
2023-03-31,H_PF_LIONROCK_CREDIT,LionRock Asia Private Credit Fund,Private Credit,13.2793,synthetic_v1_dataset_generator
2023-03-31,H_PF_METRO_LOGISTICS,Metro Logistics Fund,Real Estate,10.2695,synthetic_v1_dataset_generator
2023-03-31,H_PF_NORTHSTAR_IV,Northstar Buyout Fund IV,Private Equity,26.5575,synthetic_v1_dataset_generator
2023-03-31,H_PF_RENEWABLES_II,SolarBridge Renewables Fund II,Infrastructure,8.1288,synthetic_v1_dataset_generator
2023-03-31,H_PF_SEEDSPRING_I,SeedSpring Southeast Asia VC Fund I,Venture Capital / Growth,7.364,synthetic_v1_dataset_generator
2023-03-31,H_PF_SPRING_OPP_CREDIT,Spring Point Opportunistic Credit Fund,Private Credit,13.6817,synthetic_v1_dataset_generator
2023-03-31,H_QAI,Multi-Strategy Liquid Alternatives ETF Proxy,Hedge Funds / Absolute Return,5.8945,synthetic_v1_dataset_generator
2023-03-31,H_QQQ,Invesco QQQ Trust,Global Public Equities,16.4587,synthetic_v1_dataset_generator
2023-03-31,H_SPY,SPDR S&P 500 ETF,Global Public Equities,27.4311,synthetic_v1_dataset_generator
2023-03-31,H_SPY_PUT,S&P 500 Protective Put Overlay,Global Public Equities,1.3716,synthetic_v1_dataset_generator
2023-03-31,H_TLT,iShares 20+ Year Treasury Bond ETF,Fixed Income & Liquid Credit,12.379,synthetic_v1_dataset_generator
2023-03-31,H_VNQ,US Listed REIT ETF Proxy,Hedge Funds / Absolute Return,5.0524,synthetic_v1_dataset_generator
2023-04-30,H_2800HK,Tracker Fund of Hong Kong ETF,Global Public Equities,10.2293,synthetic_v1_dataset_generator
2023-04-30,H_ACWI,iShares MSCI ACWI ETF,Global Public Equities,14.9712,synthetic_v1_dataset_generator
2023-04-30,H_AGG,iShares Core US Aggregate Bond ETF,Fixed Income & Liquid Credit,21.5692,synthetic_v1_dataset_generator
2023-04-30,H_BABA,Alibaba ADR,Global Public Equities,5.9671,synthetic_v1_dataset_generator
2023-04-30,H_BIL,SPDR 1-3 Month T-Bill ETF,Fixed Income & Liquid Credit,7.1897,synthetic_v1_dataset_generator
2023-04-30,H_BRKB,Berkshire Hathaway Class B,Global Public Equities,8.524,synthetic_v1_dataset_generator
2023-04-30,H_CASH_HKD,HKD Working Capital,Cash & Liquidity,2.2779,synthetic_v1_dataset_generator
2023-04-30,H_CASH_JPY,JPY Treasury Buffer,Cash & Liquidity,1.5186,synthetic_v1_dataset_generator
2023-04-30,H_CASH_OPS_USD,USD Operating Cash,Cash & Liquidity,11.3895,synthetic_v1_dataset_generator
2023-04-30,H_CASH_RESERVE_USD,USD Liquidity Reserve,Cash & Liquidity,4.2711,synthetic_v1_dataset_generator
2023-04-30,H_CASH_SGD,SGD Near-Term Reserve,Cash & Liquidity,1.8983,synthetic_v1_dataset_generator
2023-04-30,H_CNYA,iShares MSCI China A ETF,Global Public Equities,6.8195,synthetic_v1_dataset_generator
2023-04-30,H_DBC,Broad Commodities ETF Proxy,Hedge Funds / Absolute Return,6.8921,synthetic_v1_dataset_generator
2023-04-30,H_DBMF,Managed Futures ETF Proxy,Hedge Funds / Absolute Return,8.6151,synthetic_v1_dataset_generator
2023-04-30,H_EEM,iShares MSCI Emerging Markets ETF,Global Public Equities,5.2399,synthetic_v1_dataset_generator
2023-04-30,H_EMB,iShares Emerging Markets Bond ETF,Fixed Income & Liquid Credit,7.1897,synthetic_v1_dataset_generator
2023-04-30,H_ES_SHORT,S&P 500 Overlay Short Future,Global Public Equities,2.131,synthetic_v1_dataset_generator
2023-04-30,H_EWJ,iShares MSCI Japan ETF,Global Public Equities,5.3655,synthetic_v1_dataset_generator
2023-04-30,H_EWS,iShares MSCI Singapore ETF,Global Public Equities,2.2932,synthetic_v1_dataset_generator
2023-04-30,H_EWY,iShares MSCI South Korea ETF,Global Public Equities,3.9562,synthetic_v1_dataset_generator
2023-04-30,H_GLD,SPDR Gold Shares,Hedge Funds / Absolute Return,8.3142,synthetic_v1_dataset_generator
2023-04-30,H_GMACRO,Global Macro Hedge Fund Sleeve,Hedge Funds / Absolute Return,15.5072,synthetic_v1_dataset_generator
2023-04-30,H_GOOGL,Alphabet Class A,Global Public Equities,6.393,synthetic_v1_dataset_generator
2023-04-30,H_HSI_FUT,Hang Seng Index Tactical Long Future,Global Public Equities,2.1311,synthetic_v1_dataset_generator
2023-04-30,H_HSTECH,Hang Seng TECH ETF-style Exposure,Global Public Equities,8.5244,synthetic_v1_dataset_generator
2023-04-30,H_HYG,iShares High Yield Corporate Bond ETF,Fixed Income & Liquid Credit,8.0885,synthetic_v1_dataset_generator
2023-04-30,H_IGIB,iShares 5-10 Year Investment Grade Corporate Bond ETF,Fixed Income & Liquid Credit,10.7846,synthetic_v1_dataset_generator
2023-04-30,H_INDA,iShares MSCI India ETF,Global Public Equities,4.7788,synthetic_v1_dataset_generator
2023-04-30,H_JD,JD.com ADR,Global Public Equities,4.2622,synthetic_v1_dataset_generator
2023-04-30,H_LQD,iShares Investment Grade Corporate Bond ETF,Fixed Income & Liquid Credit,7.1897,synthetic_v1_dataset_generator
2023-04-30,H_MKTNEUT,Equity Market Neutral Fund Sleeve,Hedge Funds / Absolute Return,13.7842,synthetic_v1_dataset_generator
2023-04-30,H_MSFT,Microsoft,Global Public Equities,7.1033,synthetic_v1_dataset_generator
2023-04-30,H_NQ_SHORT,Nasdaq Overlay Short Future,Global Public Equities,1.4207,synthetic_v1_dataset_generator
2023-04-30,H_NVDA,NVIDIA,Global Public Equities,5.6827,synthetic_v1_dataset_generator
2023-04-30,H_PDD,PDD Holdings ADR,Global Public Equities,5.1146,synthetic_v1_dataset_generator
2023-04-30,H_PF_APAC_LOGISTICS,APAC Logistics Real Estate Fund,Real Estate,6.6568,synthetic_v1_dataset_generator
2023-04-30,H_PF_APEX_SECONDARIES_II,Apex Secondaries Fund II,Private Equity,15.4208,synthetic_v1_dataset_generator
2023-04-30,H_PF_ATLAS_COINV_I,Atlas Co-Investment Fund I,Private Equity,16.9629,synthetic_v1_dataset_generator
2023-04-30,H_PF_BLUE_HORIZON_III,Blue Horizon Ventures III,Venture Capital / Growth,13.5392,synthetic_v1_dataset_generator
2023-04-30,H_PF_CLIMATE_ALPHA,Climate Alpha Fund,Venture Capital / Growth,11.2827,synthetic_v1_dataset_generator
2023-04-30,H_PF_COVE_SPECIALTY_FIN,Cove Specialty Finance Fund,Private Credit,11.3928,synthetic_v1_dataset_generator
2023-04-30,H_PF_CRESCENT_DIRECT_LEND,Crescent Direct Lending Fund,Private Credit,16.2755,synthetic_v1_dataset_generator
2023-04-30,H_PF_DIGITAL_INFRA,Horizon Digital Infrastructure Fund,Infrastructure,6.5783,synthetic_v1_dataset_generator
2023-04-30,H_PF_DRAGONBRIDGE,DragonBridge Greater China Fund,Private Equity,21.5891,synthetic_v1_dataset_generator
2023-04-30,H_PF_GLOBAL_GROWTH_II,Redwood Growth Fund II,Venture Capital / Growth,15.0436,synthetic_v1_dataset_generator
2023-04-30,H_PF_HARBOR_PEAK_V,Harbor Peak Partners V,Private Equity,23.1312,synthetic_v1_dataset_generator
2023-04-30,H_PF_HARBOUR_CORE_RE,Harbour Core Real Estate Fund,Real Estate,16.6421,synthetic_v1_dataset_generator
2023-04-30,H_PF_HOME_MULTIFAMILY,HomeStone Multifamily Fund,Real Estate,9.9853,synthetic_v1_dataset_generator
2023-04-30,H_PF_INDIA_DIGITAL,Indigo India Digital Growth Fund,Venture Capital / Growth,9.0261,synthetic_v1_dataset_generator
2023-04-30,H_PF_INFRA_CORE,Evergreen Core Infrastructure Fund,Infrastructure,9.8674,synthetic_v1_dataset_generator
2023-04-30,H_PF_LIONROCK_CREDIT,LionRock Asia Private Credit Fund,Private Credit,13.4273,synthetic_v1_dataset_generator
2023-04-30,H_PF_METRO_LOGISTICS,Metro Logistics Fund,Real Estate,10.4013,synthetic_v1_dataset_generator
2023-04-30,H_PF_NORTHSTAR_IV,Northstar Buyout Fund IV,Private Equity,26.9864,synthetic_v1_dataset_generator
2023-04-30,H_PF_RENEWABLES_II,SolarBridge Renewables Fund II,Infrastructure,8.2229,synthetic_v1_dataset_generator
2023-04-30,H_PF_SEEDSPRING_I,SeedSpring Southeast Asia VC Fund I,Venture Capital / Growth,7.5218,synthetic_v1_dataset_generator
2023-04-30,H_PF_SPRING_OPP_CREDIT,Spring Point Opportunistic Credit Fund,Private Credit,13.8342,synthetic_v1_dataset_generator
2023-04-30,H_QAI,Multi-Strategy Liquid Alternatives ETF Proxy,Hedge Funds / Absolute Return,6.0306,synthetic_v1_dataset_generator
2023-04-30,H_QQQ,Invesco QQQ Trust,Global Public Equities,17.048,synthetic_v1_dataset_generator
2023-04-30,H_SPY,SPDR S&P 500 ETF,Global Public Equities,28.4133,synthetic_v1_dataset_generator
2023-04-30,H_SPY_PUT,S&P 500 Protective Put Overlay,Global Public Equities,1.4207,synthetic_v1_dataset_generator
2023-04-30,H_TLT,iShares 20+ Year Treasury Bond ETF,Fixed Income & Liquid Credit,12.582,synthetic_v1_dataset_generator
2023-04-30,H_VNQ,US Listed REIT ETF Proxy,Hedge Funds / Absolute Return,5.1691,synthetic_v1_dataset_generator
2023-05-31,H_2800HK,Tracker Fund of Hong Kong ETF,Global Public Equities,10.6085,synthetic_v1_dataset_generator
2023-05-31,H_ACWI,iShares MSCI ACWI ETF,Global Public Equities,15.3946,synthetic_v1_dataset_generator
2023-05-31,H_AGG,iShares Core US Aggregate Bond ETF,Fixed Income & Liquid Credit,21.8897,synthetic_v1_dataset_generator
2023-05-31,H_BABA,Alibaba ADR,Global Public Equities,6.1883,synthetic_v1_dataset_generator
2023-05-31,H_BIL,SPDR 1-3 Month T-Bill ETF,Fixed Income & Liquid Credit,7.2966,synthetic_v1_dataset_generator
2023-05-31,H_BRKB,Berkshire Hathaway Class B,Global Public Equities,8.813,synthetic_v1_dataset_generator
2023-05-31,H_CASH_HKD,HKD Working Capital,Cash & Liquidity,2.287,synthetic_v1_dataset_generator
2023-05-31,H_CASH_JPY,JPY Treasury Buffer,Cash & Liquidity,1.5247,synthetic_v1_dataset_generator
2023-05-31,H_CASH_OPS_USD,USD Operating Cash,Cash & Liquidity,11.4351,synthetic_v1_dataset_generator
2023-05-31,H_CASH_RESERVE_USD,USD Liquidity Reserve,Cash & Liquidity,4.2882,synthetic_v1_dataset_generator
2023-05-31,H_CASH_SGD,SGD Near-Term Reserve,Cash & Liquidity,1.9058,synthetic_v1_dataset_generator
2023-05-31,H_CNYA,iShares MSCI China A ETF,Global Public Equities,7.0723,synthetic_v1_dataset_generator
2023-05-31,H_DBC,Broad Commodities ETF Proxy,Hedge Funds / Absolute Return,7.0309,synthetic_v1_dataset_generator
2023-05-31,H_DBMF,Managed Futures ETF Proxy,Hedge Funds / Absolute Return,8.7886,synthetic_v1_dataset_generator
2023-05-31,H_EEM,iShares MSCI Emerging Markets ETF,Global Public Equities,5.3881,synthetic_v1_dataset_generator
2023-05-31,H_EMB,iShares Emerging Markets Bond ETF,Fixed Income & Liquid Credit,7.2966,synthetic_v1_dataset_generator
2023-05-31,H_ES_SHORT,S&P 500 Overlay Short Future,Global Public Equities,2.2033,synthetic_v1_dataset_generator
2023-05-31,H_EWJ,iShares MSCI Japan ETF,Global Public Equities,5.5142,synthetic_v1_dataset_generator
2023-05-31,H_EWS,iShares MSCI Singapore ETF,Global Public Equities,2.3554,synthetic_v1_dataset_generator
2023-05-31,H_EWY,iShares MSCI South Korea ETF,Global Public Equities,4.0736,synthetic_v1_dataset_generator
2023-05-31,H_GLD,SPDR Gold Shares,Hedge Funds / Absolute Return,8.5396,synthetic_v1_dataset_generator
2023-05-31,H_GMACRO,Global Macro Hedge Fund Sleeve,Hedge Funds / Absolute Return,15.8195,synthetic_v1_dataset_generator
2023-05-31,H_GOOGL,Alphabet Class A,Global Public Equities,6.6098,synthetic_v1_dataset_generator
2023-05-31,H_HSI_FUT,Hang Seng Index Tactical Long Future,Global Public Equities,2.2101,synthetic_v1_dataset_generator
2023-05-31,H_HSTECH,Hang Seng TECH ETF-style Exposure,Global Public Equities,8.8404,synthetic_v1_dataset_generator
2023-05-31,H_HYG,iShares High Yield Corporate Bond ETF,Fixed Income & Liquid Credit,8.2086,synthetic_v1_dataset_generator
2023-05-31,H_IGIB,iShares 5-10 Year Investment Grade Corporate Bond ETF,Fixed Income & Liquid Credit,10.9448,synthetic_v1_dataset_generator
2023-05-31,H_INDA,iShares MSCI India ETF,Global Public Equities,4.9672,synthetic_v1_dataset_generator
2023-05-31,H_JD,JD.com ADR,Global Public Equities,4.4202,synthetic_v1_dataset_generator
2023-05-31,H_LQD,iShares Investment Grade Corporate Bond ETF,Fixed Income & Liquid Credit,7.2966,synthetic_v1_dataset_generator
2023-05-31,H_MKTNEUT,Equity Market Neutral Fund Sleeve,Hedge Funds / Absolute Return,14.0617,synthetic_v1_dataset_generator
2023-05-31,H_MSFT,Microsoft,Global Public Equities,7.3442,synthetic_v1_dataset_generator
2023-05-31,H_NQ_SHORT,Nasdaq Overlay Short Future,Global Public Equities,1.4688,synthetic_v1_dataset_generator
2023-05-31,H_NVDA,NVIDIA,Global Public Equities,5.8754,synthetic_v1_dataset_generator
2023-05-31,H_PDD,PDD Holdings ADR,Global Public Equities,5.3043,synthetic_v1_dataset_generator
2023-05-31,H_PF_APAC_LOGISTICS,APAC Logistics Real Estate Fund,Real Estate,6.7313,synthetic_v1_dataset_generator
2023-05-31,H_PF_APEX_SECONDARIES_II,Apex Secondaries Fund II,Private Equity,15.6657,synthetic_v1_dataset_generator
2023-05-31,H_PF_ATLAS_COINV_I,Atlas Co-Investment Fund I,Private Equity,17.2323,synthetic_v1_dataset_generator
2023-05-31,H_PF_BLUE_HORIZON_III,Blue Horizon Ventures III,Venture Capital / Growth,13.8051,synthetic_v1_dataset_generator
2023-05-31,H_PF_CLIMATE_ALPHA,Climate Alpha Fund,Venture Capital / Growth,11.5042,synthetic_v1_dataset_generator
2023-05-31,H_PF_COVE_SPECIALTY_FIN,Cove Specialty Finance Fund,Private Credit,11.5076,synthetic_v1_dataset_generator
2023-05-31,H_PF_CRESCENT_DIRECT_LEND,Crescent Direct Lending Fund,Private Credit,16.4395,synthetic_v1_dataset_generator
2023-05-31,H_PF_DIGITAL_INFRA,Horizon Digital Infrastructure Fund,Infrastructure,6.6429,synthetic_v1_dataset_generator
2023-05-31,H_PF_DRAGONBRIDGE,DragonBridge Greater China Fund,Private Equity,21.932,synthetic_v1_dataset_generator
2023-05-31,H_PF_GLOBAL_GROWTH_II,Redwood Growth Fund II,Venture Capital / Growth,15.339,synthetic_v1_dataset_generator
2023-05-31,H_PF_HARBOR_PEAK_V,Harbor Peak Partners V,Private Equity,23.4985,synthetic_v1_dataset_generator
2023-05-31,H_PF_HARBOUR_CORE_RE,Harbour Core Real Estate Fund,Real Estate,16.8281,synthetic_v1_dataset_generator
2023-05-31,H_PF_HOME_MULTIFAMILY,HomeStone Multifamily Fund,Real Estate,10.0969,synthetic_v1_dataset_generator
2023-05-31,H_PF_INDIA_DIGITAL,Indigo India Digital Growth Fund,Venture Capital / Growth,9.2034,synthetic_v1_dataset_generator
2023-05-31,H_PF_INFRA_CORE,Evergreen Core Infrastructure Fund,Infrastructure,9.9643,synthetic_v1_dataset_generator
2023-05-31,H_PF_LIONROCK_CREDIT,LionRock Asia Private Credit Fund,Private Credit,13.5626,synthetic_v1_dataset_generator
2023-05-31,H_PF_METRO_LOGISTICS,Metro Logistics Fund,Real Estate,10.5176,synthetic_v1_dataset_generator
2023-05-31,H_PF_NORTHSTAR_IV,Northstar Buyout Fund IV,Private Equity,27.415,synthetic_v1_dataset_generator
2023-05-31,H_PF_RENEWABLES_II,SolarBridge Renewables Fund II,Infrastructure,8.3036,synthetic_v1_dataset_generator
2023-05-31,H_PF_SEEDSPRING_I,SeedSpring Southeast Asia VC Fund I,Venture Capital / Growth,7.6695,synthetic_v1_dataset_generator
2023-05-31,H_PF_SPRING_OPP_CREDIT,Spring Point Opportunistic Credit Fund,Private Credit,13.9735,synthetic_v1_dataset_generator
2023-05-31,H_QAI,Multi-Strategy Liquid Alternatives ETF Proxy,Hedge Funds / Absolute Return,6.152,synthetic_v1_dataset_generator
2023-05-31,H_QQQ,Invesco QQQ Trust,Global Public Equities,17.6261,synthetic_v1_dataset_generator
2023-05-31,H_SPY,SPDR S&P 500 ETF,Global Public Equities,29.3768,synthetic_v1_dataset_generator
2023-05-31,H_SPY_PUT,S&P 500 Protective Put Overlay,Global Public Equities,1.4688,synthetic_v1_dataset_generator
2023-05-31,H_TLT,iShares 20+ Year Treasury Bond ETF,Fixed Income & Liquid Credit,12.769,synthetic_v1_dataset_generator
2023-05-31,H_VNQ,US Listed REIT ETF Proxy,Hedge Funds / Absolute Return,5.2732,synthetic_v1_dataset_generator
2023-06-30,H_2800HK,Tracker Fund of Hong Kong ETF,Global Public Equities,10.8956,synthetic_v1_dataset_generator
2023-06-30,H_ACWI,iShares MSCI ACWI ETF,Global Public Equities,15.7651,synthetic_v1_dataset_generator
2023-06-30,H_AGG,iShares Core US Aggregate Bond ETF,Fixed Income & Liquid Credit,22.1608,synthetic_v1_dataset_generator
2023-06-30,H_BABA,Alibaba ADR,Global Public Equities,6.3558,synthetic_v1_dataset_generator
2023-06-30,H_BIL,SPDR 1-3 Month T-Bill ETF,Fixed Income & Liquid Credit,7.3869,synthetic_v1_dataset_generator
2023-06-30,H_BRKB,Berkshire Hathaway Class B,Global Public Equities,9.0786,synthetic_v1_dataset_generator
2023-06-30,H_CASH_HKD,HKD Working Capital,Cash & Liquidity,2.2958,synthetic_v1_dataset_generator
2023-06-30,H_CASH_JPY,JPY Treasury Buffer,Cash & Liquidity,1.5305,synthetic_v1_dataset_generator
2023-06-30,H_CASH_OPS_USD,USD Operating Cash,Cash & Liquidity,11.4788,synthetic_v1_dataset_generator
2023-06-30,H_CASH_RESERVE_USD,USD Liquidity Reserve,Cash & Liquidity,4.3046,synthetic_v1_dataset_generator
2023-06-30,H_CASH_SGD,SGD Near-Term Reserve,Cash & Liquidity,1.9131,synthetic_v1_dataset_generator
2023-06-30,H_CNYA,iShares MSCI China A ETF,Global Public Equities,7.2638,synthetic_v1_dataset_generator
2023-06-30,H_DBC,Broad Commodities ETF Proxy,Hedge Funds / Absolute Return,7.1431,synthetic_v1_dataset_generator
2023-06-30,H_DBMF,Managed Futures ETF Proxy,Hedge Funds / Absolute Return,8.9289,synthetic_v1_dataset_generator
2023-06-30,H_EEM,iShares MSCI Emerging Markets ETF,Global Public Equities,5.5178,synthetic_v1_dataset_generator
2023-06-30,H_EMB,iShares Emerging Markets Bond ETF,Fixed Income & Liquid Credit,7.3869,synthetic_v1_dataset_generator
2023-06-30,H_ES_SHORT,S&P 500 Overlay Short Future,Global Public Equities,2.2696,synthetic_v1_dataset_generator
2023-06-30,H_EWJ,iShares MSCI Japan ETF,Global Public Equities,5.6375,synthetic_v1_dataset_generator
2023-06-30,H_EWS,iShares MSCI Singapore ETF,Global Public Equities,2.3998,synthetic_v1_dataset_generator
2023-06-30,H_EWY,iShares MSCI South Korea ETF,Global Public Equities,4.1636,synthetic_v1_dataset_generator
2023-06-30,H_GLD,SPDR Gold Shares,Hedge Funds / Absolute Return,8.7407,synthetic_v1_dataset_generator
2023-06-30,H_GMACRO,Global Macro Hedge Fund Sleeve,Hedge Funds / Absolute Return,16.072,synthetic_v1_dataset_generator
2023-06-30,H_GOOGL,Alphabet Class A,Global Public Equities,6.8089,synthetic_v1_dataset_generator
2023-06-30,H_HSI_FUT,Hang Seng Index Tactical Long Future,Global Public Equities,2.2699,synthetic_v1_dataset_generator
2023-06-30,H_HSTECH,Hang Seng TECH ETF-style Exposure,Global Public Equities,9.0797,synthetic_v1_dataset_generator
2023-06-30,H_HYG,iShares High Yield Corporate Bond ETF,Fixed Income & Liquid Credit,8.3103,synthetic_v1_dataset_generator
2023-06-30,H_IGIB,iShares 5-10 Year Investment Grade Corporate Bond ETF,Fixed Income & Liquid Credit,11.0804,synthetic_v1_dataset_generator
2023-06-30,H_INDA,iShares MSCI India ETF,Global Public Equities,5.1344,synthetic_v1_dataset_generator
2023-06-30,H_JD,JD.com ADR,Global Public Equities,4.5399,synthetic_v1_dataset_generator
2023-06-30,H_LQD,iShares Investment Grade Corporate Bond ETF,Fixed Income & Liquid Credit,7.3869,synthetic_v1_dataset_generator
2023-06-30,H_MKTNEUT,Equity Market Neutral Fund Sleeve,Hedge Funds / Absolute Return,14.2862,synthetic_v1_dataset_generator
2023-06-30,H_MSFT,Microsoft,Global Public Equities,7.5655,synthetic_v1_dataset_generator
2023-06-30,H_NQ_SHORT,Nasdaq Overlay Short Future,Global Public Equities,1.5131,synthetic_v1_dataset_generator
2023-06-30,H_NVDA,NVIDIA,Global Public Equities,6.0524,synthetic_v1_dataset_generator
2023-06-30,H_PDD,PDD Holdings ADR,Global Public Equities,5.4478,synthetic_v1_dataset_generator
2023-06-30,H_PF_APAC_LOGISTICS,APAC Logistics Real Estate Fund,Real Estate,6.7921,synthetic_v1_dataset_generator
2023-06-30,H_PF_APEX_SECONDARIES_II,Apex Secondaries Fund II,Private Equity,15.8992,synthetic_v1_dataset_generator
2023-06-30,H_PF_ATLAS_COINV_I,Atlas Co-Investment Fund I,Private Equity,17.4891,synthetic_v1_dataset_generator
2023-06-30,H_PF_BLUE_HORIZON_III,Blue Horizon Ventures III,Venture Capital / Growth,14.0389,synthetic_v1_dataset_generator
2023-06-30,H_PF_CLIMATE_ALPHA,Climate Alpha Fund,Venture Capital / Growth,11.6991,synthetic_v1_dataset_generator
2023-06-30,H_PF_COVE_SPECIALTY_FIN,Cove Specialty Finance Fund,Private Credit,11.6076,synthetic_v1_dataset_generator
2023-06-30,H_PF_CRESCENT_DIRECT_LEND,Crescent Direct Lending Fund,Private Credit,16.5823,synthetic_v1_dataset_generator
2023-06-30,H_PF_DIGITAL_INFRA,Horizon Digital Infrastructure Fund,Infrastructure,6.6944,synthetic_v1_dataset_generator
2023-06-30,H_PF_DRAGONBRIDGE,DragonBridge Greater China Fund,Private Equity,22.2589,synthetic_v1_dataset_generator
2023-06-30,H_PF_GLOBAL_GROWTH_II,Redwood Growth Fund II,Venture Capital / Growth,15.5988,synthetic_v1_dataset_generator
2023-06-30,H_PF_HARBOR_PEAK_V,Harbor Peak Partners V,Private Equity,23.8488,synthetic_v1_dataset_generator
2023-06-30,H_PF_HARBOUR_CORE_RE,Harbour Core Real Estate Fund,Real Estate,16.9802,synthetic_v1_dataset_generator
2023-06-30,H_PF_HOME_MULTIFAMILY,HomeStone Multifamily Fund,Real Estate,10.1881,synthetic_v1_dataset_generator
2023-06-30,H_PF_INDIA_DIGITAL,Indigo India Digital Growth Fund,Venture Capital / Growth,9.3593,synthetic_v1_dataset_generator
2023-06-30,H_PF_INFRA_CORE,Evergreen Core Infrastructure Fund,Infrastructure,10.0416,synthetic_v1_dataset_generator
2023-06-30,H_PF_LIONROCK_CREDIT,LionRock Asia Private Credit Fund,Private Credit,13.6804,synthetic_v1_dataset_generator
2023-06-30,H_PF_METRO_LOGISTICS,Metro Logistics Fund,Real Estate,10.6126,synthetic_v1_dataset_generator
2023-06-30,H_PF_NORTHSTAR_IV,Northstar Buyout Fund IV,Private Equity,27.8236,synthetic_v1_dataset_generator
2023-06-30,H_PF_RENEWABLES_II,SolarBridge Renewables Fund II,Infrastructure,8.368,synthetic_v1_dataset_generator
2023-06-30,H_PF_SEEDSPRING_I,SeedSpring Southeast Asia VC Fund I,Venture Capital / Growth,7.7994,synthetic_v1_dataset_generator
2023-06-30,H_PF_SPRING_OPP_CREDIT,Spring Point Opportunistic Credit Fund,Private Credit,14.095,synthetic_v1_dataset_generator
2023-06-30,H_QAI,Multi-Strategy Liquid Alternatives ETF Proxy,Hedge Funds / Absolute Return,6.2502,synthetic_v1_dataset_generator
2023-06-30,H_QQQ,Invesco QQQ Trust,Global Public Equities,18.1571,synthetic_v1_dataset_generator
2023-06-30,H_SPY,SPDR S&P 500 ETF,Global Public Equities,30.2619,synthetic_v1_dataset_generator
2023-06-30,H_SPY_PUT,S&P 500 Protective Put Overlay,Global Public Equities,1.5131,synthetic_v1_dataset_generator
2023-06-30,H_TLT,iShares 20+ Year Treasury Bond ETF,Fixed Income & Liquid Credit,12.9271,synthetic_v1_dataset_generator
2023-06-30,H_VNQ,US Listed REIT ETF Proxy,Hedge Funds / Absolute Return,5.3573,synthetic_v1_dataset_generator
2023-07-31,H_2800HK,Tracker Fund of Hong Kong ETF,Global Public Equities,11.071,synthetic_v1_dataset_generator
2023-07-31,H_ACWI,iShares MSCI ACWI ETF,Global Public Equities,16.0633,synthetic_v1_dataset_generator
2023-07-31,H_AGG,iShares Core US Aggregate Bond ETF,Fixed Income & Liquid Credit,22.3694,synthetic_v1_dataset_generator
2023-07-31,H_BABA,Alibaba ADR,Global Public Equities,6.4581,synthetic_v1_dataset_generator
2023-07-31,H_BIL,SPDR 1-3 Month T-Bill ETF,Fixed Income & Liquid Credit,7.4565,synthetic_v1_dataset_generator
2023-07-31,H_BRKB,Berkshire Hathaway Class B,Global Public Equities,9.3073,synthetic_v1_dataset_generator
2023-07-31,H_CASH_HKD,HKD Working Capital,Cash & Liquidity,2.3036,synthetic_v1_dataset_generator
2023-07-31,H_CASH_JPY,JPY Treasury Buffer,Cash & Liquidity,1.5357,synthetic_v1_dataset_generator
2023-07-31,H_CASH_OPS_USD,USD Operating Cash,Cash & Liquidity,11.5181,synthetic_v1_dataset_generator
2023-07-31,H_CASH_RESERVE_USD,USD Liquidity Reserve,Cash & Liquidity,4.3193,synthetic_v1_dataset_generator
2023-07-31,H_CASH_SGD,SGD Near-Term Reserve,Cash & Liquidity,1.9197,synthetic_v1_dataset_generator
2023-07-31,H_CNYA,iShares MSCI China A ETF,Global Public Equities,7.3807,synthetic_v1_dataset_generator
2023-07-31,H_DBC,Broad Commodities ETF Proxy,Hedge Funds / Absolute Return,7.2235,synthetic_v1_dataset_generator
2023-07-31,H_DBMF,Managed Futures ETF Proxy,Hedge Funds / Absolute Return,9.0294,synthetic_v1_dataset_generator
2023-07-31,H_EEM,iShares MSCI Emerging Markets ETF,Global Public Equities,5.6222,synthetic_v1_dataset_generator
2023-07-31,H_EMB,iShares Emerging Markets Bond ETF,Fixed Income & Liquid Credit,7.4565,synthetic_v1_dataset_generator
2023-07-31,H_ES_SHORT,S&P 500 Overlay Short Future,Global Public Equities,2.3268,synthetic_v1_dataset_generator
2023-07-31,H_EWJ,iShares MSCI Japan ETF,Global Public Equities,5.7286,synthetic_v1_dataset_generator
2023-07-31,H_EWS,iShares MSCI Singapore ETF,Global Public Equities,2.4245,synthetic_v1_dataset_generator
2023-07-31,H_EWY,iShares MSCI South Korea ETF,Global Public Equities,4.2211,synthetic_v1_dataset_generator
2023-07-31,H_GLD,SPDR Gold Shares,Hedge Funds / Absolute Return,8.9054,synthetic_v1_dataset_generator
2023-07-31,H_GMACRO,Global Macro Hedge Fund Sleeve,Hedge Funds / Absolute Return,16.2529,synthetic_v1_dataset_generator
2023-07-31,H_GOOGL,Alphabet Class A,Global Public Equities,6.9805,synthetic_v1_dataset_generator
2023-07-31,H_HSI_FUT,Hang Seng Index Tactical Long Future,Global Public Equities,2.3065,synthetic_v1_dataset_generator
2023-07-31,H_HSTECH,Hang Seng TECH ETF-style Exposure,Global Public Equities,9.2258,synthetic_v1_dataset_generator
2023-07-31,H_HYG,iShares High Yield Corporate Bond ETF,Fixed Income & Liquid Credit,8.3885,synthetic_v1_dataset_generator
2023-07-31,H_IGIB,iShares 5-10 Year Investment Grade Corporate Bond ETF,Fixed Income & Liquid Credit,11.1847,synthetic_v1_dataset_generator
2023-07-31,H_INDA,iShares MSCI India ETF,Global Public Equities,5.2715,synthetic_v1_dataset_generator
2023-07-31,H_JD,JD.com ADR,Global Public Equities,4.6129,synthetic_v1_dataset_generator
2023-07-31,H_LQD,iShares Investment Grade Corporate Bond ETF,Fixed Income & Liquid Credit,7.4565,synthetic_v1_dataset_generator
2023-07-31,H_MKTNEUT,Equity Market Neutral Fund Sleeve,Hedge Funds / Absolute Return,14.447,synthetic_v1_dataset_generator
2023-07-31,H_MSFT,Microsoft,Global Public Equities,7.7561,synthetic_v1_dataset_generator
2023-07-31,H_NQ_SHORT,Nasdaq Overlay Short Future,Global Public Equities,1.5512,synthetic_v1_dataset_generator
2023-07-31,H_NVDA,NVIDIA,Global Public Equities,6.2049,synthetic_v1_dataset_generator
2023-07-31,H_PDD,PDD Holdings ADR,Global Public Equities,5.5355,synthetic_v1_dataset_generator
2023-07-31,H_PF_APAC_LOGISTICS,APAC Logistics Real Estate Fund,Real Estate,6.8377,synthetic_v1_dataset_generator
2023-07-31,H_PF_APEX_SECONDARIES_II,Apex Secondaries Fund II,Private Equity,16.1122,synthetic_v1_dataset_generator
2023-07-31,H_PF_ATLAS_COINV_I,Atlas Co-Investment Fund I,Private Equity,17.7235,synthetic_v1_dataset_generator
2023-07-31,H_PF_BLUE_HORIZON_III,Blue Horizon Ventures III,Venture Capital / Growth,14.2323,synthetic_v1_dataset_generator
2023-07-31,H_PF_CLIMATE_ALPHA,Climate Alpha Fund,Venture Capital / Growth,11.8603,synthetic_v1_dataset_generator
2023-07-31,H_PF_COVE_SPECIALTY_FIN,Cove Specialty Finance Fund,Private Credit,11.6915,synthetic_v1_dataset_generator
2023-07-31,H_PF_CRESCENT_DIRECT_LEND,Crescent Direct Lending Fund,Private Credit,16.7021,synthetic_v1_dataset_generator
2023-07-31,H_PF_DIGITAL_INFRA,Horizon Digital Infrastructure Fund,Infrastructure,6.7323,synthetic_v1_dataset_generator
2023-07-31,H_PF_DRAGONBRIDGE,DragonBridge Greater China Fund,Private Equity,22.5571,synthetic_v1_dataset_generator
2023-07-31,H_PF_GLOBAL_GROWTH_II,Redwood Growth Fund II,Venture Capital / Growth,15.8137,synthetic_v1_dataset_generator
2023-07-31,H_PF_HARBOR_PEAK_V,Harbor Peak Partners V,Private Equity,24.1684,synthetic_v1_dataset_generator
2023-07-31,H_PF_HARBOUR_CORE_RE,Harbour Core Real Estate Fund,Real Estate,17.0943,synthetic_v1_dataset_generator
2023-07-31,H_PF_HOME_MULTIFAMILY,HomeStone Multifamily Fund,Real Estate,10.2566,synthetic_v1_dataset_generator
2023-07-31,H_PF_INDIA_DIGITAL,Indigo India Digital Growth Fund,Venture Capital / Growth,9.4882,synthetic_v1_dataset_generator
2023-07-31,H_PF_INFRA_CORE,Evergreen Core Infrastructure Fund,Infrastructure,10.0984,synthetic_v1_dataset_generator
2023-07-31,H_PF_LIONROCK_CREDIT,LionRock Asia Private Credit Fund,Private Credit,13.7793,synthetic_v1_dataset_generator
2023-07-31,H_PF_METRO_LOGISTICS,Metro Logistics Fund,Real Estate,10.6839,synthetic_v1_dataset_generator
2023-07-31,H_PF_NORTHSTAR_IV,Northstar Buyout Fund IV,Private Equity,28.1964,synthetic_v1_dataset_generator
2023-07-31,H_PF_RENEWABLES_II,SolarBridge Renewables Fund II,Infrastructure,8.4154,synthetic_v1_dataset_generator
2023-07-31,H_PF_SEEDSPRING_I,SeedSpring Southeast Asia VC Fund I,Venture Capital / Growth,7.9068,synthetic_v1_dataset_generator
2023-07-31,H_PF_SPRING_OPP_CREDIT,Spring Point Opportunistic Credit Fund,Private Credit,14.1968,synthetic_v1_dataset_generator
2023-07-31,H_QAI,Multi-Strategy Liquid Alternatives ETF Proxy,Hedge Funds / Absolute Return,6.3206,synthetic_v1_dataset_generator
2023-07-31,H_QQQ,Invesco QQQ Trust,Global Public Equities,18.6146,synthetic_v1_dataset_generator
2023-07-31,H_SPY,SPDR S&P 500 ETF,Global Public Equities,31.0243,synthetic_v1_dataset_generator
2023-07-31,H_SPY_PUT,S&P 500 Protective Put Overlay,Global Public Equities,1.5512,synthetic_v1_dataset_generator
2023-07-31,H_TLT,iShares 20+ Year Treasury Bond ETF,Fixed Income & Liquid Credit,13.0488,synthetic_v1_dataset_generator
2023-07-31,H_VNQ,US Listed REIT ETF Proxy,Hedge Funds / Absolute Return,5.4176,synthetic_v1_dataset_generator
2023-08-31,H_2800HK,Tracker Fund of Hong Kong ETF,Global Public Equities,11.1312,synthetic_v1_dataset_generator
2023-08-31,H_ACWI,iShares MSCI ACWI ETF,Global Public Equities,16.2789,synthetic_v1_dataset_generator
2023-08-31,H_AGG,iShares Core US Aggregate Bond ETF,Fixed Income & Liquid Credit,22.51,synthetic_v1_dataset_generator
2023-08-31,H_BABA,Alibaba ADR,Global Public Equities,6.4932,synthetic_v1_dataset_generator
2023-08-31,H_BIL,SPDR 1-3 Month T-Bill ETF,Fixed Income & Liquid Credit,7.5033,synthetic_v1_dataset_generator
2023-08-31,H_BRKB,Berkshire Hathaway Class B,Global Public Equities,9.4906,synthetic_v1_dataset_generator
2023-08-31,H_CASH_HKD,HKD Working Capital,Cash & Liquidity,2.3101,synthetic_v1_dataset_generator
2023-08-31,H_CASH_JPY,JPY Treasury Buffer,Cash & Liquidity,1.5401,synthetic_v1_dataset_generator
2023-08-31,H_CASH_OPS_USD,USD Operating Cash,Cash & Liquidity,11.5506,synthetic_v1_dataset_generator
2023-08-31,H_CASH_RESERVE_USD,USD Liquidity Reserve,Cash & Liquidity,4.3315,synthetic_v1_dataset_generator
2023-08-31,H_CASH_SGD,SGD Near-Term Reserve,Cash & Liquidity,1.9251,synthetic_v1_dataset_generator
2023-08-31,H_CNYA,iShares MSCI China A ETF,Global Public Equities,7.4208,synthetic_v1_dataset_generator
2023-08-31,H_DBC,Broad Commodities ETF Proxy,Hedge Funds / Absolute Return,7.271,synthetic_v1_dataset_generator
2023-08-31,H_DBMF,Managed Futures ETF Proxy,Hedge Funds / Absolute Return,9.0887,synthetic_v1_dataset_generator
2023-08-31,H_EEM,iShares MSCI Emerging Markets ETF,Global Public Equities,5.6976,synthetic_v1_dataset_generator
2023-08-31,H_EMB,iShares Emerging Markets Bond ETF,Fixed Income & Liquid Credit,7.5033,synthetic_v1_dataset_generator
2023-08-31,H_ES_SHORT,S&P 500 Overlay Short Future,Global Public Equities,2.3726,synthetic_v1_dataset_generator
2023-08-31,H_EWJ,iShares MSCI Japan ETF,Global Public Equities,5.7848,synthetic_v1_dataset_generator
2023-08-31,H_EWS,iShares MSCI Singapore ETF,Global Public Equities,2.4303,synthetic_v1_dataset_generator
2023-08-31,H_EWY,iShares MSCI South Korea ETF,Global Public Equities,4.2454,synthetic_v1_dataset_generator
2023-08-31,H_GLD,SPDR Gold Shares,Hedge Funds / Absolute Return,9.0257,synthetic_v1_dataset_generator
2023-08-31,H_GMACRO,Global Macro Hedge Fund Sleeve,Hedge Funds / Absolute Return,16.3597,synthetic_v1_dataset_generator
2023-08-31,H_GOOGL,Alphabet Class A,Global Public Equities,7.1179,synthetic_v1_dataset_generator
2023-08-31,H_HSI_FUT,Hang Seng Index Tactical Long Future,Global Public Equities,2.319,synthetic_v1_dataset_generator
2023-08-31,H_HSTECH,Hang Seng TECH ETF-style Exposure,Global Public Equities,9.276,synthetic_v1_dataset_generator
2023-08-31,H_HYG,iShares High Yield Corporate Bond ETF,Fixed Income & Liquid Credit,8.4412,synthetic_v1_dataset_generator
2023-08-31,H_IGIB,iShares 5-10 Year Investment Grade Corporate Bond ETF,Fixed Income & Liquid Credit,11.255,synthetic_v1_dataset_generator
2023-08-31,H_INDA,iShares MSCI India ETF,Global Public Equities,5.3739,synthetic_v1_dataset_generator
2023-08-31,H_JD,JD.com ADR,Global Public Equities,4.638,synthetic_v1_dataset_generator
2023-08-31,H_LQD,iShares Investment Grade Corporate Bond ETF,Fixed Income & Liquid Credit,7.5033,synthetic_v1_dataset_generator
2023-08-31,H_MKTNEUT,Equity Market Neutral Fund Sleeve,Hedge Funds / Absolute Return,14.542,synthetic_v1_dataset_generator
2023-08-31,H_MSFT,Microsoft,Global Public Equities,7.9088,synthetic_v1_dataset_generator
2023-08-31,H_NQ_SHORT,Nasdaq Overlay Short Future,Global Public Equities,1.5818,synthetic_v1_dataset_generator
2023-08-31,H_NVDA,NVIDIA,Global Public Equities,6.3271,synthetic_v1_dataset_generator
2023-08-31,H_PDD,PDD Holdings ADR,Global Public Equities,5.5656,synthetic_v1_dataset_generator
2023-08-31,H_PF_APAC_LOGISTICS,APAC Logistics Real Estate Fund,Real Estate,6.8683,synthetic_v1_dataset_generator
2023-08-31,H_PF_APEX_SECONDARIES_II,Apex Secondaries Fund II,Private Equity,16.298,synthetic_v1_dataset_generator
2023-08-31,H_PF_ATLAS_COINV_I,Atlas Co-Investment Fund I,Private Equity,17.9278,synthetic_v1_dataset_generator
2023-08-31,H_PF_BLUE_HORIZON_III,Blue Horizon Ventures III,Venture Capital / Growth,14.3821,synthetic_v1_dataset_generator
2023-08-31,H_PF_CLIMATE_ALPHA,Climate Alpha Fund,Venture Capital / Growth,11.9851,synthetic_v1_dataset_generator
2023-08-31,H_PF_COVE_SPECIALTY_FIN,Cove Specialty Finance Fund,Private Credit,11.7599,synthetic_v1_dataset_generator
2023-08-31,H_PF_CRESCENT_DIRECT_LEND,Crescent Direct Lending Fund,Private Credit,16.7999,synthetic_v1_dataset_generator
2023-08-31,H_PF_DIGITAL_INFRA,Horizon Digital Infrastructure Fund,Infrastructure,6.7578,synthetic_v1_dataset_generator
2023-08-31,H_PF_DRAGONBRIDGE,DragonBridge Greater China Fund,Private Equity,22.8172,synthetic_v1_dataset_generator
2023-08-31,H_PF_GLOBAL_GROWTH_II,Redwood Growth Fund II,Venture Capital / Growth,15.9801,synthetic_v1_dataset_generator
2023-08-31,H_PF_HARBOR_PEAK_V,Harbor Peak Partners V,Private Equity,24.447,synthetic_v1_dataset_generator
2023-08-31,H_PF_HARBOUR_CORE_RE,Harbour Core Real Estate Fund,Real Estate,17.1708,synthetic_v1_dataset_generator
2023-08-31,H_PF_HOME_MULTIFAMILY,HomeStone Multifamily Fund,Real Estate,10.3025,synthetic_v1_dataset_generator
2023-08-31,H_PF_INDIA_DIGITAL,Indigo India Digital Growth Fund,Venture Capital / Growth,9.5881,synthetic_v1_dataset_generator
2023-08-31,H_PF_INFRA_CORE,Evergreen Core Infrastructure Fund,Infrastructure,10.1366,synthetic_v1_dataset_generator
2023-08-31,H_PF_LIONROCK_CREDIT,LionRock Asia Private Credit Fund,Private Credit,13.8599,synthetic_v1_dataset_generator
2023-08-31,H_PF_METRO_LOGISTICS,Metro Logistics Fund,Real Estate,10.7317,synthetic_v1_dataset_generator
2023-08-31,H_PF_NORTHSTAR_IV,Northstar Buyout Fund IV,Private Equity,28.5215,synthetic_v1_dataset_generator
2023-08-31,H_PF_RENEWABLES_II,SolarBridge Renewables Fund II,Infrastructure,8.4472,synthetic_v1_dataset_generator
2023-08-31,H_PF_SEEDSPRING_I,SeedSpring Southeast Asia VC Fund I,Venture Capital / Growth,7.99,synthetic_v1_dataset_generator
2023-08-31,H_PF_SPRING_OPP_CREDIT,Spring Point Opportunistic Credit Fund,Private Credit,14.2799,synthetic_v1_dataset_generator
2023-08-31,H_QAI,Multi-Strategy Liquid Alternatives ETF Proxy,Hedge Funds / Absolute Return,6.3621,synthetic_v1_dataset_generator
2023-08-31,H_QQQ,Invesco QQQ Trust,Global Public Equities,18.9812,synthetic_v1_dataset_generator
2023-08-31,H_SPY,SPDR S&P 500 ETF,Global Public Equities,31.6353,synthetic_v1_dataset_generator
2023-08-31,H_SPY_PUT,S&P 500 Protective Put Overlay,Global Public Equities,1.5818,synthetic_v1_dataset_generator
2023-08-31,H_TLT,iShares 20+ Year Treasury Bond ETF,Fixed Income & Liquid Credit,13.1308,synthetic_v1_dataset_generator
2023-08-31,H_VNQ,US Listed REIT ETF Proxy,Hedge Funds / Absolute Return,5.4532,synthetic_v1_dataset_generator
2023-09-30,H_2800HK,Tracker Fund of Hong Kong ETF,Global Public Equities,11.0851,synthetic_v1_dataset_generator
2023-09-30,H_ACWI,iShares MSCI ACWI ETF,Global Public Equities,16.409,synthetic_v1_dataset_generator
2023-09-30,H_AGG,iShares Core US Aggregate Bond ETF,Fixed Income & Liquid Credit,22.5825,synthetic_v1_dataset_generator
2023-09-30,H_BABA,Alibaba ADR,Global Public Equities,6.4663,synthetic_v1_dataset_generator
2023-09-30,H_BIL,SPDR 1-3 Month T-Bill ETF,Fixed Income & Liquid Credit,7.5275,synthetic_v1_dataset_generator
2023-09-30,H_BRKB,Berkshire Hathaway Class B,Global Public Equities,9.6232,synthetic_v1_dataset_generator
2023-09-30,H_CASH_HKD,HKD Working Capital,Cash & Liquidity,2.3149,synthetic_v1_dataset_generator
2023-09-30,H_CASH_JPY,JPY Treasury Buffer,Cash & Liquidity,1.5433,synthetic_v1_dataset_generator
2023-09-30,H_CASH_OPS_USD,USD Operating Cash,Cash & Liquidity,11.5747,synthetic_v1_dataset_generator
2023-09-30,H_CASH_RESERVE_USD,USD Liquidity Reserve,Cash & Liquidity,4.3405,synthetic_v1_dataset_generator
2023-09-30,H_CASH_SGD,SGD Near-Term Reserve,Cash & Liquidity,1.9291,synthetic_v1_dataset_generator
2023-09-30,H_CNYA,iShares MSCI China A ETF,Global Public Equities,7.3901,synthetic_v1_dataset_generator
2023-09-30,H_DBC,Broad Commodities ETF Proxy,Hedge Funds / Absolute Return,7.2873,synthetic_v1_dataset_generator
2023-09-30,H_DBMF,Managed Futures ETF Proxy,Hedge Funds / Absolute Return,9.1091,synthetic_v1_dataset_generator
2023-09-30,H_EEM,iShares MSCI Emerging Markets ETF,Global Public Equities,5.7431,synthetic_v1_dataset_generator
2023-09-30,H_EMB,iShares Emerging Markets Bond ETF,Fixed Income & Liquid Credit,7.5275,synthetic_v1_dataset_generator
2023-09-30,H_ES_SHORT,S&P 500 Overlay Short Future,Global Public Equities,2.4058,synthetic_v1_dataset_generator
2023-09-30,H_EWJ,iShares MSCI Japan ETF,Global Public Equities,5.8068,synthetic_v1_dataset_generator
2023-09-30,H_EWS,iShares MSCI Singapore ETF,Global Public Equities,2.4202,synthetic_v1_dataset_generator
2023-09-30,H_EWY,iShares MSCI South Korea ETF,Global Public Equities,4.2394,synthetic_v1_dataset_generator
2023-09-30,H_GLD,SPDR Gold Shares,Hedge Funds / Absolute Return,9.0972,synthetic_v1_dataset_generator
2023-09-30,H_GMACRO,Global Macro Hedge Fund Sleeve,Hedge Funds / Absolute Return,16.3964,synthetic_v1_dataset_generator
2023-09-30,H_GOOGL,Alphabet Class A,Global Public Equities,7.2174,synthetic_v1_dataset_generator
2023-09-30,H_HSI_FUT,Hang Seng Index Tactical Long Future,Global Public Equities,2.3094,synthetic_v1_dataset_generator
2023-09-30,H_HSTECH,Hang Seng TECH ETF-style Exposure,Global Public Equities,9.2376,synthetic_v1_dataset_generator
2023-09-30,H_HYG,iShares High Yield Corporate Bond ETF,Fixed Income & Liquid Credit,8.4684,synthetic_v1_dataset_generator
2023-09-30,H_IGIB,iShares 5-10 Year Investment Grade Corporate Bond ETF,Fixed Income & Liquid Credit,11.2913,synthetic_v1_dataset_generator
2023-09-30,H_INDA,iShares MSCI India ETF,Global Public Equities,5.4396,synthetic_v1_dataset_generator
2023-09-30,H_JD,JD.com ADR,Global Public Equities,4.6188,synthetic_v1_dataset_generator
2023-09-30,H_LQD,iShares Investment Grade Corporate Bond ETF,Fixed Income & Liquid Credit,7.5275,synthetic_v1_dataset_generator
2023-09-30,H_MKTNEUT,Equity Market Neutral Fund Sleeve,Hedge Funds / Absolute Return,14.5746,synthetic_v1_dataset_generator
2023-09-30,H_MSFT,Microsoft,Global Public Equities,8.0194,synthetic_v1_dataset_generator
2023-09-30,H_NQ_SHORT,Nasdaq Overlay Short Future,Global Public Equities,1.6039,synthetic_v1_dataset_generator
2023-09-30,H_NVDA,NVIDIA,Global Public Equities,6.4155,synthetic_v1_dataset_generator
2023-09-30,H_PDD,PDD Holdings ADR,Global Public Equities,5.5426,synthetic_v1_dataset_generator
2023-09-30,H_PF_APAC_LOGISTICS,APAC Logistics Real Estate Fund,Real Estate,6.8854,synthetic_v1_dataset_generator
2023-09-30,H_PF_APEX_SECONDARIES_II,Apex Secondaries Fund II,Private Equity,16.4516,synthetic_v1_dataset_generator
2023-09-30,H_PF_ATLAS_COINV_I,Atlas Co-Investment Fund I,Private Equity,18.0967,synthetic_v1_dataset_generator
2023-09-30,H_PF_BLUE_HORIZON_III,Blue Horizon Ventures III,Venture Capital / Growth,14.4886,synthetic_v1_dataset_generator
2023-09-30,H_PF_CLIMATE_ALPHA,Climate Alpha Fund,Venture Capital / Growth,12.0738,synthetic_v1_dataset_generator
2023-09-30,H_PF_COVE_SPECIALTY_FIN,Cove Specialty Finance Fund,Private Credit,11.8148,synthetic_v1_dataset_generator
2023-09-30,H_PF_CRESCENT_DIRECT_LEND,Crescent Direct Lending Fund,Private Credit,16.8783,synthetic_v1_dataset_generator
2023-09-30,H_PF_DIGITAL_INFRA,Horizon Digital Infrastructure Fund,Infrastructure,6.7731,synthetic_v1_dataset_generator
2023-09-30,H_PF_DRAGONBRIDGE,DragonBridge Greater China Fund,Private Equity,23.0322,synthetic_v1_dataset_generator
2023-09-30,H_PF_GLOBAL_GROWTH_II,Redwood Growth Fund II,Venture Capital / Growth,16.0984,synthetic_v1_dataset_generator
2023-09-30,H_PF_HARBOR_PEAK_V,Harbor Peak Partners V,Private Equity,24.6774,synthetic_v1_dataset_generator
2023-09-30,H_PF_HARBOUR_CORE_RE,Harbour Core Real Estate Fund,Real Estate,17.2135,synthetic_v1_dataset_generator
2023-09-30,H_PF_HOME_MULTIFAMILY,HomeStone Multifamily Fund,Real Estate,10.3281,synthetic_v1_dataset_generator
2023-09-30,H_PF_INDIA_DIGITAL,Indigo India Digital Growth Fund,Venture Capital / Growth,9.659,synthetic_v1_dataset_generator
2023-09-30,H_PF_INFRA_CORE,Evergreen Core Infrastructure Fund,Infrastructure,10.1597,synthetic_v1_dataset_generator
2023-09-30,H_PF_LIONROCK_CREDIT,LionRock Asia Private Credit Fund,Private Credit,13.9246,synthetic_v1_dataset_generator
2023-09-30,H_PF_METRO_LOGISTICS,Metro Logistics Fund,Real Estate,10.7585,synthetic_v1_dataset_generator
2023-09-30,H_PF_NORTHSTAR_IV,Northstar Buyout Fund IV,Private Equity,28.7903,synthetic_v1_dataset_generator
2023-09-30,H_PF_RENEWABLES_II,SolarBridge Renewables Fund II,Infrastructure,8.4664,synthetic_v1_dataset_generator
2023-09-30,H_PF_SEEDSPRING_I,SeedSpring Southeast Asia VC Fund I,Venture Capital / Growth,8.0492,synthetic_v1_dataset_generator
2023-09-30,H_PF_SPRING_OPP_CREDIT,Spring Point Opportunistic Credit Fund,Private Credit,14.3465,synthetic_v1_dataset_generator
2023-09-30,H_QAI,Multi-Strategy Liquid Alternatives ETF Proxy,Hedge Funds / Absolute Return,6.3764,synthetic_v1_dataset_generator
2023-09-30,H_QQQ,Invesco QQQ Trust,Global Public Equities,19.2465,synthetic_v1_dataset_generator
2023-09-30,H_SPY,SPDR S&P 500 ETF,Global Public Equities,32.0774,synthetic_v1_dataset_generator
2023-09-30,H_SPY_PUT,S&P 500 Protective Put Overlay,Global Public Equities,1.6039,synthetic_v1_dataset_generator
2023-09-30,H_TLT,iShares 20+ Year Treasury Bond ETF,Fixed Income & Liquid Credit,13.1731,synthetic_v1_dataset_generator
2023-09-30,H_VNQ,US Listed REIT ETF Proxy,Hedge Funds / Absolute Return,5.4655,synthetic_v1_dataset_generator
2023-10-31,H_2800HK,Tracker Fund of Hong Kong ETF,Global Public Equities,10.9485,synthetic_v1_dataset_generator
2023-10-31,H_ACWI,iShares MSCI ACWI ETF,Global Public Equities,16.4551,synthetic_v1_dataset_generator
2023-10-31,H_AGG,iShares Core US Aggregate Bond ETF,Fixed Income & Liquid Credit,22.5893,synthetic_v1_dataset_generator
2023-10-31,H_BABA,Alibaba ADR,Global Public Equities,6.3866,synthetic_v1_dataset_generator
2023-10-31,H_BIL,SPDR 1-3 Month T-Bill ETF,Fixed Income & Liquid Credit,7.5298,synthetic_v1_dataset_generator
2023-10-31,H_BRKB,Berkshire Hathaway Class B,Global Public Equities,9.7017,synthetic_v1_dataset_generator
2023-10-31,H_CASH_HKD,HKD Working Capital,Cash & Liquidity,2.3179,synthetic_v1_dataset_generator
2023-10-31,H_CASH_JPY,JPY Treasury Buffer,Cash & Liquidity,1.5453,synthetic_v1_dataset_generator
2023-10-31,H_CASH_OPS_USD,USD Operating Cash,Cash & Liquidity,11.5894,synthetic_v1_dataset_generator
2023-10-31,H_CASH_RESERVE_USD,USD Liquidity Reserve,Cash & Liquidity,4.346,synthetic_v1_dataset_generator
2023-10-31,H_CASH_SGD,SGD Near-Term Reserve,Cash & Liquidity,1.9316,synthetic_v1_dataset_generator
2023-10-31,H_CNYA,iShares MSCI China A ETF,Global Public Equities,7.299,synthetic_v1_dataset_generator
2023-10-31,H_DBC,Broad Commodities ETF Proxy,Hedge Funds / Absolute Return,7.2753,synthetic_v1_dataset_generator
2023-10-31,H_DBMF,Managed Futures ETF Proxy,Hedge Funds / Absolute Return,9.0941,synthetic_v1_dataset_generator
2023-10-31,H_EEM,iShares MSCI Emerging Markets ETF,Global Public Equities,5.7593,synthetic_v1_dataset_generator
2023-10-31,H_EMB,iShares Emerging Markets Bond ETF,Fixed Income & Liquid Credit,7.5298,synthetic_v1_dataset_generator
2023-10-31,H_ES_SHORT,S&P 500 Overlay Short Future,Global Public Equities,2.4254,synthetic_v1_dataset_generator
2023-10-31,H_EWJ,iShares MSCI Japan ETF,Global Public Equities,5.7977,synthetic_v1_dataset_generator
2023-10-31,H_EWS,iShares MSCI Singapore ETF,Global Public Equities,2.3978,synthetic_v1_dataset_generator
2023-10-31,H_EWY,iShares MSCI South Korea ETF,Global Public Equities,4.2078,synthetic_v1_dataset_generator
2023-10-31,H_GLD,SPDR Gold Shares,Hedge Funds / Absolute Return,9.1182,synthetic_v1_dataset_generator
2023-10-31,H_GMACRO,Global Macro Hedge Fund Sleeve,Hedge Funds / Absolute Return,16.3695,synthetic_v1_dataset_generator
2023-10-31,H_GOOGL,Alphabet Class A,Global Public Equities,7.2763,synthetic_v1_dataset_generator
2023-10-31,H_HSI_FUT,Hang Seng Index Tactical Long Future,Global Public Equities,2.2809,synthetic_v1_dataset_generator
2023-10-31,H_HSTECH,Hang Seng TECH ETF-style Exposure,Global Public Equities,9.1237,synthetic_v1_dataset_generator
2023-10-31,H_HYG,iShares High Yield Corporate Bond ETF,Fixed Income & Liquid Credit,8.471,synthetic_v1_dataset_generator
2023-10-31,H_IGIB,iShares 5-10 Year Investment Grade Corporate Bond ETF,Fixed Income & Liquid Credit,11.2947,synthetic_v1_dataset_generator
2023-10-31,H_INDA,iShares MSCI India ETF,Global Public Equities,5.4686,synthetic_v1_dataset_generator
2023-10-31,H_JD,JD.com ADR,Global Public Equities,4.5619,synthetic_v1_dataset_generator
2023-10-31,H_LQD,iShares Investment Grade Corporate Bond ETF,Fixed Income & Liquid Credit,7.5298,synthetic_v1_dataset_generator
2023-10-31,H_MKTNEUT,Equity Market Neutral Fund Sleeve,Hedge Funds / Absolute Return,14.5506,synthetic_v1_dataset_generator
2023-10-31,H_MSFT,Microsoft,Global Public Equities,8.0848,synthetic_v1_dataset_generator
2023-10-31,H_NQ_SHORT,Nasdaq Overlay Short Future,Global Public Equities,1.617,synthetic_v1_dataset_generator
2023-10-31,H_NVDA,NVIDIA,Global Public Equities,6.4678,synthetic_v1_dataset_generator
2023-10-31,H_PDD,PDD Holdings ADR,Global Public Equities,5.4742,synthetic_v1_dataset_generator
2023-10-31,H_PF_APAC_LOGISTICS,APAC Logistics Real Estate Fund,Real Estate,6.8913,synthetic_v1_dataset_generator
2023-10-31,H_PF_APEX_SECONDARIES_II,Apex Secondaries Fund II,Private Equity,16.5697,synthetic_v1_dataset_generator
2023-10-31,H_PF_ATLAS_COINV_I,Atlas Co-Investment Fund I,Private Equity,18.2266,synthetic_v1_dataset_generator
2023-10-31,H_PF_BLUE_HORIZON_III,Blue Horizon Ventures III,Venture Capital / Growth,14.5539,synthetic_v1_dataset_generator
2023-10-31,H_PF_CLIMATE_ALPHA,Climate Alpha Fund,Venture Capital / Growth,12.1282,synthetic_v1_dataset_generator
2023-10-31,H_PF_COVE_SPECIALTY_FIN,Cove Specialty Finance Fund,Private Credit,11.8582,synthetic_v1_dataset_generator
2023-10-31,H_PF_CRESCENT_DIRECT_LEND,Crescent Direct Lending Fund,Private Credit,16.9403,synthetic_v1_dataset_generator
2023-10-31,H_PF_DIGITAL_INFRA,Horizon Digital Infrastructure Fund,Infrastructure,6.7809,synthetic_v1_dataset_generator
2023-10-31,H_PF_DRAGONBRIDGE,DragonBridge Greater China Fund,Private Equity,23.1976,synthetic_v1_dataset_generator
2023-10-31,H_PF_GLOBAL_GROWTH_II,Redwood Growth Fund II,Venture Capital / Growth,16.171,synthetic_v1_dataset_generator
2023-10-31,H_PF_HARBOR_PEAK_V,Harbor Peak Partners V,Private Equity,24.8545,synthetic_v1_dataset_generator
2023-10-31,H_PF_HARBOUR_CORE_RE,Harbour Core Real Estate Fund,Real Estate,17.2282,synthetic_v1_dataset_generator
2023-10-31,H_PF_HOME_MULTIFAMILY,HomeStone Multifamily Fund,Real Estate,10.3369,synthetic_v1_dataset_generator
2023-10-31,H_PF_INDIA_DIGITAL,Indigo India Digital Growth Fund,Venture Capital / Growth,9.7026,synthetic_v1_dataset_generator
2023-10-31,H_PF_INFRA_CORE,Evergreen Core Infrastructure Fund,Infrastructure,10.1714,synthetic_v1_dataset_generator
2023-10-31,H_PF_LIONROCK_CREDIT,LionRock Asia Private Credit Fund,Private Credit,13.9757,synthetic_v1_dataset_generator
2023-10-31,H_PF_METRO_LOGISTICS,Metro Logistics Fund,Real Estate,10.7676,synthetic_v1_dataset_generator
2023-10-31,H_PF_NORTHSTAR_IV,Northstar Buyout Fund IV,Private Equity,28.9969,synthetic_v1_dataset_generator
2023-10-31,H_PF_RENEWABLES_II,SolarBridge Renewables Fund II,Infrastructure,8.4762,synthetic_v1_dataset_generator
2023-10-31,H_PF_SEEDSPRING_I,SeedSpring Southeast Asia VC Fund I,Venture Capital / Growth,8.0855,synthetic_v1_dataset_generator
2023-10-31,H_PF_SPRING_OPP_CREDIT,Spring Point Opportunistic Credit Fund,Private Credit,14.3992,synthetic_v1_dataset_generator
2023-10-31,H_QAI,Multi-Strategy Liquid Alternatives ETF Proxy,Hedge Funds / Absolute Return,6.3659,synthetic_v1_dataset_generator
2023-10-31,H_QQQ,Invesco QQQ Trust,Global Public Equities,19.4034,synthetic_v1_dataset_generator
2023-10-31,H_SPY,SPDR S&P 500 ETF,Global Public Equities,32.3391,synthetic_v1_dataset_generator
2023-10-31,H_SPY_PUT,S&P 500 Protective Put Overlay,Global Public Equities,1.617,synthetic_v1_dataset_generator
2023-10-31,H_TLT,iShares 20+ Year Treasury Bond ETF,Fixed Income & Liquid Credit,13.1771,synthetic_v1_dataset_generator
2023-10-31,H_VNQ,US Listed REIT ETF Proxy,Hedge Funds / Absolute Return,5.4565,synthetic_v1_dataset_generator
2023-11-30,H_2800HK,Tracker Fund of Hong Kong ETF,Global Public Equities,10.7387,synthetic_v1_dataset_generator
2023-11-30,H_ACWI,iShares MSCI ACWI ETF,Global Public Equities,16.4219,synthetic_v1_dataset_generator
2023-11-30,H_AGG,iShares Core US Aggregate Bond ETF,Fixed Income & Liquid Credit,22.5336,synthetic_v1_dataset_generator
2023-11-30,H_BABA,Alibaba ADR,Global Public Equities,6.2642,synthetic_v1_dataset_generator
2023-11-30,H_BIL,SPDR 1-3 Month T-Bill ETF,Fixed Income & Liquid Credit,7.5112,synthetic_v1_dataset_generator
2023-11-30,H_BRKB,Berkshire Hathaway Class B,Global Public Equities,9.7235,synthetic_v1_dataset_generator
2023-11-30,H_CASH_HKD,HKD Working Capital,Cash & Liquidity,2.319,synthetic_v1_dataset_generator
2023-11-30,H_CASH_JPY,JPY Treasury Buffer,Cash & Liquidity,1.546,synthetic_v1_dataset_generator
2023-11-30,H_CASH_OPS_USD,USD Operating Cash,Cash & Liquidity,11.5948,synthetic_v1_dataset_generator
2023-11-30,H_CASH_RESERVE_USD,USD Liquidity Reserve,Cash & Liquidity,4.3481,synthetic_v1_dataset_generator
2023-11-30,H_CASH_SGD,SGD Near-Term Reserve,Cash & Liquidity,1.9325,synthetic_v1_dataset_generator
2023-11-30,H_CNYA,iShares MSCI China A ETF,Global Public Equities,7.1591,synthetic_v1_dataset_generator
2023-11-30,H_DBC,Broad Commodities ETF Proxy,Hedge Funds / Absolute Return,7.2381,synthetic_v1_dataset_generator
2023-11-30,H_DBMF,Managed Futures ETF Proxy,Hedge Funds / Absolute Return,9.0477,synthetic_v1_dataset_generator
2023-11-30,H_EEM,iShares MSCI Emerging Markets ETF,Global Public Equities,5.7477,synthetic_v1_dataset_generator
2023-11-30,H_EMB,iShares Emerging Markets Bond ETF,Fixed Income & Liquid Credit,7.5112,synthetic_v1_dataset_generator
2023-11-30,H_ES_SHORT,S&P 500 Overlay Short Future,Global Public Equities,2.4309,synthetic_v1_dataset_generator
2023-11-30,H_EWJ,iShares MSCI Japan ETF,Global Public Equities,5.7615,synthetic_v1_dataset_generator
2023-11-30,H_EWS,iShares MSCI Singapore ETF,Global Public Equities,2.3669,synthetic_v1_dataset_generator
2023-11-30,H_EWY,iShares MSCI South Korea ETF,Global Public Equities,4.1559,synthetic_v1_dataset_generator
2023-11-30,H_GLD,SPDR Gold Shares,Hedge Funds / Absolute Return,9.089,synthetic_v1_dataset_generator
2023-11-30,H_GMACRO,Global Macro Hedge Fund Sleeve,Hedge Funds / Absolute Return,16.2858,synthetic_v1_dataset_generator
2023-11-30,H_GOOGL,Alphabet Class A,Global Public Equities,7.2926,synthetic_v1_dataset_generator
2023-11-30,H_HSI_FUT,Hang Seng Index Tactical Long Future,Global Public Equities,2.2372,synthetic_v1_dataset_generator
2023-11-30,H_HSTECH,Hang Seng TECH ETF-style Exposure,Global Public Equities,8.9489,synthetic_v1_dataset_generator
2023-11-30,H_HYG,iShares High Yield Corporate Bond ETF,Fixed Income & Liquid Credit,8.4501,synthetic_v1_dataset_generator
2023-11-30,H_IGIB,iShares 5-10 Year Investment Grade Corporate Bond ETF,Fixed Income & Liquid Credit,11.2668,synthetic_v1_dataset_generator
2023-11-30,H_INDA,iShares MSCI India ETF,Global Public Equities,5.4613,synthetic_v1_dataset_generator
2023-11-30,H_JD,JD.com ADR,Global Public Equities,4.4744,synthetic_v1_dataset_generator
2023-11-30,H_LQD,iShares Investment Grade Corporate Bond ETF,Fixed Income & Liquid Credit,7.5112,synthetic_v1_dataset_generator
2023-11-30,H_MKTNEUT,Equity Market Neutral Fund Sleeve,Hedge Funds / Absolute Return,14.4762,synthetic_v1_dataset_generator
2023-11-30,H_MSFT,Microsoft,Global Public Equities,8.1029,synthetic_v1_dataset_generator
2023-11-30,H_NQ_SHORT,Nasdaq Overlay Short Future,Global Public Equities,1.6206,synthetic_v1_dataset_generator
2023-11-30,H_NVDA,NVIDIA,Global Public Equities,6.4823,synthetic_v1_dataset_generator
2023-11-30,H_PDD,PDD Holdings ADR,Global Public Equities,5.3693,synthetic_v1_dataset_generator
2023-11-30,H_PF_APAC_LOGISTICS,APAC Logistics Real Estate Fund,Real Estate,6.8883,synthetic_v1_dataset_generator
2023-11-30,H_PF_APEX_SECONDARIES_II,Apex Secondaries Fund II,Private Equity,16.6504,synthetic_v1_dataset_generator
2023-11-30,H_PF_ATLAS_COINV_I,Atlas Co-Investment Fund I,Private Equity,18.3154,synthetic_v1_dataset_generator
2023-11-30,H_PF_BLUE_HORIZON_III,Blue Horizon Ventures III,Venture Capital / Growth,14.5807,synthetic_v1_dataset_generator
2023-11-30,H_PF_CLIMATE_ALPHA,Climate Alpha Fund,Venture Capital / Growth,12.1506,synthetic_v1_dataset_generator
2023-11-30,H_PF_COVE_SPECIALTY_FIN,Cove Specialty Finance Fund,Private Credit,11.8918,synthetic_v1_dataset_generator
2023-11-30,H_PF_CRESCENT_DIRECT_LEND,Crescent Direct Lending Fund,Private Credit,16.9883,synthetic_v1_dataset_generator
2023-11-30,H_PF_DIGITAL_INFRA,Horizon Digital Infrastructure Fund,Infrastructure,6.7837,synthetic_v1_dataset_generator
2023-11-30,H_PF_DRAGONBRIDGE,DragonBridge Greater China Fund,Private Equity,23.3105,synthetic_v1_dataset_generator
2023-11-30,H_PF_GLOBAL_GROWTH_II,Redwood Growth Fund II,Venture Capital / Growth,16.2008,synthetic_v1_dataset_generator
2023-11-30,H_PF_HARBOR_PEAK_V,Harbor Peak Partners V,Private Equity,24.9756,synthetic_v1_dataset_generator
2023-11-30,H_PF_HARBOUR_CORE_RE,Harbour Core Real Estate Fund,Real Estate,17.2209,synthetic_v1_dataset_generator
2023-11-30,H_PF_HOME_MULTIFAMILY,HomeStone Multifamily Fund,Real Estate,10.3325,synthetic_v1_dataset_generator
2023-11-30,H_PF_INDIA_DIGITAL,Indigo India Digital Growth Fund,Venture Capital / Growth,9.7205,synthetic_v1_dataset_generator
2023-11-30,H_PF_INFRA_CORE,Evergreen Core Infrastructure Fund,Infrastructure,10.1756,synthetic_v1_dataset_generator
2023-11-30,H_PF_LIONROCK_CREDIT,LionRock Asia Private Credit Fund,Private Credit,14.0154,synthetic_v1_dataset_generator
2023-11-30,H_PF_METRO_LOGISTICS,Metro Logistics Fund,Real Estate,10.763,synthetic_v1_dataset_generator
2023-11-30,H_PF_NORTHSTAR_IV,Northstar Buyout Fund IV,Private Equity,29.1382,synthetic_v1_dataset_generator
2023-11-30,H_PF_RENEWABLES_II,SolarBridge Renewables Fund II,Infrastructure,8.4797,synthetic_v1_dataset_generator
2023-11-30,H_PF_SEEDSPRING_I,SeedSpring Southeast Asia VC Fund I,Venture Capital / Growth,8.1004,synthetic_v1_dataset_generator
2023-11-30,H_PF_SPRING_OPP_CREDIT,Spring Point Opportunistic Credit Fund,Private Credit,14.4401,synthetic_v1_dataset_generator
2023-11-30,H_QAI,Multi-Strategy Liquid Alternatives ETF Proxy,Hedge Funds / Absolute Return,6.3334,synthetic_v1_dataset_generator
2023-11-30,H_QQQ,Invesco QQQ Trust,Global Public Equities,19.447,synthetic_v1_dataset_generator
2023-11-30,H_SPY,SPDR S&P 500 ETF,Global Public Equities,32.4117,synthetic_v1_dataset_generator
2023-11-30,H_SPY_PUT,S&P 500 Protective Put Overlay,Global Public Equities,1.6206,synthetic_v1_dataset_generator
2023-11-30,H_TLT,iShares 20+ Year Treasury Bond ETF,Fixed Income & Liquid Credit,13.1446,synthetic_v1_dataset_generator
2023-11-30,H_VNQ,US Listed REIT ETF Proxy,Hedge Funds / Absolute Return,5.4286,synthetic_v1_dataset_generator
2023-12-31,H_2800HK,Tracker Fund of Hong Kong ETF,Global Public Equities,10.4732,synthetic_v1_dataset_generator
2023-12-31,H_ACWI,iShares MSCI ACWI ETF,Global Public Equities,16.3169,synthetic_v1_dataset_generator
2023-12-31,H_AGG,iShares Core US Aggregate Bond ETF,Fixed Income & Liquid Credit,22.4196,synthetic_v1_dataset_generator
2023-12-31,H_BABA,Alibaba ADR,Global Public Equities,6.1093,synthetic_v1_dataset_generator
2023-12-31,H_BIL,SPDR 1-3 Month T-Bill ETF,Fixed Income & Liquid Credit,7.4732,synthetic_v1_dataset_generator
2023-12-31,H_BRKB,Berkshire Hathaway Class B,Global Public Equities,9.6878,synthetic_v1_dataset_generator
2023-12-31,H_CASH_HKD,HKD Working Capital,Cash & Liquidity,2.3184,synthetic_v1_dataset_generator
2023-12-31,H_CASH_JPY,JPY Treasury Buffer,Cash & Liquidity,1.5456,synthetic_v1_dataset_generator
2023-12-31,H_CASH_OPS_USD,USD Operating Cash,Cash & Liquidity,11.592,synthetic_v1_dataset_generator
2023-12-31,H_CASH_RESERVE_USD,USD Liquidity Reserve,Cash & Liquidity,4.347,synthetic_v1_dataset_generator
2023-12-31,H_CASH_SGD,SGD Near-Term Reserve,Cash & Liquidity,1.932,synthetic_v1_dataset_generator
2023-12-31,H_CNYA,iShares MSCI China A ETF,Global Public Equities,6.9821,synthetic_v1_dataset_generator
2023-12-31,H_DBC,Broad Commodities ETF Proxy,Hedge Funds / Absolute Return,7.1788,synthetic_v1_dataset_generator
2023-12-31,H_DBMF,Managed Futures ETF Proxy,Hedge Funds / Absolute Return,8.9735,synthetic_v1_dataset_generator
2023-12-31,H_EEM,iShares MSCI Emerging Markets ETF,Global Public Equities,5.7109,synthetic_v1_dataset_generator
2023-12-31,H_EMB,iShares Emerging Markets Bond ETF,Fixed Income & Liquid Credit,7.4732,synthetic_v1_dataset_generator
2023-12-31,H_ES_SHORT,S&P 500 Overlay Short Future,Global Public Equities,2.422,synthetic_v1_dataset_generator
2023-12-31,H_EWJ,iShares MSCI Japan ETF,Global Public Equities,5.7033,synthetic_v1_dataset_generator
2023-12-31,H_EWS,iShares MSCI Singapore ETF,Global Public Equities,2.3309,synthetic_v1_dataset_generator
2023-12-31,H_EWY,iShares MSCI South Korea ETF,Global Public Equities,4.0891,synthetic_v1_dataset_generator
2023-12-31,H_GLD,SPDR Gold Shares,Hedge Funds / Absolute Return,9.0122,synthetic_v1_dataset_generator
2023-12-31,H_GMACRO,Global Macro Hedge Fund Sleeve,Hedge Funds / Absolute Return,16.1522,synthetic_v1_dataset_generator
2023-12-31,H_GOOGL,Alphabet Class A,Global Public Equities,7.2659,synthetic_v1_dataset_generator
2023-12-31,H_HSI_FUT,Hang Seng Index Tactical Long Future,Global Public Equities,2.1819,synthetic_v1_dataset_generator
2023-12-31,H_HSTECH,Hang Seng TECH ETF-style Exposure,Global Public Equities,8.7276,synthetic_v1_dataset_generator
2023-12-31,H_HYG,iShares High Yield Corporate Bond ETF,Fixed Income & Liquid Credit,8.4073,synthetic_v1_dataset_generator
2023-12-31,H_IGIB,iShares 5-10 Year Investment Grade Corporate Bond ETF,Fixed Income & Liquid Credit,11.2098,synthetic_v1_dataset_generator
2023-12-31,H_INDA,iShares MSCI India ETF,Global Public Equities,5.4194,synthetic_v1_dataset_generator
2023-12-31,H_JD,JD.com ADR,Global Public Equities,4.3638,synthetic_v1_dataset_generator
2023-12-31,H_LQD,iShares Investment Grade Corporate Bond ETF,Fixed Income & Liquid Credit,7.4732,synthetic_v1_dataset_generator
2023-12-31,H_MKTNEUT,Equity Market Neutral Fund Sleeve,Hedge Funds / Absolute Return,14.3575,synthetic_v1_dataset_generator
2023-12-31,H_MSFT,Microsoft,Global Public Equities,8.0732,synthetic_v1_dataset_generator
2023-12-31,H_NQ_SHORT,Nasdaq Overlay Short Future,Global Public Equities,1.6146,synthetic_v1_dataset_generator
2023-12-31,H_NVDA,NVIDIA,Global Public Equities,6.4585,synthetic_v1_dataset_generator
2023-12-31,H_PDD,PDD Holdings ADR,Global Public Equities,5.2366,synthetic_v1_dataset_generator
2023-12-31,H_PF_APAC_LOGISTICS,APAC Logistics Real Estate Fund,Real Estate,6.8791,synthetic_v1_dataset_generator
2023-12-31,H_PF_APEX_SECONDARIES_II,Apex Secondaries Fund II,Private Equity,16.6937,synthetic_v1_dataset_generator
2023-12-31,H_PF_ATLAS_COINV_I,Atlas Co-Investment Fund I,Private Equity,18.3631,synthetic_v1_dataset_generator
2023-12-31,H_PF_BLUE_HORIZON_III,Blue Horizon Ventures III,Venture Capital / Growth,14.5722,synthetic_v1_dataset_generator
2023-12-31,H_PF_CLIMATE_ALPHA,Climate Alpha Fund,Venture Capital / Growth,12.1435,synthetic_v1_dataset_generator
2023-12-31,H_PF_COVE_SPECIALTY_FIN,Cove Specialty Finance Fund,Private Credit,11.9169,synthetic_v1_dataset_generator
2023-12-31,H_PF_CRESCENT_DIRECT_LEND,Crescent Direct Lending Fund,Private Credit,17.0242,synthetic_v1_dataset_generator
2023-12-31,H_PF_DIGITAL_INFRA,Horizon Digital Infrastructure Fund,Infrastructure,6.7837,synthetic_v1_dataset_generator
2023-12-31,H_PF_DRAGONBRIDGE,DragonBridge Greater China Fund,Private Equity,23.3712,synthetic_v1_dataset_generator
2023-12-31,H_PF_GLOBAL_GROWTH_II,Redwood Growth Fund II,Venture Capital / Growth,16.1913,synthetic_v1_dataset_generator
2023-12-31,H_PF_HARBOR_PEAK_V,Harbor Peak Partners V,Private Equity,25.0406,synthetic_v1_dataset_generator
2023-12-31,H_PF_HARBOUR_CORE_RE,Harbour Core Real Estate Fund,Real Estate,17.1979,synthetic_v1_dataset_generator
2023-12-31,H_PF_HOME_MULTIFAMILY,HomeStone Multifamily Fund,Real Estate,10.3187,synthetic_v1_dataset_generator
2023-12-31,H_PF_INDIA_DIGITAL,Indigo India Digital Growth Fund,Venture Capital / Growth,9.7148,synthetic_v1_dataset_generator
2023-12-31,H_PF_INFRA_CORE,Evergreen Core Infrastructure Fund,Infrastructure,10.1755,synthetic_v1_dataset_generator
2023-12-31,H_PF_LIONROCK_CREDIT,LionRock Asia Private Credit Fund,Private Credit,14.0449,synthetic_v1_dataset_generator
2023-12-31,H_PF_METRO_LOGISTICS,Metro Logistics Fund,Real Estate,10.7487,synthetic_v1_dataset_generator
2023-12-31,H_PF_NORTHSTAR_IV,Northstar Buyout Fund IV,Private Equity,29.214,synthetic_v1_dataset_generator
2023-12-31,H_PF_RENEWABLES_II,SolarBridge Renewables Fund II,Infrastructure,8.4796,synthetic_v1_dataset_generator
2023-12-31,H_PF_SEEDSPRING_I,SeedSpring Southeast Asia VC Fund I,Venture Capital / Growth,8.0956,synthetic_v1_dataset_generator
2023-12-31,H_PF_SPRING_OPP_CREDIT,Spring Point Opportunistic Credit Fund,Private Credit,14.4706,synthetic_v1_dataset_generator
2023-12-31,H_QAI,Multi-Strategy Liquid Alternatives ETF Proxy,Hedge Funds / Absolute Return,6.2814,synthetic_v1_dataset_generator
2023-12-31,H_QQQ,Invesco QQQ Trust,Global Public Equities,19.3756,synthetic_v1_dataset_generator
2023-12-31,H_SPY,SPDR S&P 500 ETF,Global Public Equities,32.2927,synthetic_v1_dataset_generator
2023-12-31,H_SPY_PUT,S&P 500 Protective Put Overlay,Global Public Equities,1.6146,synthetic_v1_dataset_generator
2023-12-31,H_TLT,iShares 20+ Year Treasury Bond ETF,Fixed Income & Liquid Credit,13.0781,synthetic_v1_dataset_generator
2023-12-31,H_VNQ,US Listed REIT ETF Proxy,Hedge Funds / Absolute Return,5.3841,synthetic_v1_dataset_generator
2024-01-31,H_2800HK,Tracker Fund of Hong Kong ETF,Global Public Equities,10.1707,synthetic_v1_dataset_generator
2024-01-31,H_ACWI,iShares MSCI ACWI ETF,Global Public Equities,16.152,synthetic_v1_dataset_generator
2024-01-31,H_AGG,iShares Core US Aggregate Bond ETF,Fixed Income & Liquid Credit,22.2546,synthetic_v1_dataset_generator
2024-01-31,H_BABA,Alibaba ADR,Global Public Equities,5.9329,synthetic_v1_dataset_generator
2024-01-31,H_BIL,SPDR 1-3 Month T-Bill ETF,Fixed Income & Liquid Credit,7.4182,synthetic_v1_dataset_generator
2024-01-31,H_BRKB,Berkshire Hathaway Class B,Global Public Equities,9.5978,synthetic_v1_dataset_generator
2024-01-31,H_CASH_HKD,HKD Working Capital,Cash & Liquidity,2.3165,synthetic_v1_dataset_generator
2024-01-31,H_CASH_JPY,JPY Treasury Buffer,Cash & Liquidity,1.5444,synthetic_v1_dataset_generator
2024-01-31,H_CASH_OPS_USD,USD Operating Cash,Cash & Liquidity,11.5827,synthetic_v1_dataset_generator
2024-01-31,H_CASH_RESERVE_USD,USD Liquidity Reserve,Cash & Liquidity,4.3435,synthetic_v1_dataset_generator
2024-01-31,H_CASH_SGD,SGD Near-Term Reserve,Cash & Liquidity,1.9304,synthetic_v1_dataset_generator
2024-01-31,H_CNYA,iShares MSCI China A ETF,Global Public Equities,6.7805,synthetic_v1_dataset_generator
2024-01-31,H_DBC,Broad Commodities ETF Proxy,Hedge Funds / Absolute Return,7.1012,synthetic_v1_dataset_generator
2024-01-31,H_DBMF,Managed Futures ETF Proxy,Hedge Funds / Absolute Return,8.8765,synthetic_v1_dataset_generator
2024-01-31,H_EEM,iShares MSCI Emerging Markets ETF,Global Public Equities,5.6532,synthetic_v1_dataset_generator
2024-01-31,H_EMB,iShares Emerging Markets Bond ETF,Fixed Income & Liquid Credit,7.4182,synthetic_v1_dataset_generator
2024-01-31,H_ES_SHORT,S&P 500 Overlay Short Future,Global Public Equities,2.3994,synthetic_v1_dataset_generator
2024-01-31,H_EWJ,iShares MSCI Japan ETF,Global Public Equities,5.6292,synthetic_v1_dataset_generator
2024-01-31,H_EWS,iShares MSCI Singapore ETF,Global Public Equities,2.293,synthetic_v1_dataset_generator
2024-01-31,H_EWY,iShares MSCI South Korea ETF,Global Public Equities,4.0132,synthetic_v1_dataset_generator
2024-01-31,H_GLD,SPDR Gold Shares,Hedge Funds / Absolute Return,8.8939,synthetic_v1_dataset_generator
2024-01-31,H_GMACRO,Global Macro Hedge Fund Sleeve,Hedge Funds / Absolute Return,15.9776,synthetic_v1_dataset_generator
2024-01-31,H_GOOGL,Alphabet Class A,Global Public Equities,7.1983,synthetic_v1_dataset_generator
2024-01-31,H_HSI_FUT,Hang Seng Index Tactical Long Future,Global Public Equities,2.1189,synthetic_v1_dataset_generator
2024-01-31,H_HSTECH,Hang Seng TECH ETF-style Exposure,Global Public Equities,8.4756,synthetic_v1_dataset_generator
2024-01-31,H_HYG,iShares High Yield Corporate Bond ETF,Fixed Income & Liquid Credit,8.3455,synthetic_v1_dataset_generator
2024-01-31,H_IGIB,iShares 5-10 Year Investment Grade Corporate Bond ETF,Fixed Income & Liquid Credit,11.1273,synthetic_v1_dataset_generator
2024-01-31,H_INDA,iShares MSCI India ETF,Global Public Equities,5.3464,synthetic_v1_dataset_generator
2024-01-31,H_JD,JD.com ADR,Global Public Equities,4.2378,synthetic_v1_dataset_generator
2024-01-31,H_LQD,iShares Investment Grade Corporate Bond ETF,Fixed Income & Liquid Credit,7.4182,synthetic_v1_dataset_generator
2024-01-31,H_MKTNEUT,Equity Market Neutral Fund Sleeve,Hedge Funds / Absolute Return,14.2023,synthetic_v1_dataset_generator
2024-01-31,H_MSFT,Microsoft,Global Public Equities,7.9982,synthetic_v1_dataset_generator
2024-01-31,H_NQ_SHORT,Nasdaq Overlay Short Future,Global Public Equities,1.5996,synthetic_v1_dataset_generator
2024-01-31,H_NVDA,NVIDIA,Global Public Equities,6.3985,synthetic_v1_dataset_generator
2024-01-31,H_PDD,PDD Holdings ADR,Global Public Equities,5.0854,synthetic_v1_dataset_generator
2024-01-31,H_PF_APAC_LOGISTICS,APAC Logistics Real Estate Fund,Real Estate,6.8663,synthetic_v1_dataset_generator
2024-01-31,H_PF_APEX_SECONDARIES_II,Apex Secondaries Fund II,Private Equity,16.7025,synthetic_v1_dataset_generator
2024-01-31,H_PF_ATLAS_COINV_I,Atlas Co-Investment Fund I,Private Equity,18.3727,synthetic_v1_dataset_generator
2024-01-31,H_PF_BLUE_HORIZON_III,Blue Horizon Ventures III,Venture Capital / Growth,14.5333,synthetic_v1_dataset_generator
2024-01-31,H_PF_CLIMATE_ALPHA,Climate Alpha Fund,Venture Capital / Growth,12.1111,synthetic_v1_dataset_generator
2024-01-31,H_PF_COVE_SPECIALTY_FIN,Cove Specialty Finance Fund,Private Credit,11.9348,synthetic_v1_dataset_generator
2024-01-31,H_PF_CRESCENT_DIRECT_LEND,Crescent Direct Lending Fund,Private Credit,17.0497,synthetic_v1_dataset_generator
2024-01-31,H_PF_DIGITAL_INFRA,Horizon Digital Infrastructure Fund,Infrastructure,6.7827,synthetic_v1_dataset_generator
2024-01-31,H_PF_DRAGONBRIDGE,DragonBridge Greater China Fund,Private Equity,23.3835,synthetic_v1_dataset_generator
2024-01-31,H_PF_GLOBAL_GROWTH_II,Redwood Growth Fund II,Venture Capital / Growth,16.1481,synthetic_v1_dataset_generator
2024-01-31,H_PF_HARBOR_PEAK_V,Harbor Peak Partners V,Private Equity,25.0537,synthetic_v1_dataset_generator
2024-01-31,H_PF_HARBOUR_CORE_RE,Harbour Core Real Estate Fund,Real Estate,17.1658,synthetic_v1_dataset_generator
2024-01-31,H_PF_HOME_MULTIFAMILY,HomeStone Multifamily Fund,Real Estate,10.2995,synthetic_v1_dataset_generator
2024-01-31,H_PF_INDIA_DIGITAL,Indigo India Digital Growth Fund,Venture Capital / Growth,9.6889,synthetic_v1_dataset_generator
2024-01-31,H_PF_INFRA_CORE,Evergreen Core Infrastructure Fund,Infrastructure,10.1741,synthetic_v1_dataset_generator
2024-01-31,H_PF_LIONROCK_CREDIT,LionRock Asia Private Credit Fund,Private Credit,14.066,synthetic_v1_dataset_generator
2024-01-31,H_PF_METRO_LOGISTICS,Metro Logistics Fund,Real Estate,10.7287,synthetic_v1_dataset_generator
2024-01-31,H_PF_NORTHSTAR_IV,Northstar Buyout Fund IV,Private Equity,29.2294,synthetic_v1_dataset_generator
2024-01-31,H_PF_RENEWABLES_II,SolarBridge Renewables Fund II,Infrastructure,8.4784,synthetic_v1_dataset_generator
2024-01-31,H_PF_SEEDSPRING_I,SeedSpring Southeast Asia VC Fund I,Venture Capital / Growth,8.0741,synthetic_v1_dataset_generator
2024-01-31,H_PF_SPRING_OPP_CREDIT,Spring Point Opportunistic Credit Fund,Private Credit,14.4922,synthetic_v1_dataset_generator
2024-01-31,H_QAI,Multi-Strategy Liquid Alternatives ETF Proxy,Hedge Funds / Absolute Return,6.2135,synthetic_v1_dataset_generator
2024-01-31,H_QQQ,Invesco QQQ Trust,Global Public Equities,19.1956,synthetic_v1_dataset_generator
2024-01-31,H_SPY,SPDR S&P 500 ETF,Global Public Equities,31.9926,synthetic_v1_dataset_generator
2024-01-31,H_SPY_PUT,S&P 500 Protective Put Overlay,Global Public Equities,1.5996,synthetic_v1_dataset_generator
2024-01-31,H_TLT,iShares 20+ Year Treasury Bond ETF,Fixed Income & Liquid Credit,12.9818,synthetic_v1_dataset_generator
2024-01-31,H_VNQ,US Listed REIT ETF Proxy,Hedge Funds / Absolute Return,5.3259,synthetic_v1_dataset_generator
2024-02-29,H_2800HK,Tracker Fund of Hong Kong ETF,Global Public Equities,9.8536,synthetic_v1_dataset_generator
2024-02-29,H_ACWI,iShares MSCI ACWI ETF,Global Public Equities,15.946,synthetic_v1_dataset_generator
2024-02-29,H_AGG,iShares Core US Aggregate Bond ETF,Fixed Income & Liquid Credit,22.0514,synthetic_v1_dataset_generator
2024-02-29,H_BABA,Alibaba ADR,Global Public Equities,5.7479,synthetic_v1_dataset_generator
2024-02-29,H_BIL,SPDR 1-3 Month T-Bill ETF,Fixed Income & Liquid Credit,7.3505,synthetic_v1_dataset_generator
2024-02-29,H_BRKB,Berkshire Hathaway Class B,Global Public Equities,9.4632,synthetic_v1_dataset_generator
2024-02-29,H_CASH_HKD,HKD Working Capital,Cash & Liquidity,2.3139,synthetic_v1_dataset_generator
2024-02-29,H_CASH_JPY,JPY Treasury Buffer,Cash & Liquidity,1.5426,synthetic_v1_dataset_generator
2024-02-29,H_CASH_OPS_USD,USD Operating Cash,Cash & Liquidity,11.5693,synthetic_v1_dataset_generator
2024-02-29,H_CASH_RESERVE_USD,USD Liquidity Reserve,Cash & Liquidity,4.3385,synthetic_v1_dataset_generator
2024-02-29,H_CASH_SGD,SGD Near-Term Reserve,Cash & Liquidity,1.9282,synthetic_v1_dataset_generator
2024-02-29,H_CNYA,iShares MSCI China A ETF,Global Public Equities,6.5691,synthetic_v1_dataset_generator
2024-02-29,H_DBC,Broad Commodities ETF Proxy,Hedge Funds / Absolute Return,7.0113,synthetic_v1_dataset_generator
2024-02-29,H_DBMF,Managed Futures ETF Proxy,Hedge Funds / Absolute Return,8.7641,synthetic_v1_dataset_generator
2024-02-29,H_EEM,iShares MSCI Emerging Markets ETF,Global Public Equities,5.5811,synthetic_v1_dataset_generator
2024-02-29,H_EMB,iShares Emerging Markets Bond ETF,Fixed Income & Liquid Credit,7.3505,synthetic_v1_dataset_generator
2024-02-29,H_ES_SHORT,S&P 500 Overlay Short Future,Global Public Equities,2.3658,synthetic_v1_dataset_generator
2024-02-29,H_EWJ,iShares MSCI Japan ETF,Global Public Equities,5.5469,synthetic_v1_dataset_generator
2024-02-29,H_EWS,iShares MSCI Singapore ETF,Global Public Equities,2.2563,synthetic_v1_dataset_generator
2024-02-29,H_EWY,iShares MSCI South Korea ETF,Global Public Equities,3.9348,synthetic_v1_dataset_generator
2024-02-29,H_GLD,SPDR Gold Shares,Hedge Funds / Absolute Return,8.745,synthetic_v1_dataset_generator
2024-02-29,H_GMACRO,Global Macro Hedge Fund Sleeve,Hedge Funds / Absolute Return,15.7754,synthetic_v1_dataset_generator
2024-02-29,H_GOOGL,Alphabet Class A,Global Public Equities,7.0974,synthetic_v1_dataset_generator
2024-02-29,H_HSI_FUT,Hang Seng Index Tactical Long Future,Global Public Equities,2.0528,synthetic_v1_dataset_generator
2024-02-29,H_HSTECH,Hang Seng TECH ETF-style Exposure,Global Public Equities,8.2113,synthetic_v1_dataset_generator
2024-02-29,H_HYG,iShares High Yield Corporate Bond ETF,Fixed Income & Liquid Credit,8.2693,synthetic_v1_dataset_generator
2024-02-29,H_IGIB,iShares 5-10 Year Investment Grade Corporate Bond ETF,Fixed Income & Liquid Credit,11.0257,synthetic_v1_dataset_generator
2024-02-29,H_INDA,iShares MSCI India ETF,Global Public Equities,5.2497,synthetic_v1_dataset_generator
2024-02-29,H_JD,JD.com ADR,Global Public Equities,4.1057,synthetic_v1_dataset_generator
2024-02-29,H_LQD,iShares Investment Grade Corporate Bond ETF,Fixed Income & Liquid Credit,7.3505,synthetic_v1_dataset_generator
2024-02-29,H_MKTNEUT,Equity Market Neutral Fund Sleeve,Hedge Funds / Absolute Return,14.0226,synthetic_v1_dataset_generator
2024-02-29,H_MSFT,Microsoft,Global Public Equities,7.886,synthetic_v1_dataset_generator
2024-02-29,H_NQ_SHORT,Nasdaq Overlay Short Future,Global Public Equities,1.5772,synthetic_v1_dataset_generator
2024-02-29,H_NVDA,NVIDIA,Global Public Equities,6.3088,synthetic_v1_dataset_generator
2024-02-29,H_PDD,PDD Holdings ADR,Global Public Equities,4.9268,synthetic_v1_dataset_generator
2024-02-29,H_PF_APAC_LOGISTICS,APAC Logistics Real Estate Fund,Real Estate,6.853,synthetic_v1_dataset_generator
2024-02-29,H_PF_APEX_SECONDARIES_II,Apex Secondaries Fund II,Private Equity,16.6834,synthetic_v1_dataset_generator
2024-02-29,H_PF_ATLAS_COINV_I,Atlas Co-Investment Fund I,Private Equity,18.3517,synthetic_v1_dataset_generator
2024-02-29,H_PF_BLUE_HORIZON_III,Blue Horizon Ventures III,Venture Capital / Growth,14.4725,synthetic_v1_dataset_generator
2024-02-29,H_PF_CLIMATE_ALPHA,Climate Alpha Fund,Venture Capital / Growth,12.0604,synthetic_v1_dataset_generator
2024-02-29,H_PF_COVE_SPECIALTY_FIN,Cove Specialty Finance Fund,Private Credit,11.9475,synthetic_v1_dataset_generator
2024-02-29,H_PF_CRESCENT_DIRECT_LEND,Crescent Direct Lending Fund,Private Credit,17.0679,synthetic_v1_dataset_generator
2024-02-29,H_PF_DIGITAL_INFRA,Horizon Digital Infrastructure Fund,Infrastructure,6.7829,synthetic_v1_dataset_generator
2024-02-29,H_PF_DRAGONBRIDGE,DragonBridge Greater China Fund,Private Equity,23.3567,synthetic_v1_dataset_generator
2024-02-29,H_PF_GLOBAL_GROWTH_II,Redwood Growth Fund II,Venture Capital / Growth,16.0805,synthetic_v1_dataset_generator
2024-02-29,H_PF_HARBOR_PEAK_V,Harbor Peak Partners V,Private Equity,25.0251,synthetic_v1_dataset_generator
2024-02-29,H_PF_HARBOUR_CORE_RE,Harbour Core Real Estate Fund,Real Estate,17.1324,synthetic_v1_dataset_generator
2024-02-29,H_PF_HOME_MULTIFAMILY,HomeStone Multifamily Fund,Real Estate,10.2794,synthetic_v1_dataset_generator
2024-02-29,H_PF_INDIA_DIGITAL,Indigo India Digital Growth Fund,Venture Capital / Growth,9.6483,synthetic_v1_dataset_generator
2024-02-29,H_PF_INFRA_CORE,Evergreen Core Infrastructure Fund,Infrastructure,10.1744,synthetic_v1_dataset_generator
2024-02-29,H_PF_LIONROCK_CREDIT,LionRock Asia Private Credit Fund,Private Credit,14.081,synthetic_v1_dataset_generator
2024-02-29,H_PF_METRO_LOGISTICS,Metro Logistics Fund,Real Estate,10.7077,synthetic_v1_dataset_generator
2024-02-29,H_PF_NORTHSTAR_IV,Northstar Buyout Fund IV,Private Equity,29.1959,synthetic_v1_dataset_generator
2024-02-29,H_PF_RENEWABLES_II,SolarBridge Renewables Fund II,Infrastructure,8.4786,synthetic_v1_dataset_generator
2024-02-29,H_PF_SEEDSPRING_I,SeedSpring Southeast Asia VC Fund I,Venture Capital / Growth,8.0403,synthetic_v1_dataset_generator
2024-02-29,H_PF_SPRING_OPP_CREDIT,Spring Point Opportunistic Credit Fund,Private Credit,14.5077,synthetic_v1_dataset_generator
2024-02-29,H_QAI,Multi-Strategy Liquid Alternatives ETF Proxy,Hedge Funds / Absolute Return,6.1349,synthetic_v1_dataset_generator
2024-02-29,H_QQQ,Invesco QQQ Trust,Global Public Equities,18.9265,synthetic_v1_dataset_generator
2024-02-29,H_SPY,SPDR S&P 500 ETF,Global Public Equities,31.5441,synthetic_v1_dataset_generator
2024-02-29,H_SPY_PUT,S&P 500 Protective Put Overlay,Global Public Equities,1.5772,synthetic_v1_dataset_generator
2024-02-29,H_TLT,iShares 20+ Year Treasury Bond ETF,Fixed Income & Liquid Credit,12.8633,synthetic_v1_dataset_generator
2024-02-29,H_VNQ,US Listed REIT ETF Proxy,Hedge Funds / Absolute Return,5.2585,synthetic_v1_dataset_generator
2024-03-31,H_2800HK,Tracker Fund of Hong Kong ETF,Global Public Equities,9.5488,synthetic_v1_dataset_generator
2024-03-31,H_ACWI,iShares MSCI ACWI ETF,Global Public Equities,15.7253,synthetic_v1_dataset_generator
2024-03-31,H_AGG,iShares Core US Aggregate Bond ETF,Fixed Income & Liquid Credit,21.8304,synthetic_v1_dataset_generator
2024-03-31,H_BABA,Alibaba ADR,Global Public Equities,5.5702,synthetic_v1_dataset_generator
2024-03-31,H_BIL,SPDR 1-3 Month T-Bill ETF,Fixed Income & Liquid Credit,7.2768,synthetic_v1_dataset_generator
2024-03-31,H_BRKB,Berkshire Hathaway Class B,Global Public Equities,9.3017,synthetic_v1_dataset_generator
2024-03-31,H_CASH_HKD,HKD Working Capital,Cash & Liquidity,2.3109,synthetic_v1_dataset_generator
2024-03-31,H_CASH_JPY,JPY Treasury Buffer,Cash & Liquidity,1.5406,synthetic_v1_dataset_generator
2024-03-31,H_CASH_OPS_USD,USD Operating Cash,Cash & Liquidity,11.5546,synthetic_v1_dataset_generator
2024-03-31,H_CASH_RESERVE_USD,USD Liquidity Reserve,Cash & Liquidity,4.333,synthetic_v1_dataset_generator
2024-03-31,H_CASH_SGD,SGD Near-Term Reserve,Cash & Liquidity,1.9258,synthetic_v1_dataset_generator
2024-03-31,H_CNYA,iShares MSCI China A ETF,Global Public Equities,6.3659,synthetic_v1_dataset_generator
2024-03-31,H_DBC,Broad Commodities ETF Proxy,Hedge Funds / Absolute Return,6.9178,synthetic_v1_dataset_generator
2024-03-31,H_DBMF,Managed Futures ETF Proxy,Hedge Funds / Absolute Return,8.6473,synthetic_v1_dataset_generator
2024-03-31,H_EEM,iShares MSCI Emerging Markets ETF,Global Public Equities,5.5038,synthetic_v1_dataset_generator
2024-03-31,H_EMB,iShares Emerging Markets Bond ETF,Fixed Income & Liquid Credit,7.2768,synthetic_v1_dataset_generator
2024-03-31,H_ES_SHORT,S&P 500 Overlay Short Future,Global Public Equities,2.3254,synthetic_v1_dataset_generator
2024-03-31,H_EWJ,iShares MSCI Japan ETF,Global Public Equities,5.4661,synthetic_v1_dataset_generator
2024-03-31,H_EWS,iShares MSCI Singapore ETF,Global Public Equities,2.2245,synthetic_v1_dataset_generator
2024-03-31,H_EWY,iShares MSCI South Korea ETF,Global Public Equities,3.8615,synthetic_v1_dataset_generator
2024-03-31,H_GLD,SPDR Gold Shares,Hedge Funds / Absolute Return,8.5815,synthetic_v1_dataset_generator
2024-03-31,H_GMACRO,Global Macro Hedge Fund Sleeve,Hedge Funds / Absolute Return,15.5651,synthetic_v1_dataset_generator
2024-03-31,H_GOOGL,Alphabet Class A,Global Public Equities,6.9763,synthetic_v1_dataset_generator
2024-03-31,H_HSI_FUT,Hang Seng Index Tactical Long Future,Global Public Equities,1.9893,synthetic_v1_dataset_generator
2024-03-31,H_HSTECH,Hang Seng TECH ETF-style Exposure,Global Public Equities,7.9574,synthetic_v1_dataset_generator
2024-03-31,H_HYG,iShares High Yield Corporate Bond ETF,Fixed Income & Liquid Credit,8.1864,synthetic_v1_dataset_generator
2024-03-31,H_IGIB,iShares 5-10 Year Investment Grade Corporate Bond ETF,Fixed Income & Liquid Credit,10.9152,synthetic_v1_dataset_generator
2024-03-31,H_INDA,iShares MSCI India ETF,Global Public Equities,5.1414,synthetic_v1_dataset_generator
2024-03-31,H_JD,JD.com ADR,Global Public Equities,3.9787,synthetic_v1_dataset_generator
2024-03-31,H_LQD,iShares Investment Grade Corporate Bond ETF,Fixed Income & Liquid Credit,7.2768,synthetic_v1_dataset_generator
2024-03-31,H_MKTNEUT,Equity Market Neutral Fund Sleeve,Hedge Funds / Absolute Return,13.8357,synthetic_v1_dataset_generator
2024-03-31,H_MSFT,Microsoft,Global Public Equities,7.7514,synthetic_v1_dataset_generator
2024-03-31,H_NQ_SHORT,Nasdaq Overlay Short Future,Global Public Equities,1.5503,synthetic_v1_dataset_generator
2024-03-31,H_NVDA,NVIDIA,Global Public Equities,6.2011,synthetic_v1_dataset_generator
2024-03-31,H_PDD,PDD Holdings ADR,Global Public Equities,4.7744,synthetic_v1_dataset_generator
2024-03-31,H_PF_APAC_LOGISTICS,APAC Logistics Real Estate Fund,Real Estate,6.8426,synthetic_v1_dataset_generator
2024-03-31,H_PF_APEX_SECONDARIES_II,Apex Secondaries Fund II,Private Equity,16.6472,synthetic_v1_dataset_generator
2024-03-31,H_PF_ATLAS_COINV_I,Atlas Co-Investment Fund I,Private Equity,18.3119,synthetic_v1_dataset_generator
2024-03-31,H_PF_BLUE_HORIZON_III,Blue Horizon Ventures III,Venture Capital / Growth,14.4025,synthetic_v1_dataset_generator
2024-03-31,H_PF_CLIMATE_ALPHA,Climate Alpha Fund,Venture Capital / Growth,12.0021,synthetic_v1_dataset_generator
2024-03-31,H_PF_COVE_SPECIALTY_FIN,Cove Specialty Finance Fund,Private Credit,11.9588,synthetic_v1_dataset_generator
2024-03-31,H_PF_CRESCENT_DIRECT_LEND,Crescent Direct Lending Fund,Private Credit,17.084,synthetic_v1_dataset_generator
2024-03-31,H_PF_DIGITAL_INFRA,Horizon Digital Infrastructure Fund,Infrastructure,6.7868,synthetic_v1_dataset_generator
2024-03-31,H_PF_DRAGONBRIDGE,DragonBridge Greater China Fund,Private Equity,23.3061,synthetic_v1_dataset_generator
2024-03-31,H_PF_GLOBAL_GROWTH_II,Redwood Growth Fund II,Venture Capital / Growth,16.0028,synthetic_v1_dataset_generator
2024-03-31,H_PF_HARBOR_PEAK_V,Harbor Peak Partners V,Private Equity,24.9708,synthetic_v1_dataset_generator
2024-03-31,H_PF_HARBOUR_CORE_RE,Harbour Core Real Estate Fund,Real Estate,17.1065,synthetic_v1_dataset_generator
2024-03-31,H_PF_HOME_MULTIFAMILY,HomeStone Multifamily Fund,Real Estate,10.2639,synthetic_v1_dataset_generator
2024-03-31,H_PF_INDIA_DIGITAL,Indigo India Digital Growth Fund,Venture Capital / Growth,9.6017,synthetic_v1_dataset_generator
2024-03-31,H_PF_INFRA_CORE,Evergreen Core Infrastructure Fund,Infrastructure,10.1801,synthetic_v1_dataset_generator
2024-03-31,H_PF_LIONROCK_CREDIT,LionRock Asia Private Credit Fund,Private Credit,14.0943,synthetic_v1_dataset_generator
2024-03-31,H_PF_METRO_LOGISTICS,Metro Logistics Fund,Real Estate,10.6916,synthetic_v1_dataset_generator
2024-03-31,H_PF_NORTHSTAR_IV,Northstar Buyout Fund IV,Private Equity,29.1326,synthetic_v1_dataset_generator
2024-03-31,H_PF_RENEWABLES_II,SolarBridge Renewables Fund II,Infrastructure,8.4834,synthetic_v1_dataset_generator
2024-03-31,H_PF_SEEDSPRING_I,SeedSpring Southeast Asia VC Fund I,Venture Capital / Growth,8.0014,synthetic_v1_dataset_generator
2024-03-31,H_PF_SPRING_OPP_CREDIT,Spring Point Opportunistic Credit Fund,Private Credit,14.5214,synthetic_v1_dataset_generator
2024-03-31,H_QAI,Multi-Strategy Liquid Alternatives ETF Proxy,Hedge Funds / Absolute Return,6.0531,synthetic_v1_dataset_generator
2024-03-31,H_QQQ,Invesco QQQ Trust,Global Public Equities,18.6034,synthetic_v1_dataset_generator
2024-03-31,H_SPY,SPDR S&P 500 ETF,Global Public Equities,31.0056,synthetic_v1_dataset_generator
2024-03-31,H_SPY_PUT,S&P 500 Protective Put Overlay,Global Public Equities,1.5503,synthetic_v1_dataset_generator
2024-03-31,H_TLT,iShares 20+ Year Treasury Bond ETF,Fixed Income & Liquid Credit,12.7344,synthetic_v1_dataset_generator
2024-03-31,H_VNQ,US Listed REIT ETF Proxy,Hedge Funds / Absolute Return,5.1884,synthetic_v1_dataset_generator
2024-04-30,H_2800HK,Tracker Fund of Hong Kong ETF,Global Public Equities,9.287,synthetic_v1_dataset_generator
2024-04-30,H_ACWI,iShares MSCI ACWI ETF,Global Public Equities,15.5224,synthetic_v1_dataset_generator
2024-04-30,H_AGG,iShares Core US Aggregate Bond ETF,Fixed Income & Liquid Credit,21.6183,synthetic_v1_dataset_generator
2024-04-30,H_BABA,Alibaba ADR,Global Public Equities,5.4174,synthetic_v1_dataset_generator
2024-04-30,H_BIL,SPDR 1-3 Month T-Bill ETF,Fixed Income & Liquid Credit,7.2061,synthetic_v1_dataset_generator
2024-04-30,H_BRKB,Berkshire Hathaway Class B,Global Public Equities,9.1376,synthetic_v1_dataset_generator
2024-04-30,H_CASH_HKD,HKD Working Capital,Cash & Liquidity,2.3083,synthetic_v1_dataset_generator
2024-04-30,H_CASH_JPY,JPY Treasury Buffer,Cash & Liquidity,1.5389,synthetic_v1_dataset_generator
2024-04-30,H_CASH_OPS_USD,USD Operating Cash,Cash & Liquidity,11.5417,synthetic_v1_dataset_generator
2024-04-30,H_CASH_RESERVE_USD,USD Liquidity Reserve,Cash & Liquidity,4.3281,synthetic_v1_dataset_generator
2024-04-30,H_CASH_SGD,SGD Near-Term Reserve,Cash & Liquidity,1.9236,synthetic_v1_dataset_generator
2024-04-30,H_CNYA,iShares MSCI China A ETF,Global Public Equities,6.1914,synthetic_v1_dataset_generator
2024-04-30,H_DBC,Broad Commodities ETF Proxy,Hedge Funds / Absolute Return,6.8322,synthetic_v1_dataset_generator
2024-04-30,H_DBMF,Managed Futures ETF Proxy,Hedge Funds / Absolute Return,8.5402,synthetic_v1_dataset_generator
2024-04-30,H_EEM,iShares MSCI Emerging Markets ETF,Global Public Equities,5.4328,synthetic_v1_dataset_generator
2024-04-30,H_EMB,iShares Emerging Markets Bond ETF,Fixed Income & Liquid Credit,7.2061,synthetic_v1_dataset_generator
2024-04-30,H_ES_SHORT,S&P 500 Overlay Short Future,Global Public Equities,2.2844,synthetic_v1_dataset_generator
2024-04-30,H_EWJ,iShares MSCI Japan ETF,Global Public Equities,5.3979,synthetic_v1_dataset_generator
2024-04-30,H_EWS,iShares MSCI Singapore ETF,Global Public Equities,2.2019,synthetic_v1_dataset_generator
2024-04-30,H_EWY,iShares MSCI South Korea ETF,Global Public Equities,3.802,synthetic_v1_dataset_generator
2024-04-30,H_GLD,SPDR Gold Shares,Hedge Funds / Absolute Return,8.4232,synthetic_v1_dataset_generator
2024-04-30,H_GMACRO,Global Macro Hedge Fund Sleeve,Hedge Funds / Absolute Return,15.3724,synthetic_v1_dataset_generator
2024-04-30,H_GOOGL,Alphabet Class A,Global Public Equities,6.8532,synthetic_v1_dataset_generator
2024-04-30,H_HSI_FUT,Hang Seng Index Tactical Long Future,Global Public Equities,1.9348,synthetic_v1_dataset_generator
2024-04-30,H_HSTECH,Hang Seng TECH ETF-style Exposure,Global Public Equities,7.7392,synthetic_v1_dataset_generator
2024-04-30,H_HYG,iShares High Yield Corporate Bond ETF,Fixed Income & Liquid Credit,8.1069,synthetic_v1_dataset_generator
2024-04-30,H_IGIB,iShares 5-10 Year Investment Grade Corporate Bond ETF,Fixed Income & Liquid Credit,10.8092,synthetic_v1_dataset_generator
2024-04-30,H_INDA,iShares MSCI India ETF,Global Public Equities,5.0371,synthetic_v1_dataset_generator
2024-04-30,H_JD,JD.com ADR,Global Public Equities,3.8696,synthetic_v1_dataset_generator
2024-04-30,H_LQD,iShares Investment Grade Corporate Bond ETF,Fixed Income & Liquid Credit,7.2061,synthetic_v1_dataset_generator
2024-04-30,H_MKTNEUT,Equity Market Neutral Fund Sleeve,Hedge Funds / Absolute Return,13.6644,synthetic_v1_dataset_generator
2024-04-30,H_MSFT,Microsoft,Global Public Equities,7.6147,synthetic_v1_dataset_generator
2024-04-30,H_NQ_SHORT,Nasdaq Overlay Short Future,Global Public Equities,1.5229,synthetic_v1_dataset_generator
2024-04-30,H_NVDA,NVIDIA,Global Public Equities,6.0917,synthetic_v1_dataset_generator
2024-04-30,H_PDD,PDD Holdings ADR,Global Public Equities,4.6435,synthetic_v1_dataset_generator
2024-04-30,H_PF_APAC_LOGISTICS,APAC Logistics Real Estate Fund,Real Estate,6.8394,synthetic_v1_dataset_generator
2024-04-30,H_PF_APEX_SECONDARIES_II,Apex Secondaries Fund II,Private Equity,16.6087,synthetic_v1_dataset_generator
2024-04-30,H_PF_ATLAS_COINV_I,Atlas Co-Investment Fund I,Private Equity,18.2695,synthetic_v1_dataset_generator
2024-04-30,H_PF_BLUE_HORIZON_III,Blue Horizon Ventures III,Venture Capital / Growth,14.3406,synthetic_v1_dataset_generator
2024-04-30,H_PF_CLIMATE_ALPHA,Climate Alpha Fund,Venture Capital / Growth,11.9505,synthetic_v1_dataset_generator
2024-04-30,H_PF_COVE_SPECIALTY_FIN,Cove Specialty Finance Fund,Private Credit,11.9739,synthetic_v1_dataset_generator
2024-04-30,H_PF_CRESCENT_DIRECT_LEND,Crescent Direct Lending Fund,Private Credit,17.1055,synthetic_v1_dataset_generator
2024-04-30,H_PF_DIGITAL_INFRA,Horizon Digital Infrastructure Fund,Infrastructure,6.7972,synthetic_v1_dataset_generator
2024-04-30,H_PF_DRAGONBRIDGE,DragonBridge Greater China Fund,Private Equity,23.2522,synthetic_v1_dataset_generator
2024-04-30,H_PF_GLOBAL_GROWTH_II,Redwood Growth Fund II,Venture Capital / Growth,15.9341,synthetic_v1_dataset_generator
2024-04-30,H_PF_HARBOR_PEAK_V,Harbor Peak Partners V,Private Equity,24.913,synthetic_v1_dataset_generator
2024-04-30,H_PF_HARBOUR_CORE_RE,Harbour Core Real Estate Fund,Real Estate,17.0984,synthetic_v1_dataset_generator
2024-04-30,H_PF_HOME_MULTIFAMILY,HomeStone Multifamily Fund,Real Estate,10.259,synthetic_v1_dataset_generator
2024-04-30,H_PF_INDIA_DIGITAL,Indigo India Digital Growth Fund,Venture Capital / Growth,9.5604,synthetic_v1_dataset_generator
2024-04-30,H_PF_INFRA_CORE,Evergreen Core Infrastructure Fund,Infrastructure,10.1958,synthetic_v1_dataset_generator
2024-04-30,H_PF_LIONROCK_CREDIT,LionRock Asia Private Credit Fund,Private Credit,14.1121,synthetic_v1_dataset_generator
2024-04-30,H_PF_METRO_LOGISTICS,Metro Logistics Fund,Real Estate,10.6865,synthetic_v1_dataset_generator
2024-04-30,H_PF_NORTHSTAR_IV,Northstar Buyout Fund IV,Private Equity,29.0652,synthetic_v1_dataset_generator
2024-04-30,H_PF_RENEWABLES_II,SolarBridge Renewables Fund II,Infrastructure,8.4965,synthetic_v1_dataset_generator
2024-04-30,H_PF_SEEDSPRING_I,SeedSpring Southeast Asia VC Fund I,Venture Capital / Growth,7.967,synthetic_v1_dataset_generator
2024-04-30,H_PF_SPRING_OPP_CREDIT,Spring Point Opportunistic Credit Fund,Private Credit,14.5397,synthetic_v1_dataset_generator
2024-04-30,H_QAI,Multi-Strategy Liquid Alternatives ETF Proxy,Hedge Funds / Absolute Return,5.9782,synthetic_v1_dataset_generator
2024-04-30,H_QQQ,Invesco QQQ Trust,Global Public Equities,18.2752,synthetic_v1_dataset_generator
2024-04-30,H_SPY,SPDR S&P 500 ETF,Global Public Equities,30.4587,synthetic_v1_dataset_generator
2024-04-30,H_SPY_PUT,S&P 500 Protective Put Overlay,Global Public Equities,1.5229,synthetic_v1_dataset_generator
2024-04-30,H_TLT,iShares 20+ Year Treasury Bond ETF,Fixed Income & Liquid Credit,12.6107,synthetic_v1_dataset_generator
2024-04-30,H_VNQ,US Listed REIT ETF Proxy,Hedge Funds / Absolute Return,5.1241,synthetic_v1_dataset_generator
2024-05-31,H_2800HK,Tracker Fund of Hong Kong ETF,Global Public Equities,9.0989,synthetic_v1_dataset_generator
2024-05-31,H_ACWI,iShares MSCI ACWI ETF,Global Public Equities,15.3725,synthetic_v1_dataset_generator
2024-05-31,H_AGG,iShares Core US Aggregate Bond ETF,Fixed Income & Liquid Credit,21.4457,synthetic_v1_dataset_generator
2024-05-31,H_BABA,Alibaba ADR,Global Public Equities,5.3077,synthetic_v1_dataset_generator
2024-05-31,H_BIL,SPDR 1-3 Month T-Bill ETF,Fixed Income & Liquid Credit,7.1486,synthetic_v1_dataset_generator
2024-05-31,H_BRKB,Berkshire Hathaway Class B,Global Public Equities,8.9989,synthetic_v1_dataset_generator
2024-05-31,H_CASH_HKD,HKD Working Capital,Cash & Liquidity,2.3066,synthetic_v1_dataset_generator
2024-05-31,H_CASH_JPY,JPY Treasury Buffer,Cash & Liquidity,1.5377,synthetic_v1_dataset_generator
2024-05-31,H_CASH_OPS_USD,USD Operating Cash,Cash & Liquidity,11.533,synthetic_v1_dataset_generator
2024-05-31,H_CASH_RESERVE_USD,USD Liquidity Reserve,Cash & Liquidity,4.3249,synthetic_v1_dataset_generator
2024-05-31,H_CASH_SGD,SGD Near-Term Reserve,Cash & Liquidity,1.9222,synthetic_v1_dataset_generator
2024-05-31,H_CNYA,iShares MSCI China A ETF,Global Public Equities,6.0659,synthetic_v1_dataset_generator
2024-05-31,H_DBC,Broad Commodities ETF Proxy,Hedge Funds / Absolute Return,6.767,synthetic_v1_dataset_generator
2024-05-31,H_DBMF,Managed Futures ETF Proxy,Hedge Funds / Absolute Return,8.4587,synthetic_v1_dataset_generator
2024-05-31,H_EEM,iShares MSCI Emerging Markets ETF,Global Public Equities,5.3804,synthetic_v1_dataset_generator
2024-05-31,H_EMB,iShares Emerging Markets Bond ETF,Fixed Income & Liquid Credit,7.1486,synthetic_v1_dataset_generator
2024-05-31,H_ES_SHORT,S&P 500 Overlay Short Future,Global Public Equities,2.2497,synthetic_v1_dataset_generator
2024-05-31,H_EWJ,iShares MSCI Japan ETF,Global Public Equities,5.3535,synthetic_v1_dataset_generator
2024-05-31,H_EWS,iShares MSCI Singapore ETF,Global Public Equities,2.1926,synthetic_v1_dataset_generator
2024-05-31,H_EWY,iShares MSCI South Korea ETF,Global Public Equities,3.7651,synthetic_v1_dataset_generator
2024-05-31,H_GLD,SPDR Gold Shares,Hedge Funds / Absolute Return,8.2915,synthetic_v1_dataset_generator
2024-05-31,H_GMACRO,Global Macro Hedge Fund Sleeve,Hedge Funds / Absolute Return,15.2257,synthetic_v1_dataset_generator
2024-05-31,H_GOOGL,Alphabet Class A,Global Public Equities,6.7491,synthetic_v1_dataset_generator
2024-05-31,H_HSI_FUT,Hang Seng Index Tactical Long Future,Global Public Equities,1.8956,synthetic_v1_dataset_generator
2024-05-31,H_HSTECH,Hang Seng TECH ETF-style Exposure,Global Public Equities,7.5824,synthetic_v1_dataset_generator
2024-05-31,H_HYG,iShares High Yield Corporate Bond ETF,Fixed Income & Liquid Credit,8.0421,synthetic_v1_dataset_generator
2024-05-31,H_IGIB,iShares 5-10 Year Investment Grade Corporate Bond ETF,Fixed Income & Liquid Credit,10.7229,synthetic_v1_dataset_generator
2024-05-31,H_INDA,iShares MSCI India ETF,Global Public Equities,4.9542,synthetic_v1_dataset_generator
2024-05-31,H_JD,JD.com ADR,Global Public Equities,3.7912,synthetic_v1_dataset_generator
2024-05-31,H_LQD,iShares Investment Grade Corporate Bond ETF,Fixed Income & Liquid Credit,7.1486,synthetic_v1_dataset_generator
2024-05-31,H_MKTNEUT,Equity Market Neutral Fund Sleeve,Hedge Funds / Absolute Return,13.534,synthetic_v1_dataset_generator
2024-05-31,H_MSFT,Microsoft,Global Public Equities,7.4991,synthetic_v1_dataset_generator
2024-05-31,H_NQ_SHORT,Nasdaq Overlay Short Future,Global Public Equities,1.4998,synthetic_v1_dataset_generator
2024-05-31,H_NVDA,NVIDIA,Global Public Equities,5.9992,synthetic_v1_dataset_generator
2024-05-31,H_PDD,PDD Holdings ADR,Global Public Equities,4.5495,synthetic_v1_dataset_generator
2024-05-31,H_PF_APAC_LOGISTICS,APAC Logistics Real Estate Fund,Real Estate,6.8475,synthetic_v1_dataset_generator
2024-05-31,H_PF_APEX_SECONDARIES_II,Apex Secondaries Fund II,Private Equity,16.5845,synthetic_v1_dataset_generator
2024-05-31,H_PF_ATLAS_COINV_I,Atlas Co-Investment Fund I,Private Equity,18.2429,synthetic_v1_dataset_generator
2024-05-31,H_PF_BLUE_HORIZON_III,Blue Horizon Ventures III,Venture Capital / Growth,14.3064,synthetic_v1_dataset_generator
2024-05-31,H_PF_CLIMATE_ALPHA,Climate Alpha Fund,Venture Capital / Growth,11.922,synthetic_v1_dataset_generator
2024-05-31,H_PF_COVE_SPECIALTY_FIN,Cove Specialty Finance Fund,Private Credit,11.9992,synthetic_v1_dataset_generator
2024-05-31,H_PF_CRESCENT_DIRECT_LEND,Crescent Direct Lending Fund,Private Credit,17.1416,synthetic_v1_dataset_generator
2024-05-31,H_PF_DIGITAL_INFRA,Horizon Digital Infrastructure Fund,Infrastructure,6.8175,synthetic_v1_dataset_generator
2024-05-31,H_PF_DRAGONBRIDGE,DragonBridge Greater China Fund,Private Equity,23.2183,synthetic_v1_dataset_generator
2024-05-31,H_PF_GLOBAL_GROWTH_II,Redwood Growth Fund II,Venture Capital / Growth,15.896,synthetic_v1_dataset_generator
2024-05-31,H_PF_HARBOR_PEAK_V,Harbor Peak Partners V,Private Equity,24.8767,synthetic_v1_dataset_generator
2024-05-31,H_PF_HARBOUR_CORE_RE,Harbour Core Real Estate Fund,Real Estate,17.1186,synthetic_v1_dataset_generator
2024-05-31,H_PF_HOME_MULTIFAMILY,HomeStone Multifamily Fund,Real Estate,10.2712,synthetic_v1_dataset_generator
2024-05-31,H_PF_INDIA_DIGITAL,Indigo India Digital Growth Fund,Venture Capital / Growth,9.5376,synthetic_v1_dataset_generator
2024-05-31,H_PF_INFRA_CORE,Evergreen Core Infrastructure Fund,Infrastructure,10.2262,synthetic_v1_dataset_generator
2024-05-31,H_PF_LIONROCK_CREDIT,LionRock Asia Private Credit Fund,Private Credit,14.1419,synthetic_v1_dataset_generator
2024-05-31,H_PF_METRO_LOGISTICS,Metro Logistics Fund,Real Estate,10.6992,synthetic_v1_dataset_generator
2024-05-31,H_PF_NORTHSTAR_IV,Northstar Buyout Fund IV,Private Equity,29.0228,synthetic_v1_dataset_generator
2024-05-31,H_PF_RENEWABLES_II,SolarBridge Renewables Fund II,Infrastructure,8.5219,synthetic_v1_dataset_generator
2024-05-31,H_PF_SEEDSPRING_I,SeedSpring Southeast Asia VC Fund I,Venture Capital / Growth,7.948,synthetic_v1_dataset_generator
2024-05-31,H_PF_SPRING_OPP_CREDIT,Spring Point Opportunistic Credit Fund,Private Credit,14.5704,synthetic_v1_dataset_generator
2024-05-31,H_QAI,Multi-Strategy Liquid Alternatives ETF Proxy,Hedge Funds / Absolute Return,5.9211,synthetic_v1_dataset_generator
2024-05-31,H_QQQ,Invesco QQQ Trust,Global Public Equities,17.9977,synthetic_v1_dataset_generator
2024-05-31,H_SPY,SPDR S&P 500 ETF,Global Public Equities,29.9962,synthetic_v1_dataset_generator
2024-05-31,H_SPY_PUT,S&P 500 Protective Put Overlay,Global Public Equities,1.4998,synthetic_v1_dataset_generator
2024-05-31,H_TLT,iShares 20+ Year Treasury Bond ETF,Fixed Income & Liquid Credit,12.51,synthetic_v1_dataset_generator
2024-05-31,H_VNQ,US Listed REIT ETF Proxy,Hedge Funds / Absolute Return,5.0752,synthetic_v1_dataset_generator
2024-06-30,H_2800HK,Tracker Fund of Hong Kong ETF,Global Public Equities,9.0109,synthetic_v1_dataset_generator
2024-06-30,H_ACWI,iShares MSCI ACWI ETF,Global Public Equities,15.3081,synthetic_v1_dataset_generator
2024-06-30,H_AGG,iShares Core US Aggregate Bond ETF,Fixed Income & Liquid Credit,21.3417,synthetic_v1_dataset_generator
2024-06-30,H_BABA,Alibaba ADR,Global Public Equities,5.2563,synthetic_v1_dataset_generator
2024-06-30,H_BIL,SPDR 1-3 Month T-Bill ETF,Fixed Income & Liquid Credit,7.1139,synthetic_v1_dataset_generator
2024-06-30,H_BRKB,Berkshire Hathaway Class B,Global Public Equities,8.9123,synthetic_v1_dataset_generator
2024-06-30,H_CASH_HKD,HKD Working Capital,Cash & Liquidity,2.3062,synthetic_v1_dataset_generator
2024-06-30,H_CASH_JPY,JPY Treasury Buffer,Cash & Liquidity,1.5375,synthetic_v1_dataset_generator
2024-06-30,H_CASH_OPS_USD,USD Operating Cash,Cash & Liquidity,11.5309,synthetic_v1_dataset_generator
2024-06-30,H_CASH_RESERVE_USD,USD Liquidity Reserve,Cash & Liquidity,4.3241,synthetic_v1_dataset_generator
2024-06-30,H_CASH_SGD,SGD Near-Term Reserve,Cash & Liquidity,1.9218,synthetic_v1_dataset_generator
2024-06-30,H_CNYA,iShares MSCI China A ETF,Global Public Equities,6.0072,synthetic_v1_dataset_generator
2024-06-30,H_DBC,Broad Commodities ETF Proxy,Hedge Funds / Absolute Return,6.7342,synthetic_v1_dataset_generator
2024-06-30,H_DBMF,Managed Futures ETF Proxy,Hedge Funds / Absolute Return,8.4177,synthetic_v1_dataset_generator
2024-06-30,H_EEM,iShares MSCI Emerging Markets ETF,Global Public Equities,5.3578,synthetic_v1_dataset_generator
2024-06-30,H_EMB,iShares Emerging Markets Bond ETF,Fixed Income & Liquid Credit,7.1139,synthetic_v1_dataset_generator
2024-06-30,H_ES_SHORT,S&P 500 Overlay Short Future,Global Public Equities,2.2281,synthetic_v1_dataset_generator
2024-06-30,H_EWJ,iShares MSCI Japan ETF,Global Public Equities,5.3429,synthetic_v1_dataset_generator
2024-06-30,H_EWS,iShares MSCI Singapore ETF,Global Public Equities,2.2002,synthetic_v1_dataset_generator
2024-06-30,H_EWY,iShares MSCI South Korea ETF,Global Public Equities,3.7583,synthetic_v1_dataset_generator
2024-06-30,H_GLD,SPDR Gold Shares,Hedge Funds / Absolute Return,8.206,synthetic_v1_dataset_generator
2024-06-30,H_GMACRO,Global Macro Hedge Fund Sleeve,Hedge Funds / Absolute Return,15.1519,synthetic_v1_dataset_generator
2024-06-30,H_GOOGL,Alphabet Class A,Global Public Equities,6.6842,synthetic_v1_dataset_generator
2024-06-30,H_HSI_FUT,Hang Seng Index Tactical Long Future,Global Public Equities,1.8773,synthetic_v1_dataset_generator
2024-06-30,H_HSTECH,Hang Seng TECH ETF-style Exposure,Global Public Equities,7.5091,synthetic_v1_dataset_generator
2024-06-30,H_HYG,iShares High Yield Corporate Bond ETF,Fixed Income & Liquid Credit,8.0031,synthetic_v1_dataset_generator
2024-06-30,H_IGIB,iShares 5-10 Year Investment Grade Corporate Bond ETF,Fixed Income & Liquid Credit,10.6709,synthetic_v1_dataset_generator
2024-06-30,H_INDA,iShares MSCI India ETF,Global Public Equities,4.9093,synthetic_v1_dataset_generator
2024-06-30,H_JD,JD.com ADR,Global Public Equities,3.7545,synthetic_v1_dataset_generator
2024-06-30,H_LQD,iShares Investment Grade Corporate Bond ETF,Fixed Income & Liquid Credit,7.1139,synthetic_v1_dataset_generator
2024-06-30,H_MKTNEUT,Equity Market Neutral Fund Sleeve,Hedge Funds / Absolute Return,13.4684,synthetic_v1_dataset_generator
2024-06-30,H_MSFT,Microsoft,Global Public Equities,7.4269,synthetic_v1_dataset_generator
2024-06-30,H_NQ_SHORT,Nasdaq Overlay Short Future,Global Public Equities,1.4854,synthetic_v1_dataset_generator
2024-06-30,H_NVDA,NVIDIA,Global Public Equities,5.9415,synthetic_v1_dataset_generator
2024-06-30,H_PDD,PDD Holdings ADR,Global Public Equities,4.5054,synthetic_v1_dataset_generator
2024-06-30,H_PF_APAC_LOGISTICS,APAC Logistics Real Estate Fund,Real Estate,6.8706,synthetic_v1_dataset_generator
2024-06-30,H_PF_APEX_SECONDARIES_II,Apex Secondaries Fund II,Private Equity,16.5911,synthetic_v1_dataset_generator
2024-06-30,H_PF_ATLAS_COINV_I,Atlas Co-Investment Fund I,Private Equity,18.2502,synthetic_v1_dataset_generator
2024-06-30,H_PF_BLUE_HORIZON_III,Blue Horizon Ventures III,Venture Capital / Growth,14.3189,synthetic_v1_dataset_generator
2024-06-30,H_PF_CLIMATE_ALPHA,Climate Alpha Fund,Venture Capital / Growth,11.9324,synthetic_v1_dataset_generator
2024-06-30,H_PF_COVE_SPECIALTY_FIN,Cove Specialty Finance Fund,Private Credit,12.0411,synthetic_v1_dataset_generator
2024-06-30,H_PF_CRESCENT_DIRECT_LEND,Crescent Direct Lending Fund,Private Credit,17.2016,synthetic_v1_dataset_generator
2024-06-30,H_PF_DIGITAL_INFRA,Horizon Digital Infrastructure Fund,Infrastructure,6.8503,synthetic_v1_dataset_generator
2024-06-30,H_PF_DRAGONBRIDGE,DragonBridge Greater China Fund,Private Equity,23.2276,synthetic_v1_dataset_generator
2024-06-30,H_PF_GLOBAL_GROWTH_II,Redwood Growth Fund II,Venture Capital / Growth,15.9099,synthetic_v1_dataset_generator
2024-06-30,H_PF_HARBOR_PEAK_V,Harbor Peak Partners V,Private Equity,24.8867,synthetic_v1_dataset_generator
2024-06-30,H_PF_HARBOUR_CORE_RE,Harbour Core Real Estate Fund,Real Estate,17.1765,synthetic_v1_dataset_generator
2024-06-30,H_PF_HOME_MULTIFAMILY,HomeStone Multifamily Fund,Real Estate,10.3059,synthetic_v1_dataset_generator
2024-06-30,H_PF_INDIA_DIGITAL,Indigo India Digital Growth Fund,Venture Capital / Growth,9.5459,synthetic_v1_dataset_generator
2024-06-30,H_PF_INFRA_CORE,Evergreen Core Infrastructure Fund,Infrastructure,10.2755,synthetic_v1_dataset_generator
2024-06-30,H_PF_LIONROCK_CREDIT,LionRock Asia Private Credit Fund,Private Credit,14.1913,synthetic_v1_dataset_generator
2024-06-30,H_PF_METRO_LOGISTICS,Metro Logistics Fund,Real Estate,10.7353,synthetic_v1_dataset_generator
2024-06-30,H_PF_NORTHSTAR_IV,Northstar Buyout Fund IV,Private Equity,29.0345,synthetic_v1_dataset_generator
2024-06-30,H_PF_RENEWABLES_II,SolarBridge Renewables Fund II,Infrastructure,8.5629,synthetic_v1_dataset_generator
2024-06-30,H_PF_SEEDSPRING_I,SeedSpring Southeast Asia VC Fund I,Venture Capital / Growth,7.9549,synthetic_v1_dataset_generator
2024-06-30,H_PF_SPRING_OPP_CREDIT,Spring Point Opportunistic Credit Fund,Private Credit,14.6213,synthetic_v1_dataset_generator
2024-06-30,H_QAI,Multi-Strategy Liquid Alternatives ETF Proxy,Hedge Funds / Absolute Return,5.8924,synthetic_v1_dataset_generator
2024-06-30,H_QQQ,Invesco QQQ Trust,Global Public Equities,17.8245,synthetic_v1_dataset_generator
2024-06-30,H_SPY,SPDR S&P 500 ETF,Global Public Equities,29.7075,synthetic_v1_dataset_generator
2024-06-30,H_SPY_PUT,S&P 500 Protective Put Overlay,Global Public Equities,1.4854,synthetic_v1_dataset_generator
2024-06-30,H_TLT,iShares 20+ Year Treasury Bond ETF,Fixed Income & Liquid Credit,12.4493,synthetic_v1_dataset_generator
2024-06-30,H_VNQ,US Listed REIT ETF Proxy,Hedge Funds / Absolute Return,5.0506,synthetic_v1_dataset_generator
2024-07-31,H_2800HK,Tracker Fund of Hong Kong ETF,Global Public Equities,9.0409,synthetic_v1_dataset_generator
2024-07-31,H_ACWI,iShares MSCI ACWI ETF,Global Public Equities,15.3535,synthetic_v1_dataset_generator
2024-07-31,H_AGG,iShares Core US Aggregate Bond ETF,Fixed Income & Liquid Credit,21.3289,synthetic_v1_dataset_generator
2024-07-31,H_BABA,Alibaba ADR,Global Public Equities,5.2739,synthetic_v1_dataset_generator
2024-07-31,H_BIL,SPDR 1-3 Month T-Bill ETF,Fixed Income & Liquid Credit,7.1096,synthetic_v1_dataset_generator
2024-07-31,H_BRKB,Berkshire Hathaway Class B,Global Public Equities,8.899,synthetic_v1_dataset_generator
2024-07-31,H_CASH_HKD,HKD Working Capital,Cash & Liquidity,2.3074,synthetic_v1_dataset_generator
2024-07-31,H_CASH_JPY,JPY Treasury Buffer,Cash & Liquidity,1.5382,synthetic_v1_dataset_generator
2024-07-31,H_CASH_OPS_USD,USD Operating Cash,Cash & Liquidity,11.5368,synthetic_v1_dataset_generator
2024-07-31,H_CASH_RESERVE_USD,USD Liquidity Reserve,Cash & Liquidity,4.3263,synthetic_v1_dataset_generator
2024-07-31,H_CASH_SGD,SGD Near-Term Reserve,Cash & Liquidity,1.9228,synthetic_v1_dataset_generator
2024-07-31,H_CNYA,iShares MSCI China A ETF,Global Public Equities,6.0273,synthetic_v1_dataset_generator
2024-07-31,H_DBC,Broad Commodities ETF Proxy,Hedge Funds / Absolute Return,6.7426,synthetic_v1_dataset_generator
2024-07-31,H_DBMF,Managed Futures ETF Proxy,Hedge Funds / Absolute Return,8.4283,synthetic_v1_dataset_generator
2024-07-31,H_EEM,iShares MSCI Emerging Markets ETF,Global Public Equities,5.3737,synthetic_v1_dataset_generator
2024-07-31,H_EMB,iShares Emerging Markets Bond ETF,Fixed Income & Liquid Credit,7.1096,synthetic_v1_dataset_generator
2024-07-31,H_ES_SHORT,S&P 500 Overlay Short Future,Global Public Equities,2.2248,synthetic_v1_dataset_generator
2024-07-31,H_EWJ,iShares MSCI Japan ETF,Global Public Equities,5.3732,synthetic_v1_dataset_generator
2024-07-31,H_EWS,iShares MSCI Singapore ETF,Global Public Equities,2.2272,synthetic_v1_dataset_generator
2024-07-31,H_EWY,iShares MSCI South Korea ETF,Global Public Equities,3.7869,synthetic_v1_dataset_generator
2024-07-31,H_GLD,SPDR Gold Shares,Hedge Funds / Absolute Return,8.1813,synthetic_v1_dataset_generator
2024-07-31,H_GMACRO,Global Macro Hedge Fund Sleeve,Hedge Funds / Absolute Return,15.171,synthetic_v1_dataset_generator
2024-07-31,H_GOOGL,Alphabet Class A,Global Public Equities,6.6743,synthetic_v1_dataset_generator
2024-07-31,H_HSI_FUT,Hang Seng Index Tactical Long Future,Global Public Equities,1.8835,synthetic_v1_dataset_generator
2024-07-31,H_HSTECH,Hang Seng TECH ETF-style Exposure,Global Public Equities,7.5341,synthetic_v1_dataset_generator
2024-07-31,H_HYG,iShares High Yield Corporate Bond ETF,Fixed Income & Liquid Credit,7.9983,synthetic_v1_dataset_generator
2024-07-31,H_IGIB,iShares 5-10 Year Investment Grade Corporate Bond ETF,Fixed Income & Liquid Credit,10.6645,synthetic_v1_dataset_generator
2024-07-31,H_INDA,iShares MSCI India ETF,Global Public Equities,4.9147,synthetic_v1_dataset_generator
2024-07-31,H_JD,JD.com ADR,Global Public Equities,3.767,synthetic_v1_dataset_generator
2024-07-31,H_LQD,iShares Investment Grade Corporate Bond ETF,Fixed Income & Liquid Credit,7.1096,synthetic_v1_dataset_generator
2024-07-31,H_MKTNEUT,Equity Market Neutral Fund Sleeve,Hedge Funds / Absolute Return,13.4853,synthetic_v1_dataset_generator
2024-07-31,H_MSFT,Microsoft,Global Public Equities,7.4159,synthetic_v1_dataset_generator
2024-07-31,H_NQ_SHORT,Nasdaq Overlay Short Future,Global Public Equities,1.4832,synthetic_v1_dataset_generator
2024-07-31,H_NVDA,NVIDIA,Global Public Equities,5.9327,synthetic_v1_dataset_generator
2024-07-31,H_PDD,PDD Holdings ADR,Global Public Equities,4.5205,synthetic_v1_dataset_generator
2024-07-31,H_PF_APAC_LOGISTICS,APAC Logistics Real Estate Fund,Real Estate,6.9111,synthetic_v1_dataset_generator
2024-07-31,H_PF_APEX_SECONDARIES_II,Apex Secondaries Fund II,Private Equity,16.6421,synthetic_v1_dataset_generator
2024-07-31,H_PF_ATLAS_COINV_I,Atlas Co-Investment Fund I,Private Equity,18.3063,synthetic_v1_dataset_generator
2024-07-31,H_PF_BLUE_HORIZON_III,Blue Horizon Ventures III,Venture Capital / Growth,14.3929,synthetic_v1_dataset_generator
2024-07-31,H_PF_CLIMATE_ALPHA,Climate Alpha Fund,Venture Capital / Growth,11.994,synthetic_v1_dataset_generator
2024-07-31,H_PF_COVE_SPECIALTY_FIN,Cove Specialty Finance Fund,Private Credit,12.1047,synthetic_v1_dataset_generator
2024-07-31,H_PF_CRESCENT_DIRECT_LEND,Crescent Direct Lending Fund,Private Credit,17.2924,synthetic_v1_dataset_generator
2024-07-31,H_PF_DIGITAL_INFRA,Horizon Digital Infrastructure Fund,Infrastructure,6.8975,synthetic_v1_dataset_generator
2024-07-31,H_PF_DRAGONBRIDGE,DragonBridge Greater China Fund,Private Equity,23.299,synthetic_v1_dataset_generator
2024-07-31,H_PF_GLOBAL_GROWTH_II,Redwood Growth Fund II,Venture Capital / Growth,15.9921,synthetic_v1_dataset_generator
2024-07-31,H_PF_HARBOR_PEAK_V,Harbor Peak Partners V,Private Equity,24.9632,synthetic_v1_dataset_generator
2024-07-31,H_PF_HARBOUR_CORE_RE,Harbour Core Real Estate Fund,Real Estate,17.2778,synthetic_v1_dataset_generator
2024-07-31,H_PF_HOME_MULTIFAMILY,HomeStone Multifamily Fund,Real Estate,10.3667,synthetic_v1_dataset_generator
2024-07-31,H_PF_INDIA_DIGITAL,Indigo India Digital Growth Fund,Venture Capital / Growth,9.5952,synthetic_v1_dataset_generator
2024-07-31,H_PF_INFRA_CORE,Evergreen Core Infrastructure Fund,Infrastructure,10.3463,synthetic_v1_dataset_generator
2024-07-31,H_PF_LIONROCK_CREDIT,LionRock Asia Private Credit Fund,Private Credit,14.2663,synthetic_v1_dataset_generator
2024-07-31,H_PF_METRO_LOGISTICS,Metro Logistics Fund,Real Estate,10.7986,synthetic_v1_dataset_generator
2024-07-31,H_PF_NORTHSTAR_IV,Northstar Buyout Fund IV,Private Equity,29.1237,synthetic_v1_dataset_generator
2024-07-31,H_PF_RENEWABLES_II,SolarBridge Renewables Fund II,Infrastructure,8.6219,synthetic_v1_dataset_generator
2024-07-31,H_PF_SEEDSPRING_I,SeedSpring Southeast Asia VC Fund I,Venture Capital / Growth,7.996,synthetic_v1_dataset_generator
2024-07-31,H_PF_SPRING_OPP_CREDIT,Spring Point Opportunistic Credit Fund,Private Credit,14.6986,synthetic_v1_dataset_generator
2024-07-31,H_QAI,Multi-Strategy Liquid Alternatives ETF Proxy,Hedge Funds / Absolute Return,5.8998,synthetic_v1_dataset_generator
2024-07-31,H_QQQ,Invesco QQQ Trust,Global Public Equities,17.7981,synthetic_v1_dataset_generator
2024-07-31,H_SPY,SPDR S&P 500 ETF,Global Public Equities,29.6635,synthetic_v1_dataset_generator
2024-07-31,H_SPY_PUT,S&P 500 Protective Put Overlay,Global Public Equities,1.4832,synthetic_v1_dataset_generator
2024-07-31,H_TLT,iShares 20+ Year Treasury Bond ETF,Fixed Income & Liquid Credit,12.4419,synthetic_v1_dataset_generator
2024-07-31,H_VNQ,US Listed REIT ETF Proxy,Hedge Funds / Absolute Return,5.057,synthetic_v1_dataset_generator
2024-08-31,H_2800HK,Tracker Fund of Hong Kong ETF,Global Public Equities,9.1954,synthetic_v1_dataset_generator
2024-08-31,H_ACWI,iShares MSCI ACWI ETF,Global Public Equities,15.521,synthetic_v1_dataset_generator
2024-08-31,H_AGG,iShares Core US Aggregate Bond ETF,Fixed Income & Liquid Credit,21.4186,synthetic_v1_dataset_generator
2024-08-31,H_BABA,Alibaba ADR,Global Public Equities,5.364,synthetic_v1_dataset_generator
2024-08-31,H_BIL,SPDR 1-3 Month T-Bill ETF,Fixed Income & Liquid Credit,7.1395,synthetic_v1_dataset_generator
2024-08-31,H_BRKB,Berkshire Hathaway Class B,Global Public Equities,8.9715,synthetic_v1_dataset_generator
2024-08-31,H_CASH_HKD,HKD Working Capital,Cash & Liquidity,2.3103,synthetic_v1_dataset_generator
2024-08-31,H_CASH_JPY,JPY Treasury Buffer,Cash & Liquidity,1.5402,synthetic_v1_dataset_generator
2024-08-31,H_CASH_OPS_USD,USD Operating Cash,Cash & Liquidity,11.5515,synthetic_v1_dataset_generator
2024-08-31,H_CASH_RESERVE_USD,USD Liquidity Reserve,Cash & Liquidity,4.3318,synthetic_v1_dataset_generator
2024-08-31,H_CASH_SGD,SGD Near-Term Reserve,Cash & Liquidity,1.9253,synthetic_v1_dataset_generator
2024-08-31,H_CNYA,iShares MSCI China A ETF,Global Public Equities,6.1303,synthetic_v1_dataset_generator
2024-08-31,H_DBC,Broad Commodities ETF Proxy,Hedge Funds / Absolute Return,6.7964,synthetic_v1_dataset_generator
2024-08-31,H_DBMF,Managed Futures ETF Proxy,Hedge Funds / Absolute Return,8.4955,synthetic_v1_dataset_generator
2024-08-31,H_EEM,iShares MSCI Emerging Markets ETF,Global Public Equities,5.4323,synthetic_v1_dataset_generator
2024-08-31,H_EMB,iShares Emerging Markets Bond ETF,Fixed Income & Liquid Credit,7.1395,synthetic_v1_dataset_generator
2024-08-31,H_ES_SHORT,S&P 500 Overlay Short Future,Global Public Equities,2.2429,synthetic_v1_dataset_generator
2024-08-31,H_EWJ,iShares MSCI Japan ETF,Global Public Equities,5.4472,synthetic_v1_dataset_generator
2024-08-31,H_EWS,iShares MSCI Singapore ETF,Global Public Equities,2.274,synthetic_v1_dataset_generator
2024-08-31,H_EWY,iShares MSCI South Korea ETF,Global Public Equities,3.8524,synthetic_v1_dataset_generator
2024-08-31,H_GLD,SPDR Gold Shares,Hedge Funds / Absolute Return,8.2253,synthetic_v1_dataset_generator
2024-08-31,H_GMACRO,Global Macro Hedge Fund Sleeve,Hedge Funds / Absolute Return,15.2919,synthetic_v1_dataset_generator
2024-08-31,H_GOOGL,Alphabet Class A,Global Public Equities,6.7287,synthetic_v1_dataset_generator
2024-08-31,H_HSI_FUT,Hang Seng Index Tactical Long Future,Global Public Equities,1.9157,synthetic_v1_dataset_generator
2024-08-31,H_HSTECH,Hang Seng TECH ETF-style Exposure,Global Public Equities,7.6629,synthetic_v1_dataset_generator
2024-08-31,H_HYG,iShares High Yield Corporate Bond ETF,Fixed Income & Liquid Credit,8.032,synthetic_v1_dataset_generator
2024-08-31,H_IGIB,iShares 5-10 Year Investment Grade Corporate Bond ETF,Fixed Income & Liquid Credit,10.7093,synthetic_v1_dataset_generator
2024-08-31,H_INDA,iShares MSCI India ETF,Global Public Equities,4.9773,synthetic_v1_dataset_generator
2024-08-31,H_JD,JD.com ADR,Global Public Equities,3.8314,synthetic_v1_dataset_generator
2024-08-31,H_LQD,iShares Investment Grade Corporate Bond ETF,Fixed Income & Liquid Credit,7.1395,synthetic_v1_dataset_generator
2024-08-31,H_MKTNEUT,Equity Market Neutral Fund Sleeve,Hedge Funds / Absolute Return,13.5928,synthetic_v1_dataset_generator
2024-08-31,H_MSFT,Microsoft,Global Public Equities,7.4763,synthetic_v1_dataset_generator
2024-08-31,H_NQ_SHORT,Nasdaq Overlay Short Future,Global Public Equities,1.4953,synthetic_v1_dataset_generator
2024-08-31,H_NVDA,NVIDIA,Global Public Equities,5.981,synthetic_v1_dataset_generator
2024-08-31,H_PDD,PDD Holdings ADR,Global Public Equities,4.5977,synthetic_v1_dataset_generator
2024-08-31,H_PF_APAC_LOGISTICS,APAC Logistics Real Estate Fund,Real Estate,6.9694,synthetic_v1_dataset_generator
2024-08-31,H_PF_APEX_SECONDARIES_II,Apex Secondaries Fund II,Private Equity,16.7458,synthetic_v1_dataset_generator
2024-08-31,H_PF_ATLAS_COINV_I,Atlas Co-Investment Fund I,Private Equity,18.4203,synthetic_v1_dataset_generator
2024-08-31,H_PF_BLUE_HORIZON_III,Blue Horizon Ventures III,Venture Capital / Growth,14.5359,synthetic_v1_dataset_generator
2024-08-31,H_PF_CLIMATE_ALPHA,Climate Alpha Fund,Venture Capital / Growth,12.1132,synthetic_v1_dataset_generator
2024-08-31,H_PF_COVE_SPECIALTY_FIN,Cove Specialty Finance Fund,Private Credit,12.1923,synthetic_v1_dataset_generator
2024-08-31,H_PF_CRESCENT_DIRECT_LEND,Crescent Direct Lending Fund,Private Credit,17.4176,synthetic_v1_dataset_generator
2024-08-31,H_PF_DIGITAL_INFRA,Horizon Digital Infrastructure Fund,Infrastructure,6.9591,synthetic_v1_dataset_generator
2024-08-31,H_PF_DRAGONBRIDGE,DragonBridge Greater China Fund,Private Equity,23.4441,synthetic_v1_dataset_generator
2024-08-31,H_PF_GLOBAL_GROWTH_II,Redwood Growth Fund II,Venture Capital / Growth,16.151,synthetic_v1_dataset_generator
2024-08-31,H_PF_HARBOR_PEAK_V,Harbor Peak Partners V,Private Equity,25.1186,synthetic_v1_dataset_generator
2024-08-31,H_PF_HARBOUR_CORE_RE,Harbour Core Real Estate Fund,Real Estate,17.4234,synthetic_v1_dataset_generator
2024-08-31,H_PF_HOME_MULTIFAMILY,HomeStone Multifamily Fund,Real Estate,10.4541,synthetic_v1_dataset_generator
2024-08-31,H_PF_INDIA_DIGITAL,Indigo India Digital Growth Fund,Venture Capital / Growth,9.6906,synthetic_v1_dataset_generator
2024-08-31,H_PF_INFRA_CORE,Evergreen Core Infrastructure Fund,Infrastructure,10.4387,synthetic_v1_dataset_generator
2024-08-31,H_PF_LIONROCK_CREDIT,LionRock Asia Private Credit Fund,Private Credit,14.3695,synthetic_v1_dataset_generator
2024-08-31,H_PF_METRO_LOGISTICS,Metro Logistics Fund,Real Estate,10.8896,synthetic_v1_dataset_generator
2024-08-31,H_PF_NORTHSTAR_IV,Northstar Buyout Fund IV,Private Equity,29.3051,synthetic_v1_dataset_generator
2024-08-31,H_PF_RENEWABLES_II,SolarBridge Renewables Fund II,Infrastructure,8.6989,synthetic_v1_dataset_generator
2024-08-31,H_PF_SEEDSPRING_I,SeedSpring Southeast Asia VC Fund I,Venture Capital / Growth,8.0755,synthetic_v1_dataset_generator
2024-08-31,H_PF_SPRING_OPP_CREDIT,Spring Point Opportunistic Credit Fund,Private Credit,14.8049,synthetic_v1_dataset_generator
2024-08-31,H_QAI,Multi-Strategy Liquid Alternatives ETF Proxy,Hedge Funds / Absolute Return,5.9469,synthetic_v1_dataset_generator
2024-08-31,H_QQQ,Invesco QQQ Trust,Global Public Equities,17.9431,synthetic_v1_dataset_generator
2024-08-31,H_SPY,SPDR S&P 500 ETF,Global Public Equities,29.9052,synthetic_v1_dataset_generator
2024-08-31,H_SPY_PUT,S&P 500 Protective Put Overlay,Global Public Equities,1.4953,synthetic_v1_dataset_generator
2024-08-31,H_TLT,iShares 20+ Year Treasury Bond ETF,Fixed Income & Liquid Credit,12.4942,synthetic_v1_dataset_generator
2024-08-31,H_VNQ,US Listed REIT ETF Proxy,Hedge Funds / Absolute Return,5.0973,synthetic_v1_dataset_generator
2024-09-30,H_2800HK,Tracker Fund of Hong Kong ETF,Global Public Equities,9.467,synthetic_v1_dataset_generator
2024-09-30,H_ACWI,iShares MSCI ACWI ETF,Global Public Equities,15.8077,synthetic_v1_dataset_generator
2024-09-30,H_AGG,iShares Core US Aggregate Bond ETF,Fixed Income & Liquid Credit,21.6079,synthetic_v1_dataset_generator
2024-09-30,H_BABA,Alibaba ADR,Global Public Equities,5.5224,synthetic_v1_dataset_generator
2024-09-30,H_BIL,SPDR 1-3 Month T-Bill ETF,Fixed Income & Liquid Credit,7.2026,synthetic_v1_dataset_generator
2024-09-30,H_BRKB,Berkshire Hathaway Class B,Global Public Equities,9.1314,synthetic_v1_dataset_generator
2024-09-30,H_CASH_HKD,HKD Working Capital,Cash & Liquidity,2.315,synthetic_v1_dataset_generator
2024-09-30,H_CASH_JPY,JPY Treasury Buffer,Cash & Liquidity,1.5433,synthetic_v1_dataset_generator
2024-09-30,H_CASH_OPS_USD,USD Operating Cash,Cash & Liquidity,11.5748,synthetic_v1_dataset_generator
2024-09-30,H_CASH_RESERVE_USD,USD Liquidity Reserve,Cash & Liquidity,4.3405,synthetic_v1_dataset_generator
2024-09-30,H_CASH_SGD,SGD Near-Term Reserve,Cash & Liquidity,1.9291,synthetic_v1_dataset_generator
2024-09-30,H_CNYA,iShares MSCI China A ETF,Global Public Equities,6.3113,synthetic_v1_dataset_generator
2024-09-30,H_DBC,Broad Commodities ETF Proxy,Hedge Funds / Absolute Return,6.8934,synthetic_v1_dataset_generator
2024-09-30,H_DBMF,Managed Futures ETF Proxy,Hedge Funds / Absolute Return,8.6167,synthetic_v1_dataset_generator
2024-09-30,H_EEM,iShares MSCI Emerging Markets ETF,Global Public Equities,5.5327,synthetic_v1_dataset_generator
2024-09-30,H_EMB,iShares Emerging Markets Bond ETF,Fixed Income & Liquid Credit,7.2026,synthetic_v1_dataset_generator
2024-09-30,H_ES_SHORT,S&P 500 Overlay Short Future,Global Public Equities,2.2829,synthetic_v1_dataset_generator
2024-09-30,H_EWJ,iShares MSCI Japan ETF,Global Public Equities,5.5623,synthetic_v1_dataset_generator
2024-09-30,H_EWS,iShares MSCI Singapore ETF,Global Public Equities,2.3386,synthetic_v1_dataset_generator
2024-09-30,H_EWY,iShares MSCI South Korea ETF,Global Public Equities,3.952,synthetic_v1_dataset_generator
2024-09-30,H_GLD,SPDR Gold Shares,Hedge Funds / Absolute Return,8.3373,synthetic_v1_dataset_generator
2024-09-30,H_GMACRO,Global Macro Hedge Fund Sleeve,Hedge Funds / Absolute Return,15.5101,synthetic_v1_dataset_generator
2024-09-30,H_GOOGL,Alphabet Class A,Global Public Equities,6.8486,synthetic_v1_dataset_generator
2024-09-30,H_HSI_FUT,Hang Seng Index Tactical Long Future,Global Public Equities,1.9723,synthetic_v1_dataset_generator
2024-09-30,H_HSTECH,Hang Seng TECH ETF-style Exposure,Global Public Equities,7.8891,synthetic_v1_dataset_generator
2024-09-30,H_HYG,iShares High Yield Corporate Bond ETF,Fixed Income & Liquid Credit,8.103,synthetic_v1_dataset_generator
2024-09-30,H_IGIB,iShares 5-10 Year Investment Grade Corporate Bond ETF,Fixed Income & Liquid Credit,10.804,synthetic_v1_dataset_generator
2024-09-30,H_INDA,iShares MSCI India ETF,Global Public Equities,5.0974,synthetic_v1_dataset_generator
2024-09-30,H_JD,JD.com ADR,Global Public Equities,3.9446,synthetic_v1_dataset_generator
2024-09-30,H_LQD,iShares Investment Grade Corporate Bond ETF,Fixed Income & Liquid Credit,7.2026,synthetic_v1_dataset_generator
2024-09-30,H_MKTNEUT,Equity Market Neutral Fund Sleeve,Hedge Funds / Absolute Return,13.7868,synthetic_v1_dataset_generator
2024-09-30,H_MSFT,Microsoft,Global Public Equities,7.6095,synthetic_v1_dataset_generator
2024-09-30,H_NQ_SHORT,Nasdaq Overlay Short Future,Global Public Equities,1.5219,synthetic_v1_dataset_generator
2024-09-30,H_NVDA,NVIDIA,Global Public Equities,6.0876,synthetic_v1_dataset_generator
2024-09-30,H_PDD,PDD Holdings ADR,Global Public Equities,4.7335,synthetic_v1_dataset_generator
2024-09-30,H_PF_APAC_LOGISTICS,APAC Logistics Real Estate Fund,Real Estate,7.0433,synthetic_v1_dataset_generator
2024-09-30,H_PF_APEX_SECONDARIES_II,Apex Secondaries Fund II,Private Equity,16.9035,synthetic_v1_dataset_generator
2024-09-30,H_PF_ATLAS_COINV_I,Atlas Co-Investment Fund I,Private Equity,18.5939,synthetic_v1_dataset_generator
2024-09-30,H_PF_BLUE_HORIZON_III,Blue Horizon Ventures III,Venture Capital / Growth,14.7462,synthetic_v1_dataset_generator
2024-09-30,H_PF_CLIMATE_ALPHA,Climate Alpha Fund,Venture Capital / Growth,12.2885,synthetic_v1_dataset_generator
2024-09-30,H_PF_COVE_SPECIALTY_FIN,Cove Specialty Finance Fund,Private Credit,12.3025,synthetic_v1_dataset_generator
2024-09-30,H_PF_CRESCENT_DIRECT_LEND,Crescent Direct Lending Fund,Private Credit,17.575,synthetic_v1_dataset_generator
2024-09-30,H_PF_DIGITAL_INFRA,Horizon Digital Infrastructure Fund,Infrastructure,7.033,synthetic_v1_dataset_generator
2024-09-30,H_PF_DRAGONBRIDGE,DragonBridge Greater China Fund,Private Equity,23.6649,synthetic_v1_dataset_generator
2024-09-30,H_PF_GLOBAL_GROWTH_II,Redwood Growth Fund II,Venture Capital / Growth,16.3847,synthetic_v1_dataset_generator
2024-09-30,H_PF_HARBOR_PEAK_V,Harbor Peak Partners V,Private Equity,25.3553,synthetic_v1_dataset_generator
2024-09-30,H_PF_HARBOUR_CORE_RE,Harbour Core Real Estate Fund,Real Estate,17.6083,synthetic_v1_dataset_generator
2024-09-30,H_PF_HOME_MULTIFAMILY,HomeStone Multifamily Fund,Real Estate,10.565,synthetic_v1_dataset_generator
2024-09-30,H_PF_INDIA_DIGITAL,Indigo India Digital Growth Fund,Venture Capital / Growth,9.8308,synthetic_v1_dataset_generator
2024-09-30,H_PF_INFRA_CORE,Evergreen Core Infrastructure Fund,Infrastructure,10.5495,synthetic_v1_dataset_generator
2024-09-30,H_PF_LIONROCK_CREDIT,LionRock Asia Private Credit Fund,Private Credit,14.4994,synthetic_v1_dataset_generator
2024-09-30,H_PF_METRO_LOGISTICS,Metro Logistics Fund,Real Estate,11.0052,synthetic_v1_dataset_generator
2024-09-30,H_PF_NORTHSTAR_IV,Northstar Buyout Fund IV,Private Equity,29.5811,synthetic_v1_dataset_generator
2024-09-30,H_PF_RENEWABLES_II,SolarBridge Renewables Fund II,Infrastructure,8.7913,synthetic_v1_dataset_generator
2024-09-30,H_PF_SEEDSPRING_I,SeedSpring Southeast Asia VC Fund I,Venture Capital / Growth,8.1923,synthetic_v1_dataset_generator
2024-09-30,H_PF_SPRING_OPP_CREDIT,Spring Point Opportunistic Credit Fund,Private Credit,14.9387,synthetic_v1_dataset_generator
2024-09-30,H_QAI,Multi-Strategy Liquid Alternatives ETF Proxy,Hedge Funds / Absolute Return,6.0317,synthetic_v1_dataset_generator
2024-09-30,H_QQQ,Invesco QQQ Trust,Global Public Equities,18.2629,synthetic_v1_dataset_generator
2024-09-30,H_SPY,SPDR S&P 500 ETF,Global Public Equities,30.4381,synthetic_v1_dataset_generator
2024-09-30,H_SPY_PUT,S&P 500 Protective Put Overlay,Global Public Equities,1.5219,synthetic_v1_dataset_generator
2024-09-30,H_TLT,iShares 20+ Year Treasury Bond ETF,Fixed Income & Liquid Credit,12.6046,synthetic_v1_dataset_generator
2024-09-30,H_VNQ,US Listed REIT ETF Proxy,Hedge Funds / Absolute Return,5.17,synthetic_v1_dataset_generator
2024-10-31,H_2800HK,Tracker Fund of Hong Kong ETF,Global Public Equities,9.8328,synthetic_v1_dataset_generator
2024-10-31,H_ACWI,iShares MSCI ACWI ETF,Global Public Equities,16.1954,synthetic_v1_dataset_generator
2024-10-31,H_AGG,iShares Core US Aggregate Bond ETF,Fixed Income & Liquid Credit,21.8799,synthetic_v1_dataset_generator
2024-10-31,H_BABA,Alibaba ADR,Global Public Equities,5.7358,synthetic_v1_dataset_generator
2024-10-31,H_BIL,SPDR 1-3 Month T-Bill ETF,Fixed Income & Liquid Credit,7.2933,synthetic_v1_dataset_generator
2024-10-31,H_BRKB,Berkshire Hathaway Class B,Global Public Equities,9.3692,synthetic_v1_dataset_generator
2024-10-31,H_CASH_HKD,HKD Working Capital,Cash & Liquidity,2.3211,synthetic_v1_dataset_generator
2024-10-31,H_CASH_JPY,JPY Treasury Buffer,Cash & Liquidity,1.5474,synthetic_v1_dataset_generator
2024-10-31,H_CASH_OPS_USD,USD Operating Cash,Cash & Liquidity,11.6057,synthetic_v1_dataset_generator
2024-10-31,H_CASH_RESERVE_USD,USD Liquidity Reserve,Cash & Liquidity,4.3521,synthetic_v1_dataset_generator
2024-10-31,H_CASH_SGD,SGD Near-Term Reserve,Cash & Liquidity,1.9343,synthetic_v1_dataset_generator
2024-10-31,H_CNYA,iShares MSCI China A ETF,Global Public Equities,6.5552,synthetic_v1_dataset_generator
2024-10-31,H_DBC,Broad Commodities ETF Proxy,Hedge Funds / Absolute Return,7.0253,synthetic_v1_dataset_generator
2024-10-31,H_DBMF,Managed Futures ETF Proxy,Hedge Funds / Absolute Return,8.7816,synthetic_v1_dataset_generator
2024-10-31,H_EEM,iShares MSCI Emerging Markets ETF,Global Public Equities,5.6684,synthetic_v1_dataset_generator
2024-10-31,H_EMB,iShares Emerging Markets Bond ETF,Fixed Income & Liquid Credit,7.2933,synthetic_v1_dataset_generator
2024-10-31,H_ES_SHORT,S&P 500 Overlay Short Future,Global Public Equities,2.3423,synthetic_v1_dataset_generator
2024-10-31,H_EWJ,iShares MSCI Japan ETF,Global Public Equities,5.7106,synthetic_v1_dataset_generator
2024-10-31,H_EWS,iShares MSCI Singapore ETF,Global Public Equities,2.4162,synthetic_v1_dataset_generator
2024-10-31,H_EWY,iShares MSCI South Korea ETF,Global Public Equities,4.0781,synthetic_v1_dataset_generator
2024-10-31,H_GLD,SPDR Gold Shares,Hedge Funds / Absolute Return,8.5081,synthetic_v1_dataset_generator
2024-10-31,H_GMACRO,Global Macro Hedge Fund Sleeve,Hedge Funds / Absolute Return,15.8069,synthetic_v1_dataset_generator
2024-10-31,H_GOOGL,Alphabet Class A,Global Public Equities,7.0269,synthetic_v1_dataset_generator
2024-10-31,H_HSI_FUT,Hang Seng Index Tactical Long Future,Global Public Equities,2.0485,synthetic_v1_dataset_generator
2024-10-31,H_HSTECH,Hang Seng TECH ETF-style Exposure,Global Public Equities,8.194,synthetic_v1_dataset_generator
2024-10-31,H_HYG,iShares High Yield Corporate Bond ETF,Fixed Income & Liquid Credit,8.205,synthetic_v1_dataset_generator
2024-10-31,H_IGIB,iShares 5-10 Year Investment Grade Corporate Bond ETF,Fixed Income & Liquid Credit,10.94,synthetic_v1_dataset_generator
2024-10-31,H_INDA,iShares MSCI India ETF,Global Public Equities,5.2675,synthetic_v1_dataset_generator
2024-10-31,H_JD,JD.com ADR,Global Public Equities,4.097,synthetic_v1_dataset_generator
2024-10-31,H_LQD,iShares Investment Grade Corporate Bond ETF,Fixed Income & Liquid Credit,7.2933,synthetic_v1_dataset_generator
2024-10-31,H_MKTNEUT,Equity Market Neutral Fund Sleeve,Hedge Funds / Absolute Return,14.0506,synthetic_v1_dataset_generator
2024-10-31,H_MSFT,Microsoft,Global Public Equities,7.8077,synthetic_v1_dataset_generator
2024-10-31,H_NQ_SHORT,Nasdaq Overlay Short Future,Global Public Equities,1.5615,synthetic_v1_dataset_generator
2024-10-31,H_NVDA,NVIDIA,Global Public Equities,6.2461,synthetic_v1_dataset_generator
2024-10-31,H_PDD,PDD Holdings ADR,Global Public Equities,4.9164,synthetic_v1_dataset_generator
2024-10-31,H_PF_APAC_LOGISTICS,APAC Logistics Real Estate Fund,Real Estate,7.1286,synthetic_v1_dataset_generator
2024-10-31,H_PF_APEX_SECONDARIES_II,Apex Secondaries Fund II,Private Equity,17.1097,synthetic_v1_dataset_generator
2024-10-31,H_PF_ATLAS_COINV_I,Atlas Co-Investment Fund I,Private Equity,18.8207,synthetic_v1_dataset_generator
2024-10-31,H_PF_BLUE_HORIZON_III,Blue Horizon Ventures III,Venture Capital / Growth,15.0124,synthetic_v1_dataset_generator
2024-10-31,H_PF_CLIMATE_ALPHA,Climate Alpha Fund,Venture Capital / Growth,12.5103,synthetic_v1_dataset_generator
2024-10-31,H_PF_COVE_SPECIALTY_FIN,Cove Specialty Finance Fund,Private Credit,12.4302,synthetic_v1_dataset_generator
2024-10-31,H_PF_CRESCENT_DIRECT_LEND,Crescent Direct Lending Fund,Private Credit,17.7575,synthetic_v1_dataset_generator
2024-10-31,H_PF_DIGITAL_INFRA,Horizon Digital Infrastructure Fund,Infrastructure,7.1151,synthetic_v1_dataset_generator
2024-10-31,H_PF_DRAGONBRIDGE,DragonBridge Greater China Fund,Private Equity,23.9536,synthetic_v1_dataset_generator
2024-10-31,H_PF_GLOBAL_GROWTH_II,Redwood Growth Fund II,Venture Capital / Growth,16.6804,synthetic_v1_dataset_generator
2024-10-31,H_PF_HARBOR_PEAK_V,Harbor Peak Partners V,Private Equity,25.6646,synthetic_v1_dataset_generator
2024-10-31,H_PF_HARBOUR_CORE_RE,Harbour Core Real Estate Fund,Real Estate,17.8215,synthetic_v1_dataset_generator
2024-10-31,H_PF_HOME_MULTIFAMILY,HomeStone Multifamily Fund,Real Estate,10.6929,synthetic_v1_dataset_generator
2024-10-31,H_PF_INDIA_DIGITAL,Indigo India Digital Growth Fund,Venture Capital / Growth,10.0083,synthetic_v1_dataset_generator
2024-10-31,H_PF_INFRA_CORE,Evergreen Core Infrastructure Fund,Infrastructure,10.6726,synthetic_v1_dataset_generator
2024-10-31,H_PF_LIONROCK_CREDIT,LionRock Asia Private Credit Fund,Private Credit,14.6499,synthetic_v1_dataset_generator
2024-10-31,H_PF_METRO_LOGISTICS,Metro Logistics Fund,Real Estate,11.1384,synthetic_v1_dataset_generator
2024-10-31,H_PF_NORTHSTAR_IV,Northstar Buyout Fund IV,Private Equity,29.942,synthetic_v1_dataset_generator
2024-10-31,H_PF_RENEWABLES_II,SolarBridge Renewables Fund II,Infrastructure,8.8939,synthetic_v1_dataset_generator
2024-10-31,H_PF_SEEDSPRING_I,SeedSpring Southeast Asia VC Fund I,Venture Capital / Growth,8.3402,synthetic_v1_dataset_generator
2024-10-31,H_PF_SPRING_OPP_CREDIT,Spring Point Opportunistic Credit Fund,Private Credit,15.0938,synthetic_v1_dataset_generator
2024-10-31,H_QAI,Multi-Strategy Liquid Alternatives ETF Proxy,Hedge Funds / Absolute Return,6.1471,synthetic_v1_dataset_generator
2024-10-31,H_QQQ,Invesco QQQ Trust,Global Public Equities,18.7384,synthetic_v1_dataset_generator
2024-10-31,H_SPY,SPDR S&P 500 ETF,Global Public Equities,31.2306,synthetic_v1_dataset_generator
2024-10-31,H_SPY_PUT,S&P 500 Protective Put Overlay,Global Public Equities,1.5615,synthetic_v1_dataset_generator
2024-10-31,H_TLT,iShares 20+ Year Treasury Bond ETF,Fixed Income & Liquid Credit,12.7633,synthetic_v1_dataset_generator
2024-10-31,H_VNQ,US Listed REIT ETF Proxy,Hedge Funds / Absolute Return,5.269,synthetic_v1_dataset_generator
2024-11-30,H_2800HK,Tracker Fund of Hong Kong ETF,Global Public Equities,10.2554,synthetic_v1_dataset_generator
2024-11-30,H_ACWI,iShares MSCI ACWI ETF,Global Public Equities,16.6516,synthetic_v1_dataset_generator
2024-11-30,H_AGG,iShares Core US Aggregate Bond ETF,Fixed Income & Liquid Credit,22.2054,synthetic_v1_dataset_generator
2024-11-30,H_BABA,Alibaba ADR,Global Public Equities,5.9823,synthetic_v1_dataset_generator
2024-11-30,H_BIL,SPDR 1-3 Month T-Bill ETF,Fixed Income & Liquid Credit,7.4018,synthetic_v1_dataset_generator
2024-11-30,H_BRKB,Berkshire Hathaway Class B,Global Public Equities,9.665,synthetic_v1_dataset_generator
2024-11-30,H_CASH_HKD,HKD Working Capital,Cash & Liquidity,2.3285,synthetic_v1_dataset_generator
2024-11-30,H_CASH_JPY,JPY Treasury Buffer,Cash & Liquidity,1.5523,synthetic_v1_dataset_generator
2024-11-30,H_CASH_OPS_USD,USD Operating Cash,Cash & Liquidity,11.6424,synthetic_v1_dataset_generator
2024-11-30,H_CASH_RESERVE_USD,USD Liquidity Reserve,Cash & Liquidity,4.3659,synthetic_v1_dataset_generator
2024-11-30,H_CASH_SGD,SGD Near-Term Reserve,Cash & Liquidity,1.9404,synthetic_v1_dataset_generator
2024-11-30,H_CNYA,iShares MSCI China A ETF,Global Public Equities,6.8369,synthetic_v1_dataset_generator
2024-11-30,H_DBC,Broad Commodities ETF Proxy,Hedge Funds / Absolute Return,7.1784,synthetic_v1_dataset_generator
2024-11-30,H_DBMF,Managed Futures ETF Proxy,Hedge Funds / Absolute Return,8.9731,synthetic_v1_dataset_generator
2024-11-30,H_EEM,iShares MSCI Emerging Markets ETF,Global Public Equities,5.8281,synthetic_v1_dataset_generator
2024-11-30,H_EMB,iShares Emerging Markets Bond ETF,Fixed Income & Liquid Credit,7.4018,synthetic_v1_dataset_generator
2024-11-30,H_ES_SHORT,S&P 500 Overlay Short Future,Global Public Equities,2.4163,synthetic_v1_dataset_generator
2024-11-30,H_EWJ,iShares MSCI Japan ETF,Global Public Equities,5.8794,synthetic_v1_dataset_generator
2024-11-30,H_EWS,iShares MSCI Singapore ETF,Global Public Equities,2.4997,synthetic_v1_dataset_generator
2024-11-30,H_EWY,iShares MSCI South Korea ETF,Global Public Equities,4.2189,synthetic_v1_dataset_generator
2024-11-30,H_GLD,SPDR Gold Shares,Hedge Funds / Absolute Return,8.721,synthetic_v1_dataset_generator
2024-11-30,H_GMACRO,Global Macro Hedge Fund Sleeve,Hedge Funds / Absolute Return,16.1515,synthetic_v1_dataset_generator
2024-11-30,H_GOOGL,Alphabet Class A,Global Public Equities,7.2488,synthetic_v1_dataset_generator
2024-11-30,H_HSI_FUT,Hang Seng Index Tactical Long Future,Global Public Equities,2.1365,synthetic_v1_dataset_generator
2024-11-30,H_HSTECH,Hang Seng TECH ETF-style Exposure,Global Public Equities,8.5461,synthetic_v1_dataset_generator
2024-11-30,H_HYG,iShares High Yield Corporate Bond ETF,Fixed Income & Liquid Credit,8.327,synthetic_v1_dataset_generator
2024-11-30,H_IGIB,iShares 5-10 Year Investment Grade Corporate Bond ETF,Fixed Income & Liquid Credit,11.1027,synthetic_v1_dataset_generator
2024-11-30,H_INDA,iShares MSCI India ETF,Global Public Equities,5.4738,synthetic_v1_dataset_generator
2024-11-30,H_JD,JD.com ADR,Global Public Equities,4.2731,synthetic_v1_dataset_generator
2024-11-30,H_LQD,iShares Investment Grade Corporate Bond ETF,Fixed Income & Liquid Credit,7.4018,synthetic_v1_dataset_generator
2024-11-30,H_MKTNEUT,Equity Market Neutral Fund Sleeve,Hedge Funds / Absolute Return,14.3569,synthetic_v1_dataset_generator
2024-11-30,H_MSFT,Microsoft,Global Public Equities,8.0542,synthetic_v1_dataset_generator
2024-11-30,H_NQ_SHORT,Nasdaq Overlay Short Future,Global Public Equities,1.6108,synthetic_v1_dataset_generator
2024-11-30,H_NVDA,NVIDIA,Global Public Equities,6.4433,synthetic_v1_dataset_generator
2024-11-30,H_PDD,PDD Holdings ADR,Global Public Equities,5.1277,synthetic_v1_dataset_generator
2024-11-30,H_PF_APAC_LOGISTICS,APAC Logistics Real Estate Fund,Real Estate,7.2189,synthetic_v1_dataset_generator
2024-11-30,H_PF_APEX_SECONDARIES_II,Apex Secondaries Fund II,Private Equity,17.3525,synthetic_v1_dataset_generator
2024-11-30,H_PF_ATLAS_COINV_I,Atlas Co-Investment Fund I,Private Equity,19.0878,synthetic_v1_dataset_generator
2024-11-30,H_PF_BLUE_HORIZON_III,Blue Horizon Ventures III,Venture Capital / Growth,15.3147,synthetic_v1_dataset_generator
2024-11-30,H_PF_CLIMATE_ALPHA,Climate Alpha Fund,Venture Capital / Growth,12.7623,synthetic_v1_dataset_generator
2024-11-30,H_PF_COVE_SPECIALTY_FIN,Cove Specialty Finance Fund,Private Credit,12.5674,synthetic_v1_dataset_generator
2024-11-30,H_PF_CRESCENT_DIRECT_LEND,Crescent Direct Lending Fund,Private Credit,17.9535,synthetic_v1_dataset_generator
2024-11-30,H_PF_DIGITAL_INFRA,Horizon Digital Infrastructure Fund,Infrastructure,7.1997,synthetic_v1_dataset_generator
2024-11-30,H_PF_DRAGONBRIDGE,DragonBridge Greater China Fund,Private Equity,24.2935,synthetic_v1_dataset_generator
2024-11-30,H_PF_GLOBAL_GROWTH_II,Redwood Growth Fund II,Venture Capital / Growth,17.0164,synthetic_v1_dataset_generator
2024-11-30,H_PF_HARBOR_PEAK_V,Harbor Peak Partners V,Private Equity,26.0288,synthetic_v1_dataset_generator
2024-11-30,H_PF_HARBOUR_CORE_RE,Harbour Core Real Estate Fund,Real Estate,18.0473,synthetic_v1_dataset_generator
2024-11-30,H_PF_HOME_MULTIFAMILY,HomeStone Multifamily Fund,Real Estate,10.8284,synthetic_v1_dataset_generator
2024-11-30,H_PF_INDIA_DIGITAL,Indigo India Digital Growth Fund,Venture Capital / Growth,10.2098,synthetic_v1_dataset_generator
2024-11-30,H_PF_INFRA_CORE,Evergreen Core Infrastructure Fund,Infrastructure,10.7996,synthetic_v1_dataset_generator
2024-11-30,H_PF_LIONROCK_CREDIT,LionRock Asia Private Credit Fund,Private Credit,14.8116,synthetic_v1_dataset_generator
2024-11-30,H_PF_METRO_LOGISTICS,Metro Logistics Fund,Real Estate,11.2795,synthetic_v1_dataset_generator
2024-11-30,H_PF_NORTHSTAR_IV,Northstar Buyout Fund IV,Private Equity,30.3669,synthetic_v1_dataset_generator
2024-11-30,H_PF_RENEWABLES_II,SolarBridge Renewables Fund II,Infrastructure,8.9997,synthetic_v1_dataset_generator
2024-11-30,H_PF_SEEDSPRING_I,SeedSpring Southeast Asia VC Fund I,Venture Capital / Growth,8.5082,synthetic_v1_dataset_generator
2024-11-30,H_PF_SPRING_OPP_CREDIT,Spring Point Opportunistic Credit Fund,Private Credit,15.2605,synthetic_v1_dataset_generator
2024-11-30,H_QAI,Multi-Strategy Liquid Alternatives ETF Proxy,Hedge Funds / Absolute Return,6.2811,synthetic_v1_dataset_generator
2024-11-30,H_QQQ,Invesco QQQ Trust,Global Public Equities,19.33,synthetic_v1_dataset_generator
2024-11-30,H_SPY,SPDR S&P 500 ETF,Global Public Equities,32.2167,synthetic_v1_dataset_generator
2024-11-30,H_SPY_PUT,S&P 500 Protective Put Overlay,Global Public Equities,1.6108,synthetic_v1_dataset_generator
2024-11-30,H_TLT,iShares 20+ Year Treasury Bond ETF,Fixed Income & Liquid Credit,12.9531,synthetic_v1_dataset_generator
2024-11-30,H_VNQ,US Listed REIT ETF Proxy,Hedge Funds / Absolute Return,5.3838,synthetic_v1_dataset_generator
2024-12-31,H_2800HK,Tracker Fund of Hong Kong ETF,Global Public Equities,10.6859,synthetic_v1_dataset_generator
2024-12-31,H_ACWI,iShares MSCI ACWI ETF,Global Public Equities,17.1343,synthetic_v1_dataset_generator
2024-12-31,H_AGG,iShares Core US Aggregate Bond ETF,Fixed Income & Liquid Credit,22.548,synthetic_v1_dataset_generator
2024-12-31,H_BABA,Alibaba ADR,Global Public Equities,6.2334,synthetic_v1_dataset_generator
2024-12-31,H_BIL,SPDR 1-3 Month T-Bill ETF,Fixed Income & Liquid Credit,7.516,synthetic_v1_dataset_generator
2024-12-31,H_BRKB,Berkshire Hathaway Class B,Global Public Equities,9.9914,synthetic_v1_dataset_generator
2024-12-31,H_CASH_HKD,HKD Working Capital,Cash & Liquidity,2.3366,synthetic_v1_dataset_generator
2024-12-31,H_CASH_JPY,JPY Treasury Buffer,Cash & Liquidity,1.5577,synthetic_v1_dataset_generator
2024-12-31,H_CASH_OPS_USD,USD Operating Cash,Cash & Liquidity,11.6828,synthetic_v1_dataset_generator
2024-12-31,H_CASH_RESERVE_USD,USD Liquidity Reserve,Cash & Liquidity,4.3811,synthetic_v1_dataset_generator
2024-12-31,H_CASH_SGD,SGD Near-Term Reserve,Cash & Liquidity,1.9471,synthetic_v1_dataset_generator
2024-12-31,H_CNYA,iShares MSCI China A ETF,Global Public Equities,7.1239,synthetic_v1_dataset_generator
2024-12-31,H_DBC,Broad Commodities ETF Proxy,Hedge Funds / Absolute Return,7.3358,synthetic_v1_dataset_generator
2024-12-31,H_DBMF,Managed Futures ETF Proxy,Hedge Funds / Absolute Return,9.1697,synthetic_v1_dataset_generator
2024-12-31,H_EEM,iShares MSCI Emerging Markets ETF,Global Public Equities,5.997,synthetic_v1_dataset_generator
2024-12-31,H_EMB,iShares Emerging Markets Bond ETF,Fixed Income & Liquid Credit,7.516,synthetic_v1_dataset_generator
2024-12-31,H_ES_SHORT,S&P 500 Overlay Short Future,Global Public Equities,2.4978,synthetic_v1_dataset_generator
2024-12-31,H_EWJ,iShares MSCI Japan ETF,Global Public Equities,6.0525,synthetic_v1_dataset_generator
2024-12-31,H_EWS,iShares MSCI Singapore ETF,Global Public Equities,2.5804,synthetic_v1_dataset_generator
2024-12-31,H_EWY,iShares MSCI South Korea ETF,Global Public Equities,4.3598,synthetic_v1_dataset_generator
2024-12-31,H_GLD,SPDR Gold Shares,Hedge Funds / Absolute Return,8.9539,synthetic_v1_dataset_generator
2024-12-31,H_GMACRO,Global Macro Hedge Fund Sleeve,Hedge Funds / Absolute Return,16.5055,synthetic_v1_dataset_generator
2024-12-31,H_GOOGL,Alphabet Class A,Global Public Equities,7.4935,synthetic_v1_dataset_generator
2024-12-31,H_HSI_FUT,Hang Seng Index Tactical Long Future,Global Public Equities,2.2262,synthetic_v1_dataset_generator
2024-12-31,H_HSTECH,Hang Seng TECH ETF-style Exposure,Global Public Equities,8.9049,synthetic_v1_dataset_generator
2024-12-31,H_HYG,iShares High Yield Corporate Bond ETF,Fixed Income & Liquid Credit,8.4555,synthetic_v1_dataset_generator
2024-12-31,H_IGIB,iShares 5-10 Year Investment Grade Corporate Bond ETF,Fixed Income & Liquid Credit,11.274,synthetic_v1_dataset_generator
2024-12-31,H_INDA,iShares MSCI India ETF,Global Public Equities,5.6966,synthetic_v1_dataset_generator
2024-12-31,H_JD,JD.com ADR,Global Public Equities,4.4524,synthetic_v1_dataset_generator
2024-12-31,H_LQD,iShares Investment Grade Corporate Bond ETF,Fixed Income & Liquid Credit,7.516,synthetic_v1_dataset_generator
2024-12-31,H_MKTNEUT,Equity Market Neutral Fund Sleeve,Hedge Funds / Absolute Return,14.6716,synthetic_v1_dataset_generator
2024-12-31,H_MSFT,Microsoft,Global Public Equities,8.3261,synthetic_v1_dataset_generator
2024-12-31,H_NQ_SHORT,Nasdaq Overlay Short Future,Global Public Equities,1.6652,synthetic_v1_dataset_generator
2024-12-31,H_NVDA,NVIDIA,Global Public Equities,6.6609,synthetic_v1_dataset_generator
2024-12-31,H_PDD,PDD Holdings ADR,Global Public Equities,5.3429,synthetic_v1_dataset_generator
2024-12-31,H_PF_APAC_LOGISTICS,APAC Logistics Real Estate Fund,Real Estate,7.3073,synthetic_v1_dataset_generator
2024-12-31,H_PF_APEX_SECONDARIES_II,Apex Secondaries Fund II,Private Equity,17.6157,synthetic_v1_dataset_generator
2024-12-31,H_PF_ATLAS_COINV_I,Atlas Co-Investment Fund I,Private Equity,19.3773,synthetic_v1_dataset_generator
2024-12-31,H_PF_BLUE_HORIZON_III,Blue Horizon Ventures III,Venture Capital / Growth,15.6282,synthetic_v1_dataset_generator
2024-12-31,H_PF_CLIMATE_ALPHA,Climate Alpha Fund,Venture Capital / Growth,13.0235,synthetic_v1_dataset_generator
2024-12-31,H_PF_COVE_SPECIALTY_FIN,Cove Specialty Finance Fund,Private Credit,12.7047,synthetic_v1_dataset_generator
2024-12-31,H_PF_CRESCENT_DIRECT_LEND,Crescent Direct Lending Fund,Private Credit,18.1495,synthetic_v1_dataset_generator
2024-12-31,H_PF_DIGITAL_INFRA,Horizon Digital Infrastructure Fund,Infrastructure,7.2808,synthetic_v1_dataset_generator
2024-12-31,H_PF_DRAGONBRIDGE,DragonBridge Greater China Fund,Private Equity,24.662,synthetic_v1_dataset_generator
2024-12-31,H_PF_GLOBAL_GROWTH_II,Redwood Growth Fund II,Venture Capital / Growth,17.3647,synthetic_v1_dataset_generator
2024-12-31,H_PF_HARBOR_PEAK_V,Harbor Peak Partners V,Private Equity,26.4236,synthetic_v1_dataset_generator
2024-12-31,H_PF_HARBOUR_CORE_RE,Harbour Core Real Estate Fund,Real Estate,18.2682,synthetic_v1_dataset_generator
2024-12-31,H_PF_HOME_MULTIFAMILY,HomeStone Multifamily Fund,Real Estate,10.9609,synthetic_v1_dataset_generator
2024-12-31,H_PF_INDIA_DIGITAL,Indigo India Digital Growth Fund,Venture Capital / Growth,10.4188,synthetic_v1_dataset_generator
2024-12-31,H_PF_INFRA_CORE,Evergreen Core Infrastructure Fund,Infrastructure,10.9212,synthetic_v1_dataset_generator
2024-12-31,H_PF_LIONROCK_CREDIT,LionRock Asia Private Credit Fund,Private Credit,14.9734,synthetic_v1_dataset_generator
2024-12-31,H_PF_METRO_LOGISTICS,Metro Logistics Fund,Real Estate,11.4176,synthetic_v1_dataset_generator
2024-12-31,H_PF_NORTHSTAR_IV,Northstar Buyout Fund IV,Private Equity,30.8276,synthetic_v1_dataset_generator
2024-12-31,H_PF_RENEWABLES_II,SolarBridge Renewables Fund II,Infrastructure,9.101,synthetic_v1_dataset_generator
2024-12-31,H_PF_SEEDSPRING_I,SeedSpring Southeast Asia VC Fund I,Venture Capital / Growth,8.6823,synthetic_v1_dataset_generator
2024-12-31,H_PF_SPRING_OPP_CREDIT,Spring Point Opportunistic Credit Fund,Private Credit,15.4271,synthetic_v1_dataset_generator
2024-12-31,H_QAI,Multi-Strategy Liquid Alternatives ETF Proxy,Hedge Funds / Absolute Return,6.4188,synthetic_v1_dataset_generator
2024-12-31,H_QQQ,Invesco QQQ Trust,Global Public Equities,19.9827,synthetic_v1_dataset_generator
2024-12-31,H_SPY,SPDR S&P 500 ETF,Global Public Equities,33.3045,synthetic_v1_dataset_generator
2024-12-31,H_SPY_PUT,S&P 500 Protective Put Overlay,Global Public Equities,1.6652,synthetic_v1_dataset_generator
2024-12-31,H_TLT,iShares 20+ Year Treasury Bond ETF,Fixed Income & Liquid Credit,13.153,synthetic_v1_dataset_generator
2024-12-31,H_VNQ,US Listed REIT ETF Proxy,Hedge Funds / Absolute Return,5.5018,synthetic_v1_dataset_generator
2025-01-31,H_2800HK,Tracker Fund of Hong Kong ETF,Global Public Equities,11.072,synthetic_v1_dataset_generator
2025-01-31,H_ACWI,iShares MSCI ACWI ETF,Global Public Equities,17.5983,synthetic_v1_dataset_generator
2025-01-31,H_AGG,iShares Core US Aggregate Bond ETF,Fixed Income & Liquid Credit,22.8707,synthetic_v1_dataset_generator
2025-01-31,H_BABA,Alibaba ADR,Global Public Equities,6.4587,synthetic_v1_dataset_generator
2025-01-31,H_BIL,SPDR 1-3 Month T-Bill ETF,Fixed Income & Liquid Credit,7.6236,synthetic_v1_dataset_generator
2025-01-31,H_BRKB,Berkshire Hathaway Class B,Global Public Equities,10.3174,synthetic_v1_dataset_generator
2025-01-31,H_CASH_HKD,HKD Working Capital,Cash & Liquidity,2.3449,synthetic_v1_dataset_generator
2025-01-31,H_CASH_JPY,JPY Treasury Buffer,Cash & Liquidity,1.5633,synthetic_v1_dataset_generator
2025-01-31,H_CASH_OPS_USD,USD Operating Cash,Cash & Liquidity,11.7244,synthetic_v1_dataset_generator
2025-01-31,H_CASH_RESERVE_USD,USD Liquidity Reserve,Cash & Liquidity,4.3966,synthetic_v1_dataset_generator
2025-01-31,H_CASH_SGD,SGD Near-Term Reserve,Cash & Liquidity,1.9541,synthetic_v1_dataset_generator
2025-01-31,H_CNYA,iShares MSCI China A ETF,Global Public Equities,7.3814,synthetic_v1_dataset_generator
2025-01-31,H_DBC,Broad Commodities ETF Proxy,Hedge Funds / Absolute Return,7.4801,synthetic_v1_dataset_generator
2025-01-31,H_DBMF,Managed Futures ETF Proxy,Hedge Funds / Absolute Return,9.3501,synthetic_v1_dataset_generator
2025-01-31,H_EEM,iShares MSCI Emerging Markets ETF,Global Public Equities,6.1594,synthetic_v1_dataset_generator
2025-01-31,H_EMB,iShares Emerging Markets Bond ETF,Fixed Income & Liquid Credit,7.6236,synthetic_v1_dataset_generator
2025-01-31,H_ES_SHORT,S&P 500 Overlay Short Future,Global Public Equities,2.5793,synthetic_v1_dataset_generator
2025-01-31,H_EWJ,iShares MSCI Japan ETF,Global Public Equities,6.2133,synthetic_v1_dataset_generator
2025-01-31,H_EWS,iShares MSCI Singapore ETF,Global Public Equities,2.65,synthetic_v1_dataset_generator
2025-01-31,H_EWY,iShares MSCI South Korea ETF,Global Public Equities,4.4856,synthetic_v1_dataset_generator
2025-01-31,H_GLD,SPDR Gold Shares,Hedge Funds / Absolute Return,9.1827,synthetic_v1_dataset_generator
2025-01-31,H_GMACRO,Global Macro Hedge Fund Sleeve,Hedge Funds / Absolute Return,16.8302,synthetic_v1_dataset_generator
2025-01-31,H_GOOGL,Alphabet Class A,Global Public Equities,7.738,synthetic_v1_dataset_generator
2025-01-31,H_HSI_FUT,Hang Seng Index Tactical Long Future,Global Public Equities,2.3067,synthetic_v1_dataset_generator
2025-01-31,H_HSTECH,Hang Seng TECH ETF-style Exposure,Global Public Equities,9.2267,synthetic_v1_dataset_generator
2025-01-31,H_HYG,iShares High Yield Corporate Bond ETF,Fixed Income & Liquid Credit,8.5765,synthetic_v1_dataset_generator
2025-01-31,H_IGIB,iShares 5-10 Year Investment Grade Corporate Bond ETF,Fixed Income & Liquid Credit,11.4354,synthetic_v1_dataset_generator
2025-01-31,H_INDA,iShares MSCI India ETF,Global Public Equities,5.9142,synthetic_v1_dataset_generator
2025-01-31,H_JD,JD.com ADR,Global Public Equities,4.6133,synthetic_v1_dataset_generator
2025-01-31,H_LQD,iShares Investment Grade Corporate Bond ETF,Fixed Income & Liquid Credit,7.6236,synthetic_v1_dataset_generator
2025-01-31,H_MKTNEUT,Equity Market Neutral Fund Sleeve,Hedge Funds / Absolute Return,14.9602,synthetic_v1_dataset_generator
2025-01-31,H_MSFT,Microsoft,Global Public Equities,8.5978,synthetic_v1_dataset_generator
2025-01-31,H_NQ_SHORT,Nasdaq Overlay Short Future,Global Public Equities,1.7196,synthetic_v1_dataset_generator
2025-01-31,H_NVDA,NVIDIA,Global Public Equities,6.8783,synthetic_v1_dataset_generator
2025-01-31,H_PDD,PDD Holdings ADR,Global Public Equities,5.536,synthetic_v1_dataset_generator
2025-01-31,H_PF_APAC_LOGISTICS,APAC Logistics Real Estate Fund,Real Estate,7.3872,synthetic_v1_dataset_generator
2025-01-31,H_PF_APEX_SECONDARIES_II,Apex Secondaries Fund II,Private Equity,17.8818,synthetic_v1_dataset_generator
2025-01-31,H_PF_ATLAS_COINV_I,Atlas Co-Investment Fund I,Private Equity,19.67,synthetic_v1_dataset_generator
2025-01-31,H_PF_BLUE_HORIZON_III,Blue Horizon Ventures III,Venture Capital / Growth,15.9273,synthetic_v1_dataset_generator
2025-01-31,H_PF_CLIMATE_ALPHA,Climate Alpha Fund,Venture Capital / Growth,13.2727,synthetic_v1_dataset_generator
2025-01-31,H_PF_COVE_SPECIALTY_FIN,Cove Specialty Finance Fund,Private Credit,12.8329,synthetic_v1_dataset_generator
2025-01-31,H_PF_CRESCENT_DIRECT_LEND,Crescent Direct Lending Fund,Private Credit,18.3327,synthetic_v1_dataset_generator
2025-01-31,H_PF_DIGITAL_INFRA,Horizon Digital Infrastructure Fund,Infrastructure,7.3527,synthetic_v1_dataset_generator
2025-01-31,H_PF_DRAGONBRIDGE,DragonBridge Greater China Fund,Private Equity,25.0345,synthetic_v1_dataset_generator
2025-01-31,H_PF_GLOBAL_GROWTH_II,Redwood Growth Fund II,Venture Capital / Growth,17.697,synthetic_v1_dataset_generator
2025-01-31,H_PF_HARBOR_PEAK_V,Harbor Peak Partners V,Private Equity,26.8227,synthetic_v1_dataset_generator
2025-01-31,H_PF_HARBOUR_CORE_RE,Harbour Core Real Estate Fund,Real Estate,18.468,synthetic_v1_dataset_generator
2025-01-31,H_PF_HOME_MULTIFAMILY,HomeStone Multifamily Fund,Real Estate,11.0808,synthetic_v1_dataset_generator
2025-01-31,H_PF_INDIA_DIGITAL,Indigo India Digital Growth Fund,Venture Capital / Growth,10.6182,synthetic_v1_dataset_generator
2025-01-31,H_PF_INFRA_CORE,Evergreen Core Infrastructure Fund,Infrastructure,11.0291,synthetic_v1_dataset_generator
2025-01-31,H_PF_LIONROCK_CREDIT,LionRock Asia Private Credit Fund,Private Credit,15.1245,synthetic_v1_dataset_generator
2025-01-31,H_PF_METRO_LOGISTICS,Metro Logistics Fund,Real Estate,11.5425,synthetic_v1_dataset_generator
2025-01-31,H_PF_NORTHSTAR_IV,Northstar Buyout Fund IV,Private Equity,31.2932,synthetic_v1_dataset_generator
2025-01-31,H_PF_RENEWABLES_II,SolarBridge Renewables Fund II,Infrastructure,9.1909,synthetic_v1_dataset_generator
2025-01-31,H_PF_SEEDSPRING_I,SeedSpring Southeast Asia VC Fund I,Venture Capital / Growth,8.8485,synthetic_v1_dataset_generator
2025-01-31,H_PF_SPRING_OPP_CREDIT,Spring Point Opportunistic Credit Fund,Private Credit,15.5828,synthetic_v1_dataset_generator
2025-01-31,H_QAI,Multi-Strategy Liquid Alternatives ETF Proxy,Hedge Funds / Absolute Return,6.5451,synthetic_v1_dataset_generator
2025-01-31,H_QQQ,Invesco QQQ Trust,Global Public Equities,20.6348,synthetic_v1_dataset_generator
2025-01-31,H_SPY,SPDR S&P 500 ETF,Global Public Equities,34.3913,synthetic_v1_dataset_generator
2025-01-31,H_SPY_PUT,S&P 500 Protective Put Overlay,Global Public Equities,1.7196,synthetic_v1_dataset_generator
2025-01-31,H_TLT,iShares 20+ Year Treasury Bond ETF,Fixed Income & Liquid Credit,13.3412,synthetic_v1_dataset_generator
2025-01-31,H_VNQ,US Listed REIT ETF Proxy,Hedge Funds / Absolute Return,5.6101,synthetic_v1_dataset_generator
2025-02-28,H_2800HK,Tracker Fund of Hong Kong ETF,Global Public Equities,11.3694,synthetic_v1_dataset_generator
2025-02-28,H_ACWI,iShares MSCI ACWI ETF,Global Public Equities,18.004,synthetic_v1_dataset_generator
2025-02-28,H_AGG,iShares Core US Aggregate Bond ETF,Fixed Income & Liquid Credit,23.1429,synthetic_v1_dataset_generator
2025-02-28,H_BABA,Alibaba ADR,Global Public Equities,6.6321,synthetic_v1_dataset_generator
2025-02-28,H_BIL,SPDR 1-3 Month T-Bill ETF,Fixed Income & Liquid Credit,7.7143,synthetic_v1_dataset_generator
2025-02-28,H_BRKB,Berkshire Hathaway Class B,Global Public Equities,10.6145,synthetic_v1_dataset_generator
2025-02-28,H_CASH_HKD,HKD Working Capital,Cash & Liquidity,2.3529,synthetic_v1_dataset_generator
2025-02-28,H_CASH_JPY,JPY Treasury Buffer,Cash & Liquidity,1.5686,synthetic_v1_dataset_generator
2025-02-28,H_CASH_OPS_USD,USD Operating Cash,Cash & Liquidity,11.7645,synthetic_v1_dataset_generator
2025-02-28,H_CASH_RESERVE_USD,USD Liquidity Reserve,Cash & Liquidity,4.4117,synthetic_v1_dataset_generator
2025-02-28,H_CASH_SGD,SGD Near-Term Reserve,Cash & Liquidity,1.9608,synthetic_v1_dataset_generator
2025-02-28,H_CNYA,iShares MSCI China A ETF,Global Public Equities,7.5796,synthetic_v1_dataset_generator
2025-02-28,H_DBC,Broad Commodities ETF Proxy,Hedge Funds / Absolute Return,7.5974,synthetic_v1_dataset_generator
2025-02-28,H_DBMF,Managed Futures ETF Proxy,Hedge Funds / Absolute Return,9.4967,synthetic_v1_dataset_generator
2025-02-28,H_EEM,iShares MSCI Emerging Markets ETF,Global Public Equities,6.3014,synthetic_v1_dataset_generator
2025-02-28,H_EMB,iShares Emerging Markets Bond ETF,Fixed Income & Liquid Credit,7.7143,synthetic_v1_dataset_generator
2025-02-28,H_ES_SHORT,S&P 500 Overlay Short Future,Global Public Equities,2.6536,synthetic_v1_dataset_generator
2025-02-28,H_EWJ,iShares MSCI Japan ETF,Global Public Equities,6.3476,synthetic_v1_dataset_generator
2025-02-28,H_EWS,iShares MSCI Singapore ETF,Global Public Equities,2.702,synthetic_v1_dataset_generator
2025-02-28,H_EWY,iShares MSCI South Korea ETF,Global Public Equities,4.5841,synthetic_v1_dataset_generator
2025-02-28,H_GLD,SPDR Gold Shares,Hedge Funds / Absolute Return,9.3855,synthetic_v1_dataset_generator
2025-02-28,H_GMACRO,Global Macro Hedge Fund Sleeve,Hedge Funds / Absolute Return,17.0941,synthetic_v1_dataset_generator
2025-02-28,H_GOOGL,Alphabet Class A,Global Public Equities,7.9609,synthetic_v1_dataset_generator
2025-02-28,H_HSI_FUT,Hang Seng Index Tactical Long Future,Global Public Equities,2.3686,synthetic_v1_dataset_generator
2025-02-28,H_HSTECH,Hang Seng TECH ETF-style Exposure,Global Public Equities,9.4745,synthetic_v1_dataset_generator
2025-02-28,H_HYG,iShares High Yield Corporate Bond ETF,Fixed Income & Liquid Credit,8.6786,synthetic_v1_dataset_generator
2025-02-28,H_IGIB,iShares 5-10 Year Investment Grade Corporate Bond ETF,Fixed Income & Liquid Credit,11.5715,synthetic_v1_dataset_generator
2025-02-28,H_INDA,iShares MSCI India ETF,Global Public Equities,6.1066,synthetic_v1_dataset_generator
2025-02-28,H_JD,JD.com ADR,Global Public Equities,4.7372,synthetic_v1_dataset_generator
2025-02-28,H_LQD,iShares Investment Grade Corporate Bond ETF,Fixed Income & Liquid Credit,7.7143,synthetic_v1_dataset_generator
2025-02-28,H_MKTNEUT,Equity Market Neutral Fund Sleeve,Hedge Funds / Absolute Return,15.1948,synthetic_v1_dataset_generator
2025-02-28,H_MSFT,Microsoft,Global Public Equities,8.8454,synthetic_v1_dataset_generator
2025-02-28,H_NQ_SHORT,Nasdaq Overlay Short Future,Global Public Equities,1.7691,synthetic_v1_dataset_generator
2025-02-28,H_NVDA,NVIDIA,Global Public Equities,7.0763,synthetic_v1_dataset_generator
2025-02-28,H_PDD,PDD Holdings ADR,Global Public Equities,5.6847,synthetic_v1_dataset_generator
2025-02-28,H_PF_APAC_LOGISTICS,APAC Logistics Real Estate Fund,Real Estate,7.4539,synthetic_v1_dataset_generator
2025-02-28,H_PF_APEX_SECONDARIES_II,Apex Secondaries Fund II,Private Equity,18.1346,synthetic_v1_dataset_generator
2025-02-28,H_PF_ATLAS_COINV_I,Atlas Co-Investment Fund I,Private Equity,19.9481,synthetic_v1_dataset_generator
2025-02-28,H_PF_BLUE_HORIZON_III,Blue Horizon Ventures III,Venture Capital / Growth,16.1908,synthetic_v1_dataset_generator
2025-02-28,H_PF_CLIMATE_ALPHA,Climate Alpha Fund,Venture Capital / Growth,13.4923,synthetic_v1_dataset_generator
2025-02-28,H_PF_COVE_SPECIALTY_FIN,Cove Specialty Finance Fund,Private Credit,12.9454,synthetic_v1_dataset_generator
2025-02-28,H_PF_CRESCENT_DIRECT_LEND,Crescent Direct Lending Fund,Private Credit,18.4935,synthetic_v1_dataset_generator
2025-02-28,H_PF_DIGITAL_INFRA,Horizon Digital Infrastructure Fund,Infrastructure,7.4119,synthetic_v1_dataset_generator
2025-02-28,H_PF_DRAGONBRIDGE,DragonBridge Greater China Fund,Private Equity,25.3885,synthetic_v1_dataset_generator
2025-02-28,H_PF_GLOBAL_GROWTH_II,Redwood Growth Fund II,Venture Capital / Growth,17.9897,synthetic_v1_dataset_generator
2025-02-28,H_PF_HARBOR_PEAK_V,Harbor Peak Partners V,Private Equity,27.2019,synthetic_v1_dataset_generator
2025-02-28,H_PF_HARBOUR_CORE_RE,Harbour Core Real Estate Fund,Real Estate,18.6347,synthetic_v1_dataset_generator
2025-02-28,H_PF_HOME_MULTIFAMILY,HomeStone Multifamily Fund,Real Estate,11.1808,synthetic_v1_dataset_generator
2025-02-28,H_PF_INDIA_DIGITAL,Indigo India Digital Growth Fund,Venture Capital / Growth,10.7938,synthetic_v1_dataset_generator
2025-02-28,H_PF_INFRA_CORE,Evergreen Core Infrastructure Fund,Infrastructure,11.1179,synthetic_v1_dataset_generator
2025-02-28,H_PF_LIONROCK_CREDIT,LionRock Asia Private Credit Fund,Private Credit,15.2571,synthetic_v1_dataset_generator
2025-02-28,H_PF_METRO_LOGISTICS,Metro Logistics Fund,Real Estate,11.6467,synthetic_v1_dataset_generator
2025-02-28,H_PF_NORTHSTAR_IV,Northstar Buyout Fund IV,Private Equity,31.7356,synthetic_v1_dataset_generator
2025-02-28,H_PF_RENEWABLES_II,SolarBridge Renewables Fund II,Infrastructure,9.2649,synthetic_v1_dataset_generator
2025-02-28,H_PF_SEEDSPRING_I,SeedSpring Southeast Asia VC Fund I,Venture Capital / Growth,8.9949,synthetic_v1_dataset_generator
2025-02-28,H_PF_SPRING_OPP_CREDIT,Spring Point Opportunistic Credit Fund,Private Credit,15.7195,synthetic_v1_dataset_generator
2025-02-28,H_QAI,Multi-Strategy Liquid Alternatives ETF Proxy,Hedge Funds / Absolute Return,6.6477,synthetic_v1_dataset_generator
2025-02-28,H_QQQ,Invesco QQQ Trust,Global Public Equities,21.229,synthetic_v1_dataset_generator
2025-02-28,H_SPY,SPDR S&P 500 ETF,Global Public Equities,35.3817,synthetic_v1_dataset_generator
2025-02-28,H_SPY_PUT,S&P 500 Protective Put Overlay,Global Public Equities,1.7691,synthetic_v1_dataset_generator
2025-02-28,H_TLT,iShares 20+ Year Treasury Bond ETF,Fixed Income & Liquid Credit,13.5,synthetic_v1_dataset_generator
2025-02-28,H_VNQ,US Listed REIT ETF Proxy,Hedge Funds / Absolute Return,5.698,synthetic_v1_dataset_generator
2025-03-31,H_2800HK,Tracker Fund of Hong Kong ETF,Global Public Equities,11.5521,synthetic_v1_dataset_generator
2025-03-31,H_ACWI,iShares MSCI ACWI ETF,Global Public Equities,18.3251,synthetic_v1_dataset_generator
2025-03-31,H_AGG,iShares Core US Aggregate Bond ETF,Fixed Income & Liquid Credit,23.3461,synthetic_v1_dataset_generator
2025-03-31,H_BABA,Alibaba ADR,Global Public Equities,6.7387,synthetic_v1_dataset_generator
2025-03-31,H_BIL,SPDR 1-3 Month T-Bill ETF,Fixed Income & Liquid Credit,7.782,synthetic_v1_dataset_generator
2025-03-31,H_BRKB,Berkshire Hathaway Class B,Global Public Equities,10.8621,synthetic_v1_dataset_generator
2025-03-31,H_CASH_HKD,HKD Working Capital,Cash & Liquidity,2.3602,synthetic_v1_dataset_generator
2025-03-31,H_CASH_JPY,JPY Treasury Buffer,Cash & Liquidity,1.5735,synthetic_v1_dataset_generator
2025-03-31,H_CASH_OPS_USD,USD Operating Cash,Cash & Liquidity,11.801,synthetic_v1_dataset_generator
2025-03-31,H_CASH_RESERVE_USD,USD Liquidity Reserve,Cash & Liquidity,4.4254,synthetic_v1_dataset_generator
2025-03-31,H_CASH_SGD,SGD Near-Term Reserve,Cash & Liquidity,1.9668,synthetic_v1_dataset_generator
2025-03-31,H_CNYA,iShares MSCI China A ETF,Global Public Equities,7.7014,synthetic_v1_dataset_generator
2025-03-31,H_DBC,Broad Commodities ETF Proxy,Hedge Funds / Absolute Return,7.6797,synthetic_v1_dataset_generator
2025-03-31,H_DBMF,Managed Futures ETF Proxy,Hedge Funds / Absolute Return,9.5997,synthetic_v1_dataset_generator
2025-03-31,H_EEM,iShares MSCI Emerging Markets ETF,Global Public Equities,6.4138,synthetic_v1_dataset_generator
2025-03-31,H_EMB,iShares Emerging Markets Bond ETF,Fixed Income & Liquid Credit,7.782,synthetic_v1_dataset_generator
2025-03-31,H_ES_SHORT,S&P 500 Overlay Short Future,Global Public Equities,2.7155,synthetic_v1_dataset_generator
2025-03-31,H_EWJ,iShares MSCI Japan ETF,Global Public Equities,6.4469,synthetic_v1_dataset_generator
2025-03-31,H_EWS,iShares MSCI Singapore ETF,Global Public Equities,2.7336,synthetic_v1_dataset_generator
2025-03-31,H_EWY,iShares MSCI South Korea ETF,Global Public Equities,4.6486,synthetic_v1_dataset_generator
2025-03-31,H_GLD,SPDR Gold Shares,Hedge Funds / Absolute Return,9.5467,synthetic_v1_dataset_generator
2025-03-31,H_GMACRO,Global Macro Hedge Fund Sleeve,Hedge Funds / Absolute Return,17.2794,synthetic_v1_dataset_generator
2025-03-31,H_GOOGL,Alphabet Class A,Global Public Equities,8.1466,synthetic_v1_dataset_generator
2025-03-31,H_HSI_FUT,Hang Seng Index Tactical Long Future,Global Public Equities,2.4067,synthetic_v1_dataset_generator
2025-03-31,H_HSTECH,Hang Seng TECH ETF-style Exposure,Global Public Equities,9.6268,synthetic_v1_dataset_generator
2025-03-31,H_HYG,iShares High Yield Corporate Bond ETF,Fixed Income & Liquid Credit,8.7548,synthetic_v1_dataset_generator
2025-03-31,H_IGIB,iShares 5-10 Year Investment Grade Corporate Bond ETF,Fixed Income & Liquid Credit,11.673,synthetic_v1_dataset_generator
2025-03-31,H_INDA,iShares MSCI India ETF,Global Public Equities,6.2599,synthetic_v1_dataset_generator
2025-03-31,H_JD,JD.com ADR,Global Public Equities,4.8134,synthetic_v1_dataset_generator
2025-03-31,H_LQD,iShares Investment Grade Corporate Bond ETF,Fixed Income & Liquid Credit,7.782,synthetic_v1_dataset_generator
2025-03-31,H_MKTNEUT,Equity Market Neutral Fund Sleeve,Hedge Funds / Absolute Return,15.3595,synthetic_v1_dataset_generator
2025-03-31,H_MSFT,Microsoft,Global Public Equities,9.0517,synthetic_v1_dataset_generator
2025-03-31,H_NQ_SHORT,Nasdaq Overlay Short Future,Global Public Equities,1.8103,synthetic_v1_dataset_generator
2025-03-31,H_NVDA,NVIDIA,Global Public Equities,7.2414,synthetic_v1_dataset_generator
2025-03-31,H_PDD,PDD Holdings ADR,Global Public Equities,5.7761,synthetic_v1_dataset_generator
2025-03-31,H_PF_APAC_LOGISTICS,APAC Logistics Real Estate Fund,Real Estate,7.5051,synthetic_v1_dataset_generator
2025-03-31,H_PF_APEX_SECONDARIES_II,Apex Secondaries Fund II,Private Equity,18.3622,synthetic_v1_dataset_generator
2025-03-31,H_PF_ATLAS_COINV_I,Atlas Co-Investment Fund I,Private Equity,20.1984,synthetic_v1_dataset_generator
2025-03-31,H_PF_BLUE_HORIZON_III,Blue Horizon Ventures III,Venture Capital / Growth,16.4058,synthetic_v1_dataset_generator
2025-03-31,H_PF_CLIMATE_ALPHA,Climate Alpha Fund,Venture Capital / Growth,13.6715,synthetic_v1_dataset_generator
2025-03-31,H_PF_COVE_SPECIALTY_FIN,Cove Specialty Finance Fund,Private Credit,13.0393,synthetic_v1_dataset_generator
2025-03-31,H_PF_CRESCENT_DIRECT_LEND,Crescent Direct Lending Fund,Private Credit,18.6275,synthetic_v1_dataset_generator
2025-03-31,H_PF_DIGITAL_INFRA,Horizon Digital Infrastructure Fund,Infrastructure,7.4572,synthetic_v1_dataset_generator
2025-03-31,H_PF_DRAGONBRIDGE,DragonBridge Greater China Fund,Private Equity,25.707,synthetic_v1_dataset_generator
2025-03-31,H_PF_GLOBAL_GROWTH_II,Redwood Growth Fund II,Venture Capital / Growth,18.2287,synthetic_v1_dataset_generator
2025-03-31,H_PF_HARBOR_PEAK_V,Harbor Peak Partners V,Private Equity,27.5433,synthetic_v1_dataset_generator
2025-03-31,H_PF_HARBOUR_CORE_RE,Harbour Core Real Estate Fund,Real Estate,18.7628,synthetic_v1_dataset_generator
2025-03-31,H_PF_HOME_MULTIFAMILY,HomeStone Multifamily Fund,Real Estate,11.2577,synthetic_v1_dataset_generator
2025-03-31,H_PF_INDIA_DIGITAL,Indigo India Digital Growth Fund,Venture Capital / Growth,10.9372,synthetic_v1_dataset_generator
2025-03-31,H_PF_INFRA_CORE,Evergreen Core Infrastructure Fund,Infrastructure,11.1858,synthetic_v1_dataset_generator
2025-03-31,H_PF_LIONROCK_CREDIT,LionRock Asia Private Credit Fund,Private Credit,15.3677,synthetic_v1_dataset_generator
2025-03-31,H_PF_METRO_LOGISTICS,Metro Logistics Fund,Real Estate,11.7268,synthetic_v1_dataset_generator
2025-03-31,H_PF_NORTHSTAR_IV,Northstar Buyout Fund IV,Private Equity,32.1338,synthetic_v1_dataset_generator
2025-03-31,H_PF_RENEWABLES_II,SolarBridge Renewables Fund II,Infrastructure,9.3215,synthetic_v1_dataset_generator
2025-03-31,H_PF_SEEDSPRING_I,SeedSpring Southeast Asia VC Fund I,Venture Capital / Growth,9.1144,synthetic_v1_dataset_generator
2025-03-31,H_PF_SPRING_OPP_CREDIT,Spring Point Opportunistic Credit Fund,Private Credit,15.8334,synthetic_v1_dataset_generator
2025-03-31,H_QAI,Multi-Strategy Liquid Alternatives ETF Proxy,Hedge Funds / Absolute Return,6.7198,synthetic_v1_dataset_generator
2025-03-31,H_QQQ,Invesco QQQ Trust,Global Public Equities,21.7242,synthetic_v1_dataset_generator
2025-03-31,H_SPY,SPDR S&P 500 ETF,Global Public Equities,36.207,synthetic_v1_dataset_generator
2025-03-31,H_SPY_PUT,S&P 500 Protective Put Overlay,Global Public Equities,1.8103,synthetic_v1_dataset_generator
2025-03-31,H_TLT,iShares 20+ Year Treasury Bond ETF,Fixed Income & Liquid Credit,13.6186,synthetic_v1_dataset_generator
2025-03-31,H_VNQ,US Listed REIT ETF Proxy,Hedge Funds / Absolute Return,5.7598,synthetic_v1_dataset_generator
2025-04-30,H_2800HK,Tracker Fund of Hong Kong ETF,Global Public Equities,11.6192,synthetic_v1_dataset_generator
2025-04-30,H_ACWI,iShares MSCI ACWI ETF,Global Public Equities,18.5526,synthetic_v1_dataset_generator
2025-04-30,H_AGG,iShares Core US Aggregate Bond ETF,Fixed Income & Liquid Credit,23.476,synthetic_v1_dataset_generator
2025-04-30,H_BABA,Alibaba ADR,Global Public Equities,6.7779,synthetic_v1_dataset_generator
2025-04-30,H_BIL,SPDR 1-3 Month T-Bill ETF,Fixed Income & Liquid Credit,7.8253,synthetic_v1_dataset_generator
2025-04-30,H_BRKB,Berkshire Hathaway Class B,Global Public Equities,11.0508,synthetic_v1_dataset_generator
2025-04-30,H_CASH_HKD,HKD Working Capital,Cash & Liquidity,2.3664,synthetic_v1_dataset_generator
2025-04-30,H_CASH_JPY,JPY Treasury Buffer,Cash & Liquidity,1.5776,synthetic_v1_dataset_generator
2025-04-30,H_CASH_OPS_USD,USD Operating Cash,Cash & Liquidity,11.832,synthetic_v1_dataset_generator
2025-04-30,H_CASH_RESERVE_USD,USD Liquidity Reserve,Cash & Liquidity,4.437,synthetic_v1_dataset_generator
2025-04-30,H_CASH_SGD,SGD Near-Term Reserve,Cash & Liquidity,1.972,synthetic_v1_dataset_generator
2025-04-30,H_CNYA,iShares MSCI China A ETF,Global Public Equities,7.7462,synthetic_v1_dataset_generator
2025-04-30,H_DBC,Broad Commodities ETF Proxy,Hedge Funds / Absolute Return,7.7266,synthetic_v1_dataset_generator
2025-04-30,H_DBMF,Managed Futures ETF Proxy,Hedge Funds / Absolute Return,9.6582,synthetic_v1_dataset_generator
2025-04-30,H_EEM,iShares MSCI Emerging Markets ETF,Global Public Equities,6.4934,synthetic_v1_dataset_generator
2025-04-30,H_EMB,iShares Emerging Markets Bond ETF,Fixed Income & Liquid Credit,7.8253,synthetic_v1_dataset_generator
2025-04-30,H_ES_SHORT,S&P 500 Overlay Short Future,Global Public Equities,2.7627,synthetic_v1_dataset_generator
2025-04-30,H_EWJ,iShares MSCI Japan ETF,Global Public Equities,6.5095,synthetic_v1_dataset_generator
2025-04-30,H_EWS,iShares MSCI Singapore ETF,Global Public Equities,2.746,synthetic_v1_dataset_generator
2025-04-30,H_EWY,iShares MSCI South Korea ETF,Global Public Equities,4.6794,synthetic_v1_dataset_generator
2025-04-30,H_GLD,SPDR Gold Shares,Hedge Funds / Absolute Return,9.6593,synthetic_v1_dataset_generator
2025-04-30,H_GMACRO,Global Macro Hedge Fund Sleeve,Hedge Funds / Absolute Return,17.3847,synthetic_v1_dataset_generator
2025-04-30,H_GOOGL,Alphabet Class A,Global Public Equities,8.2881,synthetic_v1_dataset_generator
2025-04-30,H_HSI_FUT,Hang Seng Index Tactical Long Future,Global Public Equities,2.4207,synthetic_v1_dataset_generator
2025-04-30,H_HSTECH,Hang Seng TECH ETF-style Exposure,Global Public Equities,9.6827,synthetic_v1_dataset_generator
2025-04-30,H_HYG,iShares High Yield Corporate Bond ETF,Fixed Income & Liquid Credit,8.8035,synthetic_v1_dataset_generator
2025-04-30,H_IGIB,iShares 5-10 Year Investment Grade Corporate Bond ETF,Fixed Income & Liquid Credit,11.738,synthetic_v1_dataset_generator
2025-04-30,H_INDA,iShares MSCI India ETF,Global Public Equities,6.369,synthetic_v1_dataset_generator
2025-04-30,H_JD,JD.com ADR,Global Public Equities,4.8413,synthetic_v1_dataset_generator
2025-04-30,H_LQD,iShares Investment Grade Corporate Bond ETF,Fixed Income & Liquid Credit,7.8253,synthetic_v1_dataset_generator
2025-04-30,H_MKTNEUT,Equity Market Neutral Fund Sleeve,Hedge Funds / Absolute Return,15.4531,synthetic_v1_dataset_generator
2025-04-30,H_MSFT,Microsoft,Global Public Equities,9.209,synthetic_v1_dataset_generator
2025-04-30,H_NQ_SHORT,Nasdaq Overlay Short Future,Global Public Equities,1.8418,synthetic_v1_dataset_generator
2025-04-30,H_NVDA,NVIDIA,Global Public Equities,7.3672,synthetic_v1_dataset_generator
2025-04-30,H_PDD,PDD Holdings ADR,Global Public Equities,5.8096,synthetic_v1_dataset_generator
2025-04-30,H_PF_APAC_LOGISTICS,APAC Logistics Real Estate Fund,Real Estate,7.5417,synthetic_v1_dataset_generator
2025-04-30,H_PF_APEX_SECONDARIES_II,Apex Secondaries Fund II,Private Equity,18.5579,synthetic_v1_dataset_generator
2025-04-30,H_PF_ATLAS_COINV_I,Atlas Co-Investment Fund I,Private Equity,20.4137,synthetic_v1_dataset_generator
2025-04-30,H_PF_BLUE_HORIZON_III,Blue Horizon Ventures III,Venture Capital / Growth,16.5698,synthetic_v1_dataset_generator
2025-04-30,H_PF_CLIMATE_ALPHA,Climate Alpha Fund,Venture Capital / Growth,13.8082,synthetic_v1_dataset_generator
2025-04-30,H_PF_COVE_SPECIALTY_FIN,Cove Specialty Finance Fund,Private Credit,13.1153,synthetic_v1_dataset_generator
2025-04-30,H_PF_CRESCENT_DIRECT_LEND,Crescent Direct Lending Fund,Private Credit,18.7361,synthetic_v1_dataset_generator
2025-04-30,H_PF_DIGITAL_INFRA,Horizon Digital Infrastructure Fund,Infrastructure,7.4902,synthetic_v1_dataset_generator
2025-04-30,H_PF_DRAGONBRIDGE,DragonBridge Greater China Fund,Private Equity,25.9811,synthetic_v1_dataset_generator
2025-04-30,H_PF_GLOBAL_GROWTH_II,Redwood Growth Fund II,Venture Capital / Growth,18.4109,synthetic_v1_dataset_generator
2025-04-30,H_PF_HARBOR_PEAK_V,Harbor Peak Partners V,Private Equity,27.8369,synthetic_v1_dataset_generator
2025-04-30,H_PF_HARBOUR_CORE_RE,Harbour Core Real Estate Fund,Real Estate,18.8542,synthetic_v1_dataset_generator
2025-04-30,H_PF_HOME_MULTIFAMILY,HomeStone Multifamily Fund,Real Estate,11.3125,synthetic_v1_dataset_generator
2025-04-30,H_PF_INDIA_DIGITAL,Indigo India Digital Growth Fund,Venture Capital / Growth,11.0466,synthetic_v1_dataset_generator
2025-04-30,H_PF_INFRA_CORE,Evergreen Core Infrastructure Fund,Infrastructure,11.2353,synthetic_v1_dataset_generator
2025-04-30,H_PF_LIONROCK_CREDIT,LionRock Asia Private Credit Fund,Private Credit,15.4573,synthetic_v1_dataset_generator
2025-04-30,H_PF_METRO_LOGISTICS,Metro Logistics Fund,Real Estate,11.7839,synthetic_v1_dataset_generator
2025-04-30,H_PF_NORTHSTAR_IV,Northstar Buyout Fund IV,Private Equity,32.4764,synthetic_v1_dataset_generator
2025-04-30,H_PF_RENEWABLES_II,SolarBridge Renewables Fund II,Infrastructure,9.3627,synthetic_v1_dataset_generator
2025-04-30,H_PF_SEEDSPRING_I,SeedSpring Southeast Asia VC Fund I,Venture Capital / Growth,9.2055,synthetic_v1_dataset_generator
2025-04-30,H_PF_SPRING_OPP_CREDIT,Spring Point Opportunistic Credit Fund,Private Credit,15.9257,synthetic_v1_dataset_generator
2025-04-30,H_QAI,Multi-Strategy Liquid Alternatives ETF Proxy,Hedge Funds / Absolute Return,6.7607,synthetic_v1_dataset_generator
2025-04-30,H_QQQ,Invesco QQQ Trust,Global Public Equities,22.1015,synthetic_v1_dataset_generator
2025-04-30,H_SPY,SPDR S&P 500 ETF,Global Public Equities,36.8359,synthetic_v1_dataset_generator
2025-04-30,H_SPY_PUT,S&P 500 Protective Put Overlay,Global Public Equities,1.8418,synthetic_v1_dataset_generator
2025-04-30,H_TLT,iShares 20+ Year Treasury Bond ETF,Fixed Income & Liquid Credit,13.6943,synthetic_v1_dataset_generator
2025-04-30,H_VNQ,US Listed REIT ETF Proxy,Hedge Funds / Absolute Return,5.7949,synthetic_v1_dataset_generator
2025-05-31,H_2800HK,Tracker Fund of Hong Kong ETF,Global Public Equities,11.5922,synthetic_v1_dataset_generator
2025-05-31,H_ACWI,iShares MSCI ACWI ETF,Global Public Equities,18.6948,synthetic_v1_dataset_generator
2025-05-31,H_AGG,iShares Core US Aggregate Bond ETF,Fixed Income & Liquid Credit,23.5413,synthetic_v1_dataset_generator
2025-05-31,H_BABA,Alibaba ADR,Global Public Equities,6.7621,synthetic_v1_dataset_generator
2025-05-31,H_BIL,SPDR 1-3 Month T-Bill ETF,Fixed Income & Liquid Credit,7.8471,synthetic_v1_dataset_generator
2025-05-31,H_BRKB,Berkshire Hathaway Class B,Global Public Equities,11.1827,synthetic_v1_dataset_generator
2025-05-31,H_CASH_HKD,HKD Working Capital,Cash & Liquidity,2.3713,synthetic_v1_dataset_generator
2025-05-31,H_CASH_JPY,JPY Treasury Buffer,Cash & Liquidity,1.5809,synthetic_v1_dataset_generator
2025-05-31,H_CASH_OPS_USD,USD Operating Cash,Cash & Liquidity,11.8566,synthetic_v1_dataset_generator
2025-05-31,H_CASH_RESERVE_USD,USD Liquidity Reserve,Cash & Liquidity,4.4462,synthetic_v1_dataset_generator
2025-05-31,H_CASH_SGD,SGD Near-Term Reserve,Cash & Liquidity,1.9761,synthetic_v1_dataset_generator
2025-05-31,H_CNYA,iShares MSCI China A ETF,Global Public Equities,7.7281,synthetic_v1_dataset_generator
2025-05-31,H_DBC,Broad Commodities ETF Proxy,Hedge Funds / Absolute Return,7.7437,synthetic_v1_dataset_generator
2025-05-31,H_DBMF,Managed Futures ETF Proxy,Hedge Funds / Absolute Return,9.6796,synthetic_v1_dataset_generator
2025-05-31,H_EEM,iShares MSCI Emerging Markets ETF,Global Public Equities,6.5432,synthetic_v1_dataset_generator
2025-05-31,H_EMB,iShares Emerging Markets Bond ETF,Fixed Income & Liquid Credit,7.8471,synthetic_v1_dataset_generator
2025-05-31,H_ES_SHORT,S&P 500 Overlay Short Future,Global Public Equities,2.7957,synthetic_v1_dataset_generator
2025-05-31,H_EWJ,iShares MSCI Japan ETF,Global Public Equities,6.5403,synthetic_v1_dataset_generator
2025-05-31,H_EWS,iShares MSCI Singapore ETF,Global Public Equities,2.7442,synthetic_v1_dataset_generator
2025-05-31,H_EWY,iShares MSCI South Korea ETF,Global Public Equities,4.6829,synthetic_v1_dataset_generator
2025-05-31,H_GLD,SPDR Gold Shares,Hedge Funds / Absolute Return,9.7252,synthetic_v1_dataset_generator
2025-05-31,H_GMACRO,Global Macro Hedge Fund Sleeve,Hedge Funds / Absolute Return,17.4234,synthetic_v1_dataset_generator
2025-05-31,H_GOOGL,Alphabet Class A,Global Public Equities,8.3871,synthetic_v1_dataset_generator
2025-05-31,H_HSI_FUT,Hang Seng Index Tactical Long Future,Global Public Equities,2.415,synthetic_v1_dataset_generator
2025-05-31,H_HSTECH,Hang Seng TECH ETF-style Exposure,Global Public Equities,9.6602,synthetic_v1_dataset_generator
2025-05-31,H_HYG,iShares High Yield Corporate Bond ETF,Fixed Income & Liquid Credit,8.828,synthetic_v1_dataset_generator
2025-05-31,H_IGIB,iShares 5-10 Year Investment Grade Corporate Bond ETF,Fixed Income & Liquid Credit,11.7706,synthetic_v1_dataset_generator
2025-05-31,H_INDA,iShares MSCI India ETF,Global Public Equities,6.4377,synthetic_v1_dataset_generator
2025-05-31,H_JD,JD.com ADR,Global Public Equities,4.8301,synthetic_v1_dataset_generator
2025-05-31,H_LQD,iShares Investment Grade Corporate Bond ETF,Fixed Income & Liquid Credit,7.8471,synthetic_v1_dataset_generator
2025-05-31,H_MKTNEUT,Equity Market Neutral Fund Sleeve,Hedge Funds / Absolute Return,15.4874,synthetic_v1_dataset_generator
2025-05-31,H_MSFT,Microsoft,Global Public Equities,9.319,synthetic_v1_dataset_generator
2025-05-31,H_NQ_SHORT,Nasdaq Overlay Short Future,Global Public Equities,1.8638,synthetic_v1_dataset_generator
2025-05-31,H_NVDA,NVIDIA,Global Public Equities,7.4552,synthetic_v1_dataset_generator
2025-05-31,H_PDD,PDD Holdings ADR,Global Public Equities,5.7961,synthetic_v1_dataset_generator
2025-05-31,H_PF_APAC_LOGISTICS,APAC Logistics Real Estate Fund,Real Estate,7.5666,synthetic_v1_dataset_generator
2025-05-31,H_PF_APEX_SECONDARIES_II,Apex Secondaries Fund II,Private Equity,18.7209,synthetic_v1_dataset_generator
2025-05-31,H_PF_ATLAS_COINV_I,Atlas Co-Investment Fund I,Private Equity,20.593,synthetic_v1_dataset_generator
2025-05-31,H_PF_BLUE_HORIZON_III,Blue Horizon Ventures III,Venture Capital / Growth,16.6893,synthetic_v1_dataset_generator
2025-05-31,H_PF_CLIMATE_ALPHA,Climate Alpha Fund,Venture Capital / Growth,13.9078,synthetic_v1_dataset_generator
2025-05-31,H_PF_COVE_SPECIALTY_FIN,Cove Specialty Finance Fund,Private Credit,13.1775,synthetic_v1_dataset_generator
2025-05-31,H_PF_CRESCENT_DIRECT_LEND,Crescent Direct Lending Fund,Private Credit,18.825,synthetic_v1_dataset_generator
2025-05-31,H_PF_DIGITAL_INFRA,Horizon Digital Infrastructure Fund,Infrastructure,7.5144,synthetic_v1_dataset_generator
2025-05-31,H_PF_DRAGONBRIDGE,DragonBridge Greater China Fund,Private Equity,26.2093,synthetic_v1_dataset_generator
2025-05-31,H_PF_GLOBAL_GROWTH_II,Redwood Growth Fund II,Venture Capital / Growth,18.5437,synthetic_v1_dataset_generator
2025-05-31,H_PF_HARBOR_PEAK_V,Harbor Peak Partners V,Private Equity,28.0813,synthetic_v1_dataset_generator
2025-05-31,H_PF_HARBOUR_CORE_RE,Harbour Core Real Estate Fund,Real Estate,18.9165,synthetic_v1_dataset_generator
2025-05-31,H_PF_HOME_MULTIFAMILY,HomeStone Multifamily Fund,Real Estate,11.3499,synthetic_v1_dataset_generator
2025-05-31,H_PF_INDIA_DIGITAL,Indigo India Digital Growth Fund,Venture Capital / Growth,11.1262,synthetic_v1_dataset_generator
2025-05-31,H_PF_INFRA_CORE,Evergreen Core Infrastructure Fund,Infrastructure,11.2716,synthetic_v1_dataset_generator
2025-05-31,H_PF_LIONROCK_CREDIT,LionRock Asia Private Credit Fund,Private Credit,15.5306,synthetic_v1_dataset_generator
2025-05-31,H_PF_METRO_LOGISTICS,Metro Logistics Fund,Real Estate,11.8228,synthetic_v1_dataset_generator
2025-05-31,H_PF_NORTHSTAR_IV,Northstar Buyout Fund IV,Private Equity,32.7616,synthetic_v1_dataset_generator
2025-05-31,H_PF_RENEWABLES_II,SolarBridge Renewables Fund II,Infrastructure,9.393,synthetic_v1_dataset_generator
2025-05-31,H_PF_SEEDSPRING_I,SeedSpring Southeast Asia VC Fund I,Venture Capital / Growth,9.2718,synthetic_v1_dataset_generator
2025-05-31,H_PF_SPRING_OPP_CREDIT,Spring Point Opportunistic Credit Fund,Private Credit,16.0012,synthetic_v1_dataset_generator
2025-05-31,H_QAI,Multi-Strategy Liquid Alternatives ETF Proxy,Hedge Funds / Absolute Return,6.7758,synthetic_v1_dataset_generator
2025-05-31,H_QQQ,Invesco QQQ Trust,Global Public Equities,22.3655,synthetic_v1_dataset_generator
2025-05-31,H_SPY,SPDR S&P 500 ETF,Global Public Equities,37.2758,synthetic_v1_dataset_generator
2025-05-31,H_SPY_PUT,S&P 500 Protective Put Overlay,Global Public Equities,1.8638,synthetic_v1_dataset_generator
2025-05-31,H_TLT,iShares 20+ Year Treasury Bond ETF,Fixed Income & Liquid Credit,13.7324,synthetic_v1_dataset_generator
2025-05-31,H_VNQ,US Listed REIT ETF Proxy,Hedge Funds / Absolute Return,5.8078,synthetic_v1_dataset_generator
2025-06-30,H_2800HK,Tracker Fund of Hong Kong ETF,Global Public Equities,11.5061,synthetic_v1_dataset_generator
2025-06-30,H_ACWI,iShares MSCI ACWI ETF,Global Public Equities,18.7718,synthetic_v1_dataset_generator
2025-06-30,H_AGG,iShares Core US Aggregate Bond ETF,Fixed Income & Liquid Credit,23.5589,synthetic_v1_dataset_generator
2025-06-30,H_BABA,Alibaba ADR,Global Public Equities,6.7119,synthetic_v1_dataset_generator
2025-06-30,H_BIL,SPDR 1-3 Month T-Bill ETF,Fixed Income & Liquid Credit,7.853,synthetic_v1_dataset_generator
2025-06-30,H_BRKB,Berkshire Hathaway Class B,Global Public Equities,11.2685,synthetic_v1_dataset_generator
2025-06-30,H_CASH_HKD,HKD Working Capital,Cash & Liquidity,2.3749,synthetic_v1_dataset_generator
2025-06-30,H_CASH_JPY,JPY Treasury Buffer,Cash & Liquidity,1.5833,synthetic_v1_dataset_generator
2025-06-30,H_CASH_OPS_USD,USD Operating Cash,Cash & Liquidity,11.8744,synthetic_v1_dataset_generator
2025-06-30,H_CASH_RESERVE_USD,USD Liquidity Reserve,Cash & Liquidity,4.4529,synthetic_v1_dataset_generator
2025-06-30,H_CASH_SGD,SGD Near-Term Reserve,Cash & Liquidity,1.9791,synthetic_v1_dataset_generator
2025-06-30,H_CNYA,iShares MSCI China A ETF,Global Public Equities,7.6708,synthetic_v1_dataset_generator
2025-06-30,H_DBC,Broad Commodities ETF Proxy,Hedge Funds / Absolute Return,7.741,synthetic_v1_dataset_generator
2025-06-30,H_DBMF,Managed Futures ETF Proxy,Hedge Funds / Absolute Return,9.6762,synthetic_v1_dataset_generator
2025-06-30,H_EEM,iShares MSCI Emerging Markets ETF,Global Public Equities,6.5701,synthetic_v1_dataset_generator
2025-06-30,H_EMB,iShares Emerging Markets Bond ETF,Fixed Income & Liquid Credit,7.853,synthetic_v1_dataset_generator
2025-06-30,H_ES_SHORT,S&P 500 Overlay Short Future,Global Public Equities,2.8171,synthetic_v1_dataset_generator
2025-06-30,H_EWJ,iShares MSCI Japan ETF,Global Public Equities,6.5487,synthetic_v1_dataset_generator
2025-06-30,H_EWS,iShares MSCI Singapore ETF,Global Public Equities,2.7349,synthetic_v1_dataset_generator
2025-06-30,H_EWY,iShares MSCI South Korea ETF,Global Public Equities,4.6694,synthetic_v1_dataset_generator
2025-06-30,H_GLD,SPDR Gold Shares,Hedge Funds / Absolute Return,9.7526,synthetic_v1_dataset_generator
2025-06-30,H_GMACRO,Global Macro Hedge Fund Sleeve,Hedge Funds / Absolute Return,17.4172,synthetic_v1_dataset_generator
2025-06-30,H_GOOGL,Alphabet Class A,Global Public Equities,8.4514,synthetic_v1_dataset_generator
2025-06-30,H_HSI_FUT,Hang Seng Index Tactical Long Future,Global Public Equities,2.3971,synthetic_v1_dataset_generator
2025-06-30,H_HSTECH,Hang Seng TECH ETF-style Exposure,Global Public Equities,9.5884,synthetic_v1_dataset_generator
2025-06-30,H_HYG,iShares High Yield Corporate Bond ETF,Fixed Income & Liquid Credit,8.8346,synthetic_v1_dataset_generator
2025-06-30,H_IGIB,iShares 5-10 Year Investment Grade Corporate Bond ETF,Fixed Income & Liquid Credit,11.7794,synthetic_v1_dataset_generator
2025-06-30,H_INDA,iShares MSCI India ETF,Global Public Equities,6.4757,synthetic_v1_dataset_generator
2025-06-30,H_JD,JD.com ADR,Global Public Equities,4.7942,synthetic_v1_dataset_generator
2025-06-30,H_LQD,iShares Investment Grade Corporate Bond ETF,Fixed Income & Liquid Credit,7.853,synthetic_v1_dataset_generator
2025-06-30,H_MKTNEUT,Equity Market Neutral Fund Sleeve,Hedge Funds / Absolute Return,15.482,synthetic_v1_dataset_generator
2025-06-30,H_MSFT,Microsoft,Global Public Equities,9.3904,synthetic_v1_dataset_generator
2025-06-30,H_NQ_SHORT,Nasdaq Overlay Short Future,Global Public Equities,1.8781,synthetic_v1_dataset_generator
2025-06-30,H_NVDA,NVIDIA,Global Public Equities,7.5123,synthetic_v1_dataset_generator
2025-06-30,H_PDD,PDD Holdings ADR,Global Public Equities,5.7531,synthetic_v1_dataset_generator
2025-06-30,H_PF_APAC_LOGISTICS,APAC Logistics Real Estate Fund,Real Estate,7.5844,synthetic_v1_dataset_generator
2025-06-30,H_PF_APEX_SECONDARIES_II,Apex Secondaries Fund II,Private Equity,18.8544,synthetic_v1_dataset_generator
2025-06-30,H_PF_ATLAS_COINV_I,Atlas Co-Investment Fund I,Private Equity,20.7398,synthetic_v1_dataset_generator
2025-06-30,H_PF_BLUE_HORIZON_III,Blue Horizon Ventures III,Venture Capital / Growth,16.7768,synthetic_v1_dataset_generator
2025-06-30,H_PF_CLIMATE_ALPHA,Climate Alpha Fund,Venture Capital / Growth,13.9807,synthetic_v1_dataset_generator
2025-06-30,H_PF_COVE_SPECIALTY_FIN,Cove Specialty Finance Fund,Private Credit,13.2317,synthetic_v1_dataset_generator
2025-06-30,H_PF_CRESCENT_DIRECT_LEND,Crescent Direct Lending Fund,Private Credit,18.9024,synthetic_v1_dataset_generator
2025-06-30,H_PF_DIGITAL_INFRA,Horizon Digital Infrastructure Fund,Infrastructure,7.5345,synthetic_v1_dataset_generator
2025-06-30,H_PF_DRAGONBRIDGE,DragonBridge Greater China Fund,Private Equity,26.3961,synthetic_v1_dataset_generator
2025-06-30,H_PF_GLOBAL_GROWTH_II,Redwood Growth Fund II,Venture Capital / Growth,18.6409,synthetic_v1_dataset_generator
2025-06-30,H_PF_HARBOR_PEAK_V,Harbor Peak Partners V,Private Equity,28.2816,synthetic_v1_dataset_generator
2025-06-30,H_PF_HARBOUR_CORE_RE,Harbour Core Real Estate Fund,Real Estate,18.9611,synthetic_v1_dataset_generator
2025-06-30,H_PF_HOME_MULTIFAMILY,HomeStone Multifamily Fund,Real Estate,11.3766,synthetic_v1_dataset_generator
2025-06-30,H_PF_INDIA_DIGITAL,Indigo India Digital Growth Fund,Venture Capital / Growth,11.1845,synthetic_v1_dataset_generator
2025-06-30,H_PF_INFRA_CORE,Evergreen Core Infrastructure Fund,Infrastructure,11.3017,synthetic_v1_dataset_generator
2025-06-30,H_PF_LIONROCK_CREDIT,LionRock Asia Private Credit Fund,Private Credit,15.5945,synthetic_v1_dataset_generator
2025-06-30,H_PF_METRO_LOGISTICS,Metro Logistics Fund,Real Estate,11.8507,synthetic_v1_dataset_generator
2025-06-30,H_PF_NORTHSTAR_IV,Northstar Buyout Fund IV,Private Equity,32.9951,synthetic_v1_dataset_generator
2025-06-30,H_PF_RENEWABLES_II,SolarBridge Renewables Fund II,Infrastructure,9.4181,synthetic_v1_dataset_generator
2025-06-30,H_PF_SEEDSPRING_I,SeedSpring Southeast Asia VC Fund I,Venture Capital / Growth,9.3205,synthetic_v1_dataset_generator
2025-06-30,H_PF_SPRING_OPP_CREDIT,Spring Point Opportunistic Credit Fund,Private Credit,16.0671,synthetic_v1_dataset_generator
2025-06-30,H_QAI,Multi-Strategy Liquid Alternatives ETF Proxy,Hedge Funds / Absolute Return,6.7734,synthetic_v1_dataset_generator
2025-06-30,H_QQQ,Invesco QQQ Trust,Global Public Equities,22.537,synthetic_v1_dataset_generator
2025-06-30,H_SPY,SPDR S&P 500 ETF,Global Public Equities,37.5617,synthetic_v1_dataset_generator
2025-06-30,H_SPY_PUT,S&P 500 Protective Put Overlay,Global Public Equities,1.8781,synthetic_v1_dataset_generator
2025-06-30,H_TLT,iShares 20+ Year Treasury Bond ETF,Fixed Income & Liquid Credit,13.7427,synthetic_v1_dataset_generator
2025-06-30,H_VNQ,US Listed REIT ETF Proxy,Hedge Funds / Absolute Return,5.8057,synthetic_v1_dataset_generator
2025-07-31,H_2800HK,Tracker Fund of Hong Kong ETF,Global Public Equities,11.3983,synthetic_v1_dataset_generator
2025-07-31,H_ACWI,iShares MSCI ACWI ETF,Global Public Equities,18.8086,synthetic_v1_dataset_generator
2025-07-31,H_AGG,iShares Core US Aggregate Bond ETF,Fixed Income & Liquid Credit,23.5482,synthetic_v1_dataset_generator
2025-07-31,H_BABA,Alibaba ADR,Global Public Equities,6.649,synthetic_v1_dataset_generator
2025-07-31,H_BIL,SPDR 1-3 Month T-Bill ETF,Fixed Income & Liquid Credit,7.8494,synthetic_v1_dataset_generator
2025-07-31,H_BRKB,Berkshire Hathaway Class B,Global Public Equities,11.322,synthetic_v1_dataset_generator
2025-07-31,H_CASH_HKD,HKD Working Capital,Cash & Liquidity,2.3772,synthetic_v1_dataset_generator
2025-07-31,H_CASH_JPY,JPY Treasury Buffer,Cash & Liquidity,1.5848,synthetic_v1_dataset_generator
2025-07-31,H_CASH_OPS_USD,USD Operating Cash,Cash & Liquidity,11.8861,synthetic_v1_dataset_generator
2025-07-31,H_CASH_RESERVE_USD,USD Liquidity Reserve,Cash & Liquidity,4.4573,synthetic_v1_dataset_generator
2025-07-31,H_CASH_SGD,SGD Near-Term Reserve,Cash & Liquidity,1.981,synthetic_v1_dataset_generator
2025-07-31,H_CNYA,iShares MSCI China A ETF,Global Public Equities,7.5988,synthetic_v1_dataset_generator
2025-07-31,H_DBC,Broad Commodities ETF Proxy,Hedge Funds / Absolute Return,7.7289,synthetic_v1_dataset_generator
2025-07-31,H_DBMF,Managed Futures ETF Proxy,Hedge Funds / Absolute Return,9.6611,synthetic_v1_dataset_generator
2025-07-31,H_EEM,iShares MSCI Emerging Markets ETF,Global Public Equities,6.583,synthetic_v1_dataset_generator
2025-07-31,H_EMB,iShares Emerging Markets Bond ETF,Fixed Income & Liquid Credit,7.8494,synthetic_v1_dataset_generator
2025-07-31,H_ES_SHORT,S&P 500 Overlay Short Future,Global Public Equities,2.8305,synthetic_v1_dataset_generator
2025-07-31,H_EWJ,iShares MSCI Japan ETF,Global Public Equities,6.5455,synthetic_v1_dataset_generator
2025-07-31,H_EWS,iShares MSCI Singapore ETF,Global Public Equities,2.725,synthetic_v1_dataset_generator
2025-07-31,H_EWY,iShares MSCI South Korea ETF,Global Public Equities,4.6498,synthetic_v1_dataset_generator
2025-07-31,H_GLD,SPDR Gold Shares,Hedge Funds / Absolute Return,9.7528,synthetic_v1_dataset_generator
2025-07-31,H_GMACRO,Global Macro Hedge Fund Sleeve,Hedge Funds / Absolute Return,17.3899,synthetic_v1_dataset_generator
2025-07-31,H_GOOGL,Alphabet Class A,Global Public Equities,8.4915,synthetic_v1_dataset_generator
2025-07-31,H_HSI_FUT,Hang Seng Index Tactical Long Future,Global Public Equities,2.3746,synthetic_v1_dataset_generator
2025-07-31,H_HSTECH,Hang Seng TECH ETF-style Exposure,Global Public Equities,9.4985,synthetic_v1_dataset_generator
2025-07-31,H_HYG,iShares High Yield Corporate Bond ETF,Fixed Income & Liquid Credit,8.8306,synthetic_v1_dataset_generator
2025-07-31,H_IGIB,iShares 5-10 Year Investment Grade Corporate Bond ETF,Fixed Income & Liquid Credit,11.7741,synthetic_v1_dataset_generator
2025-07-31,H_INDA,iShares MSCI India ETF,Global Public Equities,6.495,synthetic_v1_dataset_generator
2025-07-31,H_JD,JD.com ADR,Global Public Equities,4.7493,synthetic_v1_dataset_generator
2025-07-31,H_LQD,iShares Investment Grade Corporate Bond ETF,Fixed Income & Liquid Credit,7.8494,synthetic_v1_dataset_generator
2025-07-31,H_MKTNEUT,Equity Market Neutral Fund Sleeve,Hedge Funds / Absolute Return,15.4577,synthetic_v1_dataset_generator
2025-07-31,H_MSFT,Microsoft,Global Public Equities,9.435,synthetic_v1_dataset_generator
2025-07-31,H_NQ_SHORT,Nasdaq Overlay Short Future,Global Public Equities,1.887,synthetic_v1_dataset_generator
2025-07-31,H_NVDA,NVIDIA,Global Public Equities,7.548,synthetic_v1_dataset_generator
2025-07-31,H_PDD,PDD Holdings ADR,Global Public Equities,5.6991,synthetic_v1_dataset_generator
2025-07-31,H_PF_APAC_LOGISTICS,APAC Logistics Real Estate Fund,Real Estate,7.6,synthetic_v1_dataset_generator
2025-07-31,H_PF_APEX_SECONDARIES_II,Apex Secondaries Fund II,Private Equity,18.9643,synthetic_v1_dataset_generator
2025-07-31,H_PF_ATLAS_COINV_I,Atlas Co-Investment Fund I,Private Equity,20.8607,synthetic_v1_dataset_generator
2025-07-31,H_PF_BLUE_HORIZON_III,Blue Horizon Ventures III,Venture Capital / Growth,16.8467,synthetic_v1_dataset_generator
2025-07-31,H_PF_CLIMATE_ALPHA,Climate Alpha Fund,Venture Capital / Growth,14.0389,synthetic_v1_dataset_generator
2025-07-31,H_PF_COVE_SPECIALTY_FIN,Cove Specialty Finance Fund,Private Credit,13.2837,synthetic_v1_dataset_generator
2025-07-31,H_PF_CRESCENT_DIRECT_LEND,Crescent Direct Lending Fund,Private Credit,18.9768,synthetic_v1_dataset_generator
2025-07-31,H_PF_DIGITAL_INFRA,Horizon Digital Infrastructure Fund,Infrastructure,7.555,synthetic_v1_dataset_generator
2025-07-31,H_PF_DRAGONBRIDGE,DragonBridge Greater China Fund,Private Equity,26.55,synthetic_v1_dataset_generator
2025-07-31,H_PF_GLOBAL_GROWTH_II,Redwood Growth Fund II,Venture Capital / Growth,18.7186,synthetic_v1_dataset_generator
2025-07-31,H_PF_HARBOR_PEAK_V,Harbor Peak Partners V,Private Equity,28.4464,synthetic_v1_dataset_generator
2025-07-31,H_PF_HARBOUR_CORE_RE,Harbour Core Real Estate Fund,Real Estate,18.9999,synthetic_v1_dataset_generator
2025-07-31,H_PF_HOME_MULTIFAMILY,HomeStone Multifamily Fund,Real Estate,11.4,synthetic_v1_dataset_generator
2025-07-31,H_PF_INDIA_DIGITAL,Indigo India Digital Growth Fund,Venture Capital / Growth,11.2311,synthetic_v1_dataset_generator
2025-07-31,H_PF_INFRA_CORE,Evergreen Core Infrastructure Fund,Infrastructure,11.3326,synthetic_v1_dataset_generator
2025-07-31,H_PF_LIONROCK_CREDIT,LionRock Asia Private Credit Fund,Private Credit,15.6558,synthetic_v1_dataset_generator
2025-07-31,H_PF_METRO_LOGISTICS,Metro Logistics Fund,Real Estate,11.875,synthetic_v1_dataset_generator
2025-07-31,H_PF_NORTHSTAR_IV,Northstar Buyout Fund IV,Private Equity,33.1875,synthetic_v1_dataset_generator
2025-07-31,H_PF_RENEWABLES_II,SolarBridge Renewables Fund II,Infrastructure,9.4438,synthetic_v1_dataset_generator
2025-07-31,H_PF_SEEDSPRING_I,SeedSpring Southeast Asia VC Fund I,Venture Capital / Growth,9.3593,synthetic_v1_dataset_generator
2025-07-31,H_PF_SPRING_OPP_CREDIT,Spring Point Opportunistic Credit Fund,Private Credit,16.1303,synthetic_v1_dataset_generator
2025-07-31,H_QAI,Multi-Strategy Liquid Alternatives ETF Proxy,Hedge Funds / Absolute Return,6.7628,synthetic_v1_dataset_generator
2025-07-31,H_QQQ,Invesco QQQ Trust,Global Public Equities,22.644,synthetic_v1_dataset_generator
2025-07-31,H_SPY,SPDR S&P 500 ETF,Global Public Equities,37.74,synthetic_v1_dataset_generator
2025-07-31,H_SPY_PUT,S&P 500 Protective Put Overlay,Global Public Equities,1.887,synthetic_v1_dataset_generator
2025-07-31,H_TLT,iShares 20+ Year Treasury Bond ETF,Fixed Income & Liquid Credit,13.7365,synthetic_v1_dataset_generator
2025-07-31,H_VNQ,US Listed REIT ETF Proxy,Hedge Funds / Absolute Return,5.7966,synthetic_v1_dataset_generator
2025-08-31,H_2800HK,Tracker Fund of Hong Kong ETF,Global Public Equities,11.2991,synthetic_v1_dataset_generator
2025-08-31,H_ACWI,iShares MSCI ACWI ETF,Global Public Equities,18.8288,synthetic_v1_dataset_generator
2025-08-31,H_AGG,iShares Core US Aggregate Bond ETF,Fixed Income & Liquid Credit,23.5264,synthetic_v1_dataset_generator
2025-08-31,H_BABA,Alibaba ADR,Global Public Equities,6.5911,synthetic_v1_dataset_generator
2025-08-31,H_BIL,SPDR 1-3 Month T-Bill ETF,Fixed Income & Liquid Credit,7.8421,synthetic_v1_dataset_generator
2025-08-31,H_BRKB,Berkshire Hathaway Class B,Global Public Equities,11.3564,synthetic_v1_dataset_generator
2025-08-31,H_CASH_HKD,HKD Working Capital,Cash & Liquidity,2.3786,synthetic_v1_dataset_generator
2025-08-31,H_CASH_JPY,JPY Treasury Buffer,Cash & Liquidity,1.5857,synthetic_v1_dataset_generator
2025-08-31,H_CASH_OPS_USD,USD Operating Cash,Cash & Liquidity,11.8929,synthetic_v1_dataset_generator
2025-08-31,H_CASH_RESERVE_USD,USD Liquidity Reserve,Cash & Liquidity,4.4598,synthetic_v1_dataset_generator
2025-08-31,H_CASH_SGD,SGD Near-Term Reserve,Cash & Liquidity,1.9821,synthetic_v1_dataset_generator
2025-08-31,H_CNYA,iShares MSCI China A ETF,Global Public Equities,7.5327,synthetic_v1_dataset_generator
2025-08-31,H_DBC,Broad Commodities ETF Proxy,Hedge Funds / Absolute Return,7.7162,synthetic_v1_dataset_generator
2025-08-31,H_DBMF,Managed Futures ETF Proxy,Hedge Funds / Absolute Return,9.6452,synthetic_v1_dataset_generator
2025-08-31,H_EEM,iShares MSCI Emerging Markets ETF,Global Public Equities,6.5901,synthetic_v1_dataset_generator
2025-08-31,H_EMB,iShares Emerging Markets Bond ETF,Fixed Income & Liquid Credit,7.8421,synthetic_v1_dataset_generator
2025-08-31,H_ES_SHORT,S&P 500 Overlay Short Future,Global Public Equities,2.8391,synthetic_v1_dataset_generator
2025-08-31,H_EWJ,iShares MSCI Japan ETF,Global Public Equities,6.5405,synthetic_v1_dataset_generator
2025-08-31,H_EWS,iShares MSCI Singapore ETF,Global Public Equities,2.7199,synthetic_v1_dataset_generator
2025-08-31,H_EWY,iShares MSCI South Korea ETF,Global Public Equities,4.6335,synthetic_v1_dataset_generator
2025-08-31,H_GLD,SPDR Gold Shares,Hedge Funds / Absolute Return,9.7374,synthetic_v1_dataset_generator
2025-08-31,H_GMACRO,Global Macro Hedge Fund Sleeve,Hedge Funds / Absolute Return,17.3614,synthetic_v1_dataset_generator
2025-08-31,H_GOOGL,Alphabet Class A,Global Public Equities,8.5173,synthetic_v1_dataset_generator
2025-08-31,H_HSI_FUT,Hang Seng Index Tactical Long Future,Global Public Equities,2.354,synthetic_v1_dataset_generator
2025-08-31,H_HSTECH,Hang Seng TECH ETF-style Exposure,Global Public Equities,9.4159,synthetic_v1_dataset_generator
2025-08-31,H_HYG,iShares High Yield Corporate Bond ETF,Fixed Income & Liquid Credit,8.8224,synthetic_v1_dataset_generator
2025-08-31,H_IGIB,iShares 5-10 Year Investment Grade Corporate Bond ETF,Fixed Income & Liquid Credit,11.7632,synthetic_v1_dataset_generator
2025-08-31,H_INDA,iShares MSCI India ETF,Global Public Equities,6.5066,synthetic_v1_dataset_generator
2025-08-31,H_JD,JD.com ADR,Global Public Equities,4.7079,synthetic_v1_dataset_generator
2025-08-31,H_LQD,iShares Investment Grade Corporate Bond ETF,Fixed Income & Liquid Credit,7.8421,synthetic_v1_dataset_generator
2025-08-31,H_MKTNEUT,Equity Market Neutral Fund Sleeve,Hedge Funds / Absolute Return,15.4323,synthetic_v1_dataset_generator
2025-08-31,H_MSFT,Microsoft,Global Public Equities,9.4637,synthetic_v1_dataset_generator
2025-08-31,H_NQ_SHORT,Nasdaq Overlay Short Future,Global Public Equities,1.8927,synthetic_v1_dataset_generator
2025-08-31,H_NVDA,NVIDIA,Global Public Equities,7.5709,synthetic_v1_dataset_generator
2025-08-31,H_PDD,PDD Holdings ADR,Global Public Equities,5.6495,synthetic_v1_dataset_generator
2025-08-31,H_PF_APAC_LOGISTICS,APAC Logistics Real Estate Fund,Real Estate,7.6174,synthetic_v1_dataset_generator
2025-08-31,H_PF_APEX_SECONDARIES_II,Apex Secondaries Fund II,Private Equity,19.0574,synthetic_v1_dataset_generator
2025-08-31,H_PF_ATLAS_COINV_I,Atlas Co-Investment Fund I,Private Equity,20.9631,synthetic_v1_dataset_generator
2025-08-31,H_PF_BLUE_HORIZON_III,Blue Horizon Ventures III,Venture Capital / Growth,16.9117,synthetic_v1_dataset_generator
2025-08-31,H_PF_CLIMATE_ALPHA,Climate Alpha Fund,Venture Capital / Growth,14.0931,synthetic_v1_dataset_generator
2025-08-31,H_PF_COVE_SPECIALTY_FIN,Cove Specialty Finance Fund,Private Credit,13.3382,synthetic_v1_dataset_generator
2025-08-31,H_PF_CRESCENT_DIRECT_LEND,Crescent Direct Lending Fund,Private Credit,19.0546,synthetic_v1_dataset_generator
2025-08-31,H_PF_DIGITAL_INFRA,Horizon Digital Infrastructure Fund,Infrastructure,7.5797,synthetic_v1_dataset_generator
2025-08-31,H_PF_DRAGONBRIDGE,DragonBridge Greater China Fund,Private Equity,26.6803,synthetic_v1_dataset_generator
2025-08-31,H_PF_GLOBAL_GROWTH_II,Redwood Growth Fund II,Venture Capital / Growth,18.7908,synthetic_v1_dataset_generator
2025-08-31,H_PF_HARBOR_PEAK_V,Harbor Peak Partners V,Private Equity,28.5861,synthetic_v1_dataset_generator
2025-08-31,H_PF_HARBOUR_CORE_RE,Harbour Core Real Estate Fund,Real Estate,19.0436,synthetic_v1_dataset_generator
2025-08-31,H_PF_HOME_MULTIFAMILY,HomeStone Multifamily Fund,Real Estate,11.4261,synthetic_v1_dataset_generator
2025-08-31,H_PF_INDIA_DIGITAL,Indigo India Digital Growth Fund,Venture Capital / Growth,11.2745,synthetic_v1_dataset_generator
2025-08-31,H_PF_INFRA_CORE,Evergreen Core Infrastructure Fund,Infrastructure,11.3696,synthetic_v1_dataset_generator
2025-08-31,H_PF_LIONROCK_CREDIT,LionRock Asia Private Credit Fund,Private Credit,15.72,synthetic_v1_dataset_generator
2025-08-31,H_PF_METRO_LOGISTICS,Metro Logistics Fund,Real Estate,11.9022,synthetic_v1_dataset_generator
2025-08-31,H_PF_NORTHSTAR_IV,Northstar Buyout Fund IV,Private Equity,33.3504,synthetic_v1_dataset_generator
2025-08-31,H_PF_RENEWABLES_II,SolarBridge Renewables Fund II,Infrastructure,9.4747,synthetic_v1_dataset_generator
2025-08-31,H_PF_SEEDSPRING_I,SeedSpring Southeast Asia VC Fund I,Venture Capital / Growth,9.3954,synthetic_v1_dataset_generator
2025-08-31,H_PF_SPRING_OPP_CREDIT,Spring Point Opportunistic Credit Fund,Private Credit,16.1964,synthetic_v1_dataset_generator
2025-08-31,H_QAI,Multi-Strategy Liquid Alternatives ETF Proxy,Hedge Funds / Absolute Return,6.7516,synthetic_v1_dataset_generator
2025-08-31,H_QQQ,Invesco QQQ Trust,Global Public Equities,22.7128,synthetic_v1_dataset_generator
2025-08-31,H_SPY,SPDR S&P 500 ETF,Global Public Equities,37.8547,synthetic_v1_dataset_generator
2025-08-31,H_SPY_PUT,S&P 500 Protective Put Overlay,Global Public Equities,1.8927,synthetic_v1_dataset_generator
2025-08-31,H_TLT,iShares 20+ Year Treasury Bond ETF,Fixed Income & Liquid Credit,13.7237,synthetic_v1_dataset_generator
2025-08-31,H_VNQ,US Listed REIT ETF Proxy,Hedge Funds / Absolute Return,5.7871,synthetic_v1_dataset_generator
2025-09-30,H_2800HK,Tracker Fund of Hong Kong ETF,Global Public Equities,11.2283,synthetic_v1_dataset_generator
2025-09-30,H_ACWI,iShares MSCI ACWI ETF,Global Public Equities,18.8508,synthetic_v1_dataset_generator
2025-09-30,H_AGG,iShares Core US Aggregate Bond ETF,Fixed Income & Liquid Credit,23.5059,synthetic_v1_dataset_generator
2025-09-30,H_BABA,Alibaba ADR,Global Public Equities,6.5498,synthetic_v1_dataset_generator
2025-09-30,H_BIL,SPDR 1-3 Month T-Bill ETF,Fixed Income & Liquid Credit,7.8353,synthetic_v1_dataset_generator
2025-09-30,H_BRKB,Berkshire Hathaway Class B,Global Public Equities,11.3817,synthetic_v1_dataset_generator
2025-09-30,H_CASH_HKD,HKD Working Capital,Cash & Liquidity,2.3793,synthetic_v1_dataset_generator
2025-09-30,H_CASH_JPY,JPY Treasury Buffer,Cash & Liquidity,1.5862,synthetic_v1_dataset_generator
2025-09-30,H_CASH_OPS_USD,USD Operating Cash,Cash & Liquidity,11.8967,synthetic_v1_dataset_generator
2025-09-30,H_CASH_RESERVE_USD,USD Liquidity Reserve,Cash & Liquidity,4.4613,synthetic_v1_dataset_generator
2025-09-30,H_CASH_SGD,SGD Near-Term Reserve,Cash & Liquidity,1.9828,synthetic_v1_dataset_generator
2025-09-30,H_CNYA,iShares MSCI China A ETF,Global Public Equities,7.4855,synthetic_v1_dataset_generator
2025-09-30,H_DBC,Broad Commodities ETF Proxy,Hedge Funds / Absolute Return,7.7087,synthetic_v1_dataset_generator
2025-09-30,H_DBMF,Managed Futures ETF Proxy,Hedge Funds / Absolute Return,9.6359,synthetic_v1_dataset_generator
2025-09-30,H_EEM,iShares MSCI Emerging Markets ETF,Global Public Equities,6.5978,synthetic_v1_dataset_generator
2025-09-30,H_EMB,iShares Emerging Markets Bond ETF,Fixed Income & Liquid Credit,7.8353,synthetic_v1_dataset_generator
2025-09-30,H_ES_SHORT,S&P 500 Overlay Short Future,Global Public Equities,2.8454,synthetic_v1_dataset_generator
2025-09-30,H_EWJ,iShares MSCI Japan ETF,Global Public Equities,6.5414,synthetic_v1_dataset_generator
2025-09-30,H_EWS,iShares MSCI Singapore ETF,Global Public Equities,2.7229,synthetic_v1_dataset_generator
2025-09-30,H_EWY,iShares MSCI South Korea ETF,Global Public Equities,4.6268,synthetic_v1_dataset_generator
2025-09-30,H_GLD,SPDR Gold Shares,Hedge Funds / Absolute Return,9.7158,synthetic_v1_dataset_generator
2025-09-30,H_GMACRO,Global Macro Hedge Fund Sleeve,Hedge Funds / Absolute Return,17.3447,synthetic_v1_dataset_generator
2025-09-30,H_GOOGL,Alphabet Class A,Global Public Equities,8.5363,synthetic_v1_dataset_generator
2025-09-30,H_HSI_FUT,Hang Seng Index Tactical Long Future,Global Public Equities,2.3392,synthetic_v1_dataset_generator
2025-09-30,H_HSTECH,Hang Seng TECH ETF-style Exposure,Global Public Equities,9.3569,synthetic_v1_dataset_generator
2025-09-30,H_HYG,iShares High Yield Corporate Bond ETF,Fixed Income & Liquid Credit,8.8147,synthetic_v1_dataset_generator
2025-09-30,H_IGIB,iShares 5-10 Year Investment Grade Corporate Bond ETF,Fixed Income & Liquid Credit,11.7529,synthetic_v1_dataset_generator
2025-09-30,H_INDA,iShares MSCI India ETF,Global Public Equities,6.518,synthetic_v1_dataset_generator
2025-09-30,H_JD,JD.com ADR,Global Public Equities,4.6785,synthetic_v1_dataset_generator
2025-09-30,H_LQD,iShares Investment Grade Corporate Bond ETF,Fixed Income & Liquid Credit,7.8353,synthetic_v1_dataset_generator
2025-09-30,H_MKTNEUT,Equity Market Neutral Fund Sleeve,Hedge Funds / Absolute Return,15.4175,synthetic_v1_dataset_generator
2025-09-30,H_MSFT,Microsoft,Global Public Equities,9.4847,synthetic_v1_dataset_generator
2025-09-30,H_NQ_SHORT,Nasdaq Overlay Short Future,Global Public Equities,1.8969,synthetic_v1_dataset_generator
2025-09-30,H_NVDA,NVIDIA,Global Public Equities,7.5878,synthetic_v1_dataset_generator
2025-09-30,H_PDD,PDD Holdings ADR,Global Public Equities,5.6142,synthetic_v1_dataset_generator
2025-09-30,H_PF_APAC_LOGISTICS,APAC Logistics Real Estate Fund,Real Estate,7.6398,synthetic_v1_dataset_generator
2025-09-30,H_PF_APEX_SECONDARIES_II,Apex Secondaries Fund II,Private Equity,19.1403,synthetic_v1_dataset_generator
2025-09-30,H_PF_ATLAS_COINV_I,Atlas Co-Investment Fund I,Private Equity,21.0544,synthetic_v1_dataset_generator
2025-09-30,H_PF_BLUE_HORIZON_III,Blue Horizon Ventures III,Venture Capital / Growth,16.981,synthetic_v1_dataset_generator
2025-09-30,H_PF_CLIMATE_ALPHA,Climate Alpha Fund,Venture Capital / Growth,14.1509,synthetic_v1_dataset_generator
2025-09-30,H_PF_COVE_SPECIALTY_FIN,Cove Specialty Finance Fund,Private Credit,13.3977,synthetic_v1_dataset_generator
2025-09-30,H_PF_CRESCENT_DIRECT_LEND,Crescent Direct Lending Fund,Private Credit,19.1396,synthetic_v1_dataset_generator
2025-09-30,H_PF_DIGITAL_INFRA,Horizon Digital Infrastructure Fund,Infrastructure,7.6107,synthetic_v1_dataset_generator
2025-09-30,H_PF_DRAGONBRIDGE,DragonBridge Greater China Fund,Private Equity,26.7965,synthetic_v1_dataset_generator
2025-09-30,H_PF_GLOBAL_GROWTH_II,Redwood Growth Fund II,Venture Capital / Growth,18.8678,synthetic_v1_dataset_generator
2025-09-30,H_PF_HARBOR_PEAK_V,Harbor Peak Partners V,Private Equity,28.7105,synthetic_v1_dataset_generator
2025-09-30,H_PF_HARBOUR_CORE_RE,Harbour Core Real Estate Fund,Real Estate,19.0994,synthetic_v1_dataset_generator
2025-09-30,H_PF_HOME_MULTIFAMILY,HomeStone Multifamily Fund,Real Estate,11.4597,synthetic_v1_dataset_generator
2025-09-30,H_PF_INDIA_DIGITAL,Indigo India Digital Growth Fund,Venture Capital / Growth,11.3207,synthetic_v1_dataset_generator
2025-09-30,H_PF_INFRA_CORE,Evergreen Core Infrastructure Fund,Infrastructure,11.4161,synthetic_v1_dataset_generator
2025-09-30,H_PF_LIONROCK_CREDIT,LionRock Asia Private Credit Fund,Private Credit,15.7901,synthetic_v1_dataset_generator
2025-09-30,H_PF_METRO_LOGISTICS,Metro Logistics Fund,Real Estate,11.9372,synthetic_v1_dataset_generator
2025-09-30,H_PF_NORTHSTAR_IV,Northstar Buyout Fund IV,Private Equity,33.4956,synthetic_v1_dataset_generator
2025-09-30,H_PF_RENEWABLES_II,SolarBridge Renewables Fund II,Infrastructure,9.5134,synthetic_v1_dataset_generator
2025-09-30,H_PF_SEEDSPRING_I,SeedSpring Southeast Asia VC Fund I,Venture Capital / Growth,9.4339,synthetic_v1_dataset_generator
2025-09-30,H_PF_SPRING_OPP_CREDIT,Spring Point Opportunistic Credit Fund,Private Credit,16.2686,synthetic_v1_dataset_generator
2025-09-30,H_QAI,Multi-Strategy Liquid Alternatives ETF Proxy,Hedge Funds / Absolute Return,6.7451,synthetic_v1_dataset_generator
2025-09-30,H_QQQ,Invesco QQQ Trust,Global Public Equities,22.7634,synthetic_v1_dataset_generator
2025-09-30,H_SPY,SPDR S&P 500 ETF,Global Public Equities,37.939,synthetic_v1_dataset_generator
2025-09-30,H_SPY_PUT,S&P 500 Protective Put Overlay,Global Public Equities,1.8969,synthetic_v1_dataset_generator
2025-09-30,H_TLT,iShares 20+ Year Treasury Bond ETF,Fixed Income & Liquid Credit,13.7118,synthetic_v1_dataset_generator
2025-09-30,H_VNQ,US Listed REIT ETF Proxy,Hedge Funds / Absolute Return,5.7816,synthetic_v1_dataset_generator
2025-10-31,H_2800HK,Tracker Fund of Hong Kong ETF,Global Public Equities,11.1956,synthetic_v1_dataset_generator
2025-10-31,H_ACWI,iShares MSCI ACWI ETF,Global Public Equities,18.8877,synthetic_v1_dataset_generator
2025-10-31,H_AGG,iShares Core US Aggregate Bond ETF,Fixed Income & Liquid Credit,23.4945,synthetic_v1_dataset_generator
2025-10-31,H_BABA,Alibaba ADR,Global Public Equities,6.5307,synthetic_v1_dataset_generator
2025-10-31,H_BIL,SPDR 1-3 Month T-Bill ETF,Fixed Income & Liquid Credit,7.8315,synthetic_v1_dataset_generator
2025-10-31,H_BRKB,Berkshire Hathaway Class B,Global Public Equities,11.405,synthetic_v1_dataset_generator
2025-10-31,H_CASH_HKD,HKD Working Capital,Cash & Liquidity,2.38,synthetic_v1_dataset_generator
2025-10-31,H_CASH_JPY,JPY Treasury Buffer,Cash & Liquidity,1.5866,synthetic_v1_dataset_generator
2025-10-31,H_CASH_OPS_USD,USD Operating Cash,Cash & Liquidity,11.8998,synthetic_v1_dataset_generator
2025-10-31,H_CASH_RESERVE_USD,USD Liquidity Reserve,Cash & Liquidity,4.4624,synthetic_v1_dataset_generator
2025-10-31,H_CASH_SGD,SGD Near-Term Reserve,Cash & Liquidity,1.9833,synthetic_v1_dataset_generator
2025-10-31,H_CNYA,iShares MSCI China A ETF,Global Public Equities,7.4637,synthetic_v1_dataset_generator
2025-10-31,H_DBC,Broad Commodities ETF Proxy,Hedge Funds / Absolute Return,7.7096,synthetic_v1_dataset_generator
2025-10-31,H_DBMF,Managed Futures ETF Proxy,Hedge Funds / Absolute Return,9.637,synthetic_v1_dataset_generator
2025-10-31,H_EEM,iShares MSCI Emerging Markets ETF,Global Public Equities,6.6107,synthetic_v1_dataset_generator
2025-10-31,H_EMB,iShares Emerging Markets Bond ETF,Fixed Income & Liquid Credit,7.8315,synthetic_v1_dataset_generator
2025-10-31,H_ES_SHORT,S&P 500 Overlay Short Future,Global Public Equities,2.8513,synthetic_v1_dataset_generator
2025-10-31,H_EWJ,iShares MSCI Japan ETF,Global Public Equities,6.5531,synthetic_v1_dataset_generator
2025-10-31,H_EWS,iShares MSCI Singapore ETF,Global Public Equities,2.7355,synthetic_v1_dataset_generator
2025-10-31,H_EWY,iShares MSCI South Korea ETF,Global Public Equities,4.633,synthetic_v1_dataset_generator
2025-10-31,H_GLD,SPDR Gold Shares,Hedge Funds / Absolute Return,9.6957,synthetic_v1_dataset_generator
2025-10-31,H_GMACRO,Global Macro Hedge Fund Sleeve,Hedge Funds / Absolute Return,17.3466,synthetic_v1_dataset_generator
2025-10-31,H_GOOGL,Alphabet Class A,Global Public Equities,8.5538,synthetic_v1_dataset_generator
2025-10-31,H_HSI_FUT,Hang Seng Index Tactical Long Future,Global Public Equities,2.3324,synthetic_v1_dataset_generator
2025-10-31,H_HSTECH,Hang Seng TECH ETF-style Exposure,Global Public Equities,9.3296,synthetic_v1_dataset_generator
2025-10-31,H_HYG,iShares High Yield Corporate Bond ETF,Fixed Income & Liquid Credit,8.8104,synthetic_v1_dataset_generator
2025-10-31,H_IGIB,iShares 5-10 Year Investment Grade Corporate Bond ETF,Fixed Income & Liquid Credit,11.7472,synthetic_v1_dataset_generator
2025-10-31,H_INDA,iShares MSCI India ETF,Global Public Equities,6.5341,synthetic_v1_dataset_generator
2025-10-31,H_JD,JD.com ADR,Global Public Equities,4.6648,synthetic_v1_dataset_generator
2025-10-31,H_LQD,iShares Investment Grade Corporate Bond ETF,Fixed Income & Liquid Credit,7.8315,synthetic_v1_dataset_generator
2025-10-31,H_MKTNEUT,Equity Market Neutral Fund Sleeve,Hedge Funds / Absolute Return,15.4192,synthetic_v1_dataset_generator
2025-10-31,H_MSFT,Microsoft,Global Public Equities,9.5042,synthetic_v1_dataset_generator
2025-10-31,H_NQ_SHORT,Nasdaq Overlay Short Future,Global Public Equities,1.9008,synthetic_v1_dataset_generator
2025-10-31,H_NVDA,NVIDIA,Global Public Equities,7.6034,synthetic_v1_dataset_generator
2025-10-31,H_PDD,PDD Holdings ADR,Global Public Equities,5.5978,synthetic_v1_dataset_generator
2025-10-31,H_PF_APAC_LOGISTICS,APAC Logistics Real Estate Fund,Real Estate,7.6687,synthetic_v1_dataset_generator
2025-10-31,H_PF_APEX_SECONDARIES_II,Apex Secondaries Fund II,Private Equity,19.2193,synthetic_v1_dataset_generator
2025-10-31,H_PF_ATLAS_COINV_I,Atlas Co-Investment Fund I,Private Equity,21.1413,synthetic_v1_dataset_generator
2025-10-31,H_PF_BLUE_HORIZON_III,Blue Horizon Ventures III,Venture Capital / Growth,17.0604,synthetic_v1_dataset_generator
2025-10-31,H_PF_CLIMATE_ALPHA,Climate Alpha Fund,Venture Capital / Growth,14.217,synthetic_v1_dataset_generator
2025-10-31,H_PF_COVE_SPECIALTY_FIN,Cove Specialty Finance Fund,Private Credit,13.4632,synthetic_v1_dataset_generator
2025-10-31,H_PF_CRESCENT_DIRECT_LEND,Crescent Direct Lending Fund,Private Credit,19.2331,synthetic_v1_dataset_generator
2025-10-31,H_PF_DIGITAL_INFRA,Horizon Digital Infrastructure Fund,Infrastructure,7.6488,synthetic_v1_dataset_generator
2025-10-31,H_PF_DRAGONBRIDGE,DragonBridge Greater China Fund,Private Equity,26.9071,synthetic_v1_dataset_generator
2025-10-31,H_PF_GLOBAL_GROWTH_II,Redwood Growth Fund II,Venture Capital / Growth,18.956,synthetic_v1_dataset_generator
2025-10-31,H_PF_HARBOR_PEAK_V,Harbor Peak Partners V,Private Equity,28.829,synthetic_v1_dataset_generator
2025-10-31,H_PF_HARBOUR_CORE_RE,Harbour Core Real Estate Fund,Real Estate,19.1719,synthetic_v1_dataset_generator
2025-10-31,H_PF_HOME_MULTIFAMILY,HomeStone Multifamily Fund,Real Estate,11.5031,synthetic_v1_dataset_generator
2025-10-31,H_PF_INDIA_DIGITAL,Indigo India Digital Growth Fund,Venture Capital / Growth,11.3736,synthetic_v1_dataset_generator
2025-10-31,H_PF_INFRA_CORE,Evergreen Core Infrastructure Fund,Infrastructure,11.4733,synthetic_v1_dataset_generator
2025-10-31,H_PF_LIONROCK_CREDIT,LionRock Asia Private Credit Fund,Private Credit,15.8673,synthetic_v1_dataset_generator
2025-10-31,H_PF_METRO_LOGISTICS,Metro Logistics Fund,Real Estate,11.9824,synthetic_v1_dataset_generator
2025-10-31,H_PF_NORTHSTAR_IV,Northstar Buyout Fund IV,Private Equity,33.6338,synthetic_v1_dataset_generator
2025-10-31,H_PF_RENEWABLES_II,SolarBridge Renewables Fund II,Infrastructure,9.561,synthetic_v1_dataset_generator
2025-10-31,H_PF_SEEDSPRING_I,SeedSpring Southeast Asia VC Fund I,Venture Capital / Growth,9.478,synthetic_v1_dataset_generator
2025-10-31,H_PF_SPRING_OPP_CREDIT,Spring Point Opportunistic Credit Fund,Private Credit,16.3481,synthetic_v1_dataset_generator
2025-10-31,H_QAI,Multi-Strategy Liquid Alternatives ETF Proxy,Hedge Funds / Absolute Return,6.7459,synthetic_v1_dataset_generator
2025-10-31,H_QQQ,Invesco QQQ Trust,Global Public Equities,22.8101,synthetic_v1_dataset_generator
2025-10-31,H_SPY,SPDR S&P 500 ETF,Global Public Equities,38.0168,synthetic_v1_dataset_generator
2025-10-31,H_SPY_PUT,S&P 500 Protective Put Overlay,Global Public Equities,1.9008,synthetic_v1_dataset_generator
2025-10-31,H_TLT,iShares 20+ Year Treasury Bond ETF,Fixed Income & Liquid Credit,13.7051,synthetic_v1_dataset_generator
2025-10-31,H_VNQ,US Listed REIT ETF Proxy,Hedge Funds / Absolute Return,5.7822,synthetic_v1_dataset_generator
2025-11-30,H_2800HK,Tracker Fund of Hong Kong ETF,Global Public Equities,11.2044,synthetic_v1_dataset_generator
2025-11-30,H_ACWI,iShares MSCI ACWI ETF,Global Public Equities,18.9494,synthetic_v1_dataset_generator
2025-11-30,H_AGG,iShares Core US Aggregate Bond ETF,Fixed Income & Liquid Credit,23.4978,synthetic_v1_dataset_generator
2025-11-30,H_BABA,Alibaba ADR,Global Public Equities,6.5359,synthetic_v1_dataset_generator
2025-11-30,H_BIL,SPDR 1-3 Month T-Bill ETF,Fixed Income & Liquid Credit,7.8326,synthetic_v1_dataset_generator
2025-11-30,H_BRKB,Berkshire Hathaway Class B,Global Public Equities,11.4327,synthetic_v1_dataset_generator
2025-11-30,H_CASH_HKD,HKD Working Capital,Cash & Liquidity,2.3809,synthetic_v1_dataset_generator
2025-11-30,H_CASH_JPY,JPY Treasury Buffer,Cash & Liquidity,1.5872,synthetic_v1_dataset_generator
2025-11-30,H_CASH_OPS_USD,USD Operating Cash,Cash & Liquidity,11.9043,synthetic_v1_dataset_generator
2025-11-30,H_CASH_RESERVE_USD,USD Liquidity Reserve,Cash & Liquidity,4.4641,synthetic_v1_dataset_generator
2025-11-30,H_CASH_SGD,SGD Near-Term Reserve,Cash & Liquidity,1.984,synthetic_v1_dataset_generator
2025-11-30,H_CNYA,iShares MSCI China A ETF,Global Public Equities,7.4696,synthetic_v1_dataset_generator
2025-11-30,H_DBC,Broad Commodities ETF Proxy,Hedge Funds / Absolute Return,7.7203,synthetic_v1_dataset_generator
2025-11-30,H_DBMF,Managed Futures ETF Proxy,Hedge Funds / Absolute Return,9.6504,synthetic_v1_dataset_generator
2025-11-30,H_EEM,iShares MSCI Emerging Markets ETF,Global Public Equities,6.6323,synthetic_v1_dataset_generator
2025-11-30,H_EMB,iShares Emerging Markets Bond ETF,Fixed Income & Liquid Credit,7.8326,synthetic_v1_dataset_generator
2025-11-30,H_ES_SHORT,S&P 500 Overlay Short Future,Global Public Equities,2.8582,synthetic_v1_dataset_generator
2025-11-30,H_EWJ,iShares MSCI Japan ETF,Global Public Equities,6.5788,synthetic_v1_dataset_generator
2025-11-30,H_EWS,iShares MSCI Singapore ETF,Global Public Equities,2.7579,synthetic_v1_dataset_generator
2025-11-30,H_EWY,iShares MSCI South Korea ETF,Global Public Equities,4.6537,synthetic_v1_dataset_generator
2025-11-30,H_GLD,SPDR Gold Shares,Hedge Funds / Absolute Return,9.6835,synthetic_v1_dataset_generator
2025-11-30,H_GMACRO,Global Macro Hedge Fund Sleeve,Hedge Funds / Absolute Return,17.3707,synthetic_v1_dataset_generator
2025-11-30,H_GOOGL,Alphabet Class A,Global Public Equities,8.5745,synthetic_v1_dataset_generator
2025-11-30,H_HSI_FUT,Hang Seng Index Tactical Long Future,Global Public Equities,2.3343,synthetic_v1_dataset_generator
2025-11-30,H_HSTECH,Hang Seng TECH ETF-style Exposure,Global Public Equities,9.337,synthetic_v1_dataset_generator
2025-11-30,H_HYG,iShares High Yield Corporate Bond ETF,Fixed Income & Liquid Credit,8.8117,synthetic_v1_dataset_generator
2025-11-30,H_IGIB,iShares 5-10 Year Investment Grade Corporate Bond ETF,Fixed Income & Liquid Credit,11.7489,synthetic_v1_dataset_generator
2025-11-30,H_INDA,iShares MSCI India ETF,Global Public Equities,6.5584,synthetic_v1_dataset_generator
2025-11-30,H_JD,JD.com ADR,Global Public Equities,4.6685,synthetic_v1_dataset_generator
2025-11-30,H_LQD,iShares Investment Grade Corporate Bond ETF,Fixed Income & Liquid Credit,7.8326,synthetic_v1_dataset_generator
2025-11-30,H_MKTNEUT,Equity Market Neutral Fund Sleeve,Hedge Funds / Absolute Return,15.4406,synthetic_v1_dataset_generator
2025-11-30,H_MSFT,Microsoft,Global Public Equities,9.5273,synthetic_v1_dataset_generator
2025-11-30,H_NQ_SHORT,Nasdaq Overlay Short Future,Global Public Equities,1.9055,synthetic_v1_dataset_generator
2025-11-30,H_NVDA,NVIDIA,Global Public Equities,7.6218,synthetic_v1_dataset_generator
2025-11-30,H_PDD,PDD Holdings ADR,Global Public Equities,5.6022,synthetic_v1_dataset_generator
2025-11-30,H_PF_APAC_LOGISTICS,APAC Logistics Real Estate Fund,Real Estate,7.7051,synthetic_v1_dataset_generator
2025-11-30,H_PF_APEX_SECONDARIES_II,Apex Secondaries Fund II,Private Equity,19.3007,synthetic_v1_dataset_generator
2025-11-30,H_PF_ATLAS_COINV_I,Atlas Co-Investment Fund I,Private Equity,21.2308,synthetic_v1_dataset_generator
2025-11-30,H_PF_BLUE_HORIZON_III,Blue Horizon Ventures III,Venture Capital / Growth,17.1536,synthetic_v1_dataset_generator
2025-11-30,H_PF_CLIMATE_ALPHA,Climate Alpha Fund,Venture Capital / Growth,14.2947,synthetic_v1_dataset_generator
2025-11-30,H_PF_COVE_SPECIALTY_FIN,Cove Specialty Finance Fund,Private Credit,13.5346,synthetic_v1_dataset_generator
2025-11-30,H_PF_CRESCENT_DIRECT_LEND,Crescent Direct Lending Fund,Private Credit,19.3351,synthetic_v1_dataset_generator
2025-11-30,H_PF_DIGITAL_INFRA,Horizon Digital Infrastructure Fund,Infrastructure,7.6938,synthetic_v1_dataset_generator
2025-11-30,H_PF_DRAGONBRIDGE,DragonBridge Greater China Fund,Private Equity,27.021,synthetic_v1_dataset_generator
2025-11-30,H_PF_GLOBAL_GROWTH_II,Redwood Growth Fund II,Venture Capital / Growth,19.0596,synthetic_v1_dataset_generator
2025-11-30,H_PF_HARBOR_PEAK_V,Harbor Peak Partners V,Private Equity,28.9511,synthetic_v1_dataset_generator
2025-11-30,H_PF_HARBOUR_CORE_RE,Harbour Core Real Estate Fund,Real Estate,19.2626,synthetic_v1_dataset_generator
2025-11-30,H_PF_HOME_MULTIFAMILY,HomeStone Multifamily Fund,Real Estate,11.5576,synthetic_v1_dataset_generator
2025-11-30,H_PF_INDIA_DIGITAL,Indigo India Digital Growth Fund,Venture Capital / Growth,11.4358,synthetic_v1_dataset_generator
2025-11-30,H_PF_INFRA_CORE,Evergreen Core Infrastructure Fund,Infrastructure,11.5407,synthetic_v1_dataset_generator
2025-11-30,H_PF_LIONROCK_CREDIT,LionRock Asia Private Credit Fund,Private Credit,15.9515,synthetic_v1_dataset_generator
2025-11-30,H_PF_METRO_LOGISTICS,Metro Logistics Fund,Real Estate,12.0391,synthetic_v1_dataset_generator
2025-11-30,H_PF_NORTHSTAR_IV,Northstar Buyout Fund IV,Private Equity,33.7762,synthetic_v1_dataset_generator
2025-11-30,H_PF_RENEWABLES_II,SolarBridge Renewables Fund II,Infrastructure,9.6172,synthetic_v1_dataset_generator
2025-11-30,H_PF_SEEDSPRING_I,SeedSpring Southeast Asia VC Fund I,Venture Capital / Growth,9.5298,synthetic_v1_dataset_generator
2025-11-30,H_PF_SPRING_OPP_CREDIT,Spring Point Opportunistic Credit Fund,Private Credit,16.4348,synthetic_v1_dataset_generator
2025-11-30,H_QAI,Multi-Strategy Liquid Alternatives ETF Proxy,Hedge Funds / Absolute Return,6.7553,synthetic_v1_dataset_generator
2025-11-30,H_QQQ,Invesco QQQ Trust,Global Public Equities,22.8654,synthetic_v1_dataset_generator
2025-11-30,H_SPY,SPDR S&P 500 ETF,Global Public Equities,38.109,synthetic_v1_dataset_generator
2025-11-30,H_SPY_PUT,S&P 500 Protective Put Overlay,Global Public Equities,1.9055,synthetic_v1_dataset_generator
2025-11-30,H_TLT,iShares 20+ Year Treasury Bond ETF,Fixed Income & Liquid Credit,13.707,synthetic_v1_dataset_generator
2025-11-30,H_VNQ,US Listed REIT ETF Proxy,Hedge Funds / Absolute Return,5.7902,synthetic_v1_dataset_generator
2025-12-31,H_2800HK,Tracker Fund of Hong Kong ETF,Global Public Equities,11.2569,synthetic_v1_dataset_generator
2025-12-31,H_ACWI,iShares MSCI ACWI ETF,Global Public Equities,19.0454,synthetic_v1_dataset_generator
2025-12-31,H_AGG,iShares Core US Aggregate Bond ETF,Fixed Income & Liquid Credit,23.5216,synthetic_v1_dataset_generator
2025-12-31,H_BABA,Alibaba ADR,Global Public Equities,6.5665,synthetic_v1_dataset_generator
2025-12-31,H_BIL,SPDR 1-3 Month T-Bill ETF,Fixed Income & Liquid Credit,7.8405,synthetic_v1_dataset_generator
2025-12-31,H_BRKB,Berkshire Hathaway Class B,Global Public Equities,11.4726,synthetic_v1_dataset_generator
2025-12-31,H_CASH_HKD,HKD Working Capital,Cash & Liquidity,2.3825,synthetic_v1_dataset_generator
2025-12-31,H_CASH_JPY,JPY Treasury Buffer,Cash & Liquidity,1.5883,synthetic_v1_dataset_generator
2025-12-31,H_CASH_OPS_USD,USD Operating Cash,Cash & Liquidity,11.9123,synthetic_v1_dataset_generator
2025-12-31,H_CASH_RESERVE_USD,USD Liquidity Reserve,Cash & Liquidity,4.4671,synthetic_v1_dataset_generator
2025-12-31,H_CASH_SGD,SGD Near-Term Reserve,Cash & Liquidity,1.9854,synthetic_v1_dataset_generator
2025-12-31,H_CNYA,iShares MSCI China A ETF,Global Public Equities,7.5046,synthetic_v1_dataset_generator
2025-12-31,H_DBC,Broad Commodities ETF Proxy,Hedge Funds / Absolute Return,7.7422,synthetic_v1_dataset_generator
2025-12-31,H_DBMF,Managed Futures ETF Proxy,Hedge Funds / Absolute Return,9.6778,synthetic_v1_dataset_generator
2025-12-31,H_EEM,iShares MSCI Emerging Markets ETF,Global Public Equities,6.6659,synthetic_v1_dataset_generator
2025-12-31,H_EMB,iShares Emerging Markets Bond ETF,Fixed Income & Liquid Credit,7.8405,synthetic_v1_dataset_generator
2025-12-31,H_ES_SHORT,S&P 500 Overlay Short Future,Global Public Equities,2.8682,synthetic_v1_dataset_generator
2025-12-31,H_EWJ,iShares MSCI Japan ETF,Global Public Equities,6.6208,synthetic_v1_dataset_generator
2025-12-31,H_EWS,iShares MSCI Singapore ETF,Global Public Equities,2.7893,synthetic_v1_dataset_generator
2025-12-31,H_EWY,iShares MSCI South Korea ETF,Global Public Equities,4.6894,synthetic_v1_dataset_generator
2025-12-31,H_GLD,SPDR Gold Shares,Hedge Funds / Absolute Return,9.686,synthetic_v1_dataset_generator
2025-12-31,H_GMACRO,Global Macro Hedge Fund Sleeve,Hedge Funds / Absolute Return,17.42,synthetic_v1_dataset_generator
2025-12-31,H_GOOGL,Alphabet Class A,Global Public Equities,8.6045,synthetic_v1_dataset_generator
2025-12-31,H_HSI_FUT,Hang Seng Index Tactical Long Future,Global Public Equities,2.3452,synthetic_v1_dataset_generator
2025-12-31,H_HSTECH,Hang Seng TECH ETF-style Exposure,Global Public Equities,9.3807,synthetic_v1_dataset_generator
2025-12-31,H_HYG,iShares High Yield Corporate Bond ETF,Fixed Income & Liquid Credit,8.8206,synthetic_v1_dataset_generator
2025-12-31,H_IGIB,iShares 5-10 Year Investment Grade Corporate Bond ETF,Fixed Income & Liquid Credit,11.7608,synthetic_v1_dataset_generator
2025-12-31,H_INDA,iShares MSCI India ETF,Global Public Equities,6.5949,synthetic_v1_dataset_generator
2025-12-31,H_JD,JD.com ADR,Global Public Equities,4.6904,synthetic_v1_dataset_generator
2025-12-31,H_LQD,iShares Investment Grade Corporate Bond ETF,Fixed Income & Liquid Credit,7.8405,synthetic_v1_dataset_generator
2025-12-31,H_MKTNEUT,Equity Market Neutral Fund Sleeve,Hedge Funds / Absolute Return,15.4845,synthetic_v1_dataset_generator
2025-12-31,H_MSFT,Microsoft,Global Public Equities,9.5605,synthetic_v1_dataset_generator
2025-12-31,H_NQ_SHORT,Nasdaq Overlay Short Future,Global Public Equities,1.9121,synthetic_v1_dataset_generator
2025-12-31,H_NVDA,NVIDIA,Global Public Equities,7.6484,synthetic_v1_dataset_generator
2025-12-31,H_PDD,PDD Holdings ADR,Global Public Equities,5.6284,synthetic_v1_dataset_generator
2025-12-31,H_PF_APAC_LOGISTICS,APAC Logistics Real Estate Fund,Real Estate,7.7489,synthetic_v1_dataset_generator
2025-12-31,H_PF_APEX_SECONDARIES_II,Apex Secondaries Fund II,Private Equity,19.3914,synthetic_v1_dataset_generator
2025-12-31,H_PF_ATLAS_COINV_I,Atlas Co-Investment Fund I,Private Equity,21.3306,synthetic_v1_dataset_generator
2025-12-31,H_PF_BLUE_HORIZON_III,Blue Horizon Ventures III,Venture Capital / Growth,17.2645,synthetic_v1_dataset_generator
2025-12-31,H_PF_CLIMATE_ALPHA,Climate Alpha Fund,Venture Capital / Growth,14.3871,synthetic_v1_dataset_generator
2025-12-31,H_PF_COVE_SPECIALTY_FIN,Cove Specialty Finance Fund,Private Credit,13.6118,synthetic_v1_dataset_generator
2025-12-31,H_PF_CRESCENT_DIRECT_LEND,Crescent Direct Lending Fund,Private Credit,19.4454,synthetic_v1_dataset_generator
2025-12-31,H_PF_DIGITAL_INFRA,Horizon Digital Infrastructure Fund,Infrastructure,7.7449,synthetic_v1_dataset_generator
2025-12-31,H_PF_DRAGONBRIDGE,DragonBridge Greater China Fund,Private Equity,27.148,synthetic_v1_dataset_generator
2025-12-31,H_PF_GLOBAL_GROWTH_II,Redwood Growth Fund II,Venture Capital / Growth,19.1827,synthetic_v1_dataset_generator
2025-12-31,H_PF_HARBOR_PEAK_V,Harbor Peak Partners V,Private Equity,29.0872,synthetic_v1_dataset_generator
2025-12-31,H_PF_HARBOUR_CORE_RE,Harbour Core Real Estate Fund,Real Estate,19.3724,synthetic_v1_dataset_generator
2025-12-31,H_PF_HOME_MULTIFAMILY,HomeStone Multifamily Fund,Real Estate,11.6234,synthetic_v1_dataset_generator
2025-12-31,H_PF_INDIA_DIGITAL,Indigo India Digital Growth Fund,Venture Capital / Growth,11.5096,synthetic_v1_dataset_generator
2025-12-31,H_PF_INFRA_CORE,Evergreen Core Infrastructure Fund,Infrastructure,11.6173,synthetic_v1_dataset_generator
2025-12-31,H_PF_LIONROCK_CREDIT,LionRock Asia Private Credit Fund,Private Credit,16.0424,synthetic_v1_dataset_generator
2025-12-31,H_PF_METRO_LOGISTICS,Metro Logistics Fund,Real Estate,12.1077,synthetic_v1_dataset_generator
2025-12-31,H_PF_NORTHSTAR_IV,Northstar Buyout Fund IV,Private Equity,33.935,synthetic_v1_dataset_generator
2025-12-31,H_PF_RENEWABLES_II,SolarBridge Renewables Fund II,Infrastructure,9.6811,synthetic_v1_dataset_generator
2025-12-31,H_PF_SEEDSPRING_I,SeedSpring Southeast Asia VC Fund I,Venture Capital / Growth,9.5914,synthetic_v1_dataset_generator
2025-12-31,H_PF_SPRING_OPP_CREDIT,Spring Point Opportunistic Credit Fund,Private Credit,16.5286,synthetic_v1_dataset_generator
2025-12-31,H_QAI,Multi-Strategy Liquid Alternatives ETF Proxy,Hedge Funds / Absolute Return,6.7745,synthetic_v1_dataset_generator
2025-12-31,H_QQQ,Invesco QQQ Trust,Global Public Equities,22.9453,synthetic_v1_dataset_generator
2025-12-31,H_SPY,SPDR S&P 500 ETF,Global Public Equities,38.2421,synthetic_v1_dataset_generator
2025-12-31,H_SPY_PUT,S&P 500 Protective Put Overlay,Global Public Equities,1.9121,synthetic_v1_dataset_generator
2025-12-31,H_TLT,iShares 20+ Year Treasury Bond ETF,Fixed Income & Liquid Credit,13.721,synthetic_v1_dataset_generator
2025-12-31,H_VNQ,US Listed REIT ETF Proxy,Hedge Funds / Absolute Return,5.8067,synthetic_v1_dataset_generator
2026-01-31,H_2800HK,Tracker Fund of Hong Kong ETF,Global Public Equities,11.3566,synthetic_v1_dataset_generator
2026-01-31,H_ACWI,iShares MSCI ACWI ETF,Global Public Equities,19.1868,synthetic_v1_dataset_generator
2026-01-31,H_AGG,iShares Core US Aggregate Bond ETF,Fixed Income & Liquid Credit,23.5743,synthetic_v1_dataset_generator
2026-01-31,H_BABA,Alibaba ADR,Global Public Equities,6.6247,synthetic_v1_dataset_generator
2026-01-31,H_BIL,SPDR 1-3 Month T-Bill ETF,Fixed Income & Liquid Credit,7.8581,synthetic_v1_dataset_generator
2026-01-31,H_BRKB,Berkshire Hathaway Class B,Global Public Equities,11.5358,synthetic_v1_dataset_generator
2026-01-31,H_CASH_HKD,HKD Working Capital,Cash & Liquidity,2.3851,synthetic_v1_dataset_generator
2026-01-31,H_CASH_JPY,JPY Treasury Buffer,Cash & Liquidity,1.59,synthetic_v1_dataset_generator
2026-01-31,H_CASH_OPS_USD,USD Operating Cash,Cash & Liquidity,11.9253,synthetic_v1_dataset_generator
2026-01-31,H_CASH_RESERVE_USD,USD Liquidity Reserve,Cash & Liquidity,4.472,synthetic_v1_dataset_generator
2026-01-31,H_CASH_SGD,SGD Near-Term Reserve,Cash & Liquidity,1.9876,synthetic_v1_dataset_generator
2026-01-31,H_CNYA,iShares MSCI China A ETF,Global Public Equities,7.5711,synthetic_v1_dataset_generator
2026-01-31,H_DBC,Broad Commodities ETF Proxy,Hedge Funds / Absolute Return,7.7778,synthetic_v1_dataset_generator
2026-01-31,H_DBMF,Managed Futures ETF Proxy,Hedge Funds / Absolute Return,9.7222,synthetic_v1_dataset_generator
2026-01-31,H_EEM,iShares MSCI Emerging Markets ETF,Global Public Equities,6.7154,synthetic_v1_dataset_generator
2026-01-31,H_EMB,iShares Emerging Markets Bond ETF,Fixed Income & Liquid Credit,7.8581,synthetic_v1_dataset_generator
2026-01-31,H_ES_SHORT,S&P 500 Overlay Short Future,Global Public Equities,2.884,synthetic_v1_dataset_generator
2026-01-31,H_EWJ,iShares MSCI Japan ETF,Global Public Equities,6.6817,synthetic_v1_dataset_generator
2026-01-31,H_EWS,iShares MSCI Singapore ETF,Global Public Equities,2.8295,synthetic_v1_dataset_generator
2026-01-31,H_EWY,iShares MSCI South Korea ETF,Global Public Equities,4.741,synthetic_v1_dataset_generator
2026-01-31,H_GLD,SPDR Gold Shares,Hedge Funds / Absolute Return,9.7111,synthetic_v1_dataset_generator
2026-01-31,H_GMACRO,Global Macro Hedge Fund Sleeve,Hedge Funds / Absolute Return,17.5,synthetic_v1_dataset_generator
2026-01-31,H_GOOGL,Alphabet Class A,Global Public Equities,8.6519,synthetic_v1_dataset_generator
2026-01-31,H_HSI_FUT,Hang Seng Index Tactical Long Future,Global Public Equities,2.366,synthetic_v1_dataset_generator
2026-01-31,H_HSTECH,Hang Seng TECH ETF-style Exposure,Global Public Equities,9.4639,synthetic_v1_dataset_generator
2026-01-31,H_HYG,iShares High Yield Corporate Bond ETF,Fixed Income & Liquid Credit,8.8403,synthetic_v1_dataset_generator
2026-01-31,H_IGIB,iShares 5-10 Year Investment Grade Corporate Bond ETF,Fixed Income & Liquid Credit,11.7871,synthetic_v1_dataset_generator
2026-01-31,H_INDA,iShares MSCI India ETF,Global Public Equities,6.6496,synthetic_v1_dataset_generator
2026-01-31,H_JD,JD.com ADR,Global Public Equities,4.7319,synthetic_v1_dataset_generator
2026-01-31,H_LQD,iShares Investment Grade Corporate Bond ETF,Fixed Income & Liquid Credit,7.8581,synthetic_v1_dataset_generator
2026-01-31,H_MKTNEUT,Equity Market Neutral Fund Sleeve,Hedge Funds / Absolute Return,15.5556,synthetic_v1_dataset_generator
2026-01-31,H_MSFT,Microsoft,Global Public Equities,9.6132,synthetic_v1_dataset_generator
2026-01-31,H_NQ_SHORT,Nasdaq Overlay Short Future,Global Public Equities,1.9226,synthetic_v1_dataset_generator
2026-01-31,H_NVDA,NVIDIA,Global Public Equities,7.6906,synthetic_v1_dataset_generator
2026-01-31,H_PDD,PDD Holdings ADR,Global Public Equities,5.6783,synthetic_v1_dataset_generator
2026-01-31,H_PF_APAC_LOGISTICS,APAC Logistics Real Estate Fund,Real Estate,7.8005,synthetic_v1_dataset_generator
2026-01-31,H_PF_APEX_SECONDARIES_II,Apex Secondaries Fund II,Private Equity,19.4994,synthetic_v1_dataset_generator
2026-01-31,H_PF_ATLAS_COINV_I,Atlas Co-Investment Fund I,Private Equity,21.4493,synthetic_v1_dataset_generator
2026-01-31,H_PF_BLUE_HORIZON_III,Blue Horizon Ventures III,Venture Capital / Growth,17.3982,synthetic_v1_dataset_generator
2026-01-31,H_PF_CLIMATE_ALPHA,Climate Alpha Fund,Venture Capital / Growth,14.4985,synthetic_v1_dataset_generator
2026-01-31,H_PF_COVE_SPECIALTY_FIN,Cove Specialty Finance Fund,Private Credit,13.6954,synthetic_v1_dataset_generator
2026-01-31,H_PF_CRESCENT_DIRECT_LEND,Crescent Direct Lending Fund,Private Credit,19.5648,synthetic_v1_dataset_generator
2026-01-31,H_PF_DIGITAL_INFRA,Horizon Digital Infrastructure Fund,Infrastructure,7.8015,synthetic_v1_dataset_generator
2026-01-31,H_PF_DRAGONBRIDGE,DragonBridge Greater China Fund,Private Equity,27.2991,synthetic_v1_dataset_generator
2026-01-31,H_PF_GLOBAL_GROWTH_II,Redwood Growth Fund II,Venture Capital / Growth,19.3313,synthetic_v1_dataset_generator
2026-01-31,H_PF_HARBOR_PEAK_V,Harbor Peak Partners V,Private Equity,29.2491,synthetic_v1_dataset_generator
2026-01-31,H_PF_HARBOUR_CORE_RE,Harbour Core Real Estate Fund,Real Estate,19.5012,synthetic_v1_dataset_generator
2026-01-31,H_PF_HOME_MULTIFAMILY,HomeStone Multifamily Fund,Real Estate,11.7007,synthetic_v1_dataset_generator
2026-01-31,H_PF_INDIA_DIGITAL,Indigo India Digital Growth Fund,Venture Capital / Growth,11.5988,synthetic_v1_dataset_generator
2026-01-31,H_PF_INFRA_CORE,Evergreen Core Infrastructure Fund,Infrastructure,11.7023,synthetic_v1_dataset_generator
2026-01-31,H_PF_LIONROCK_CREDIT,LionRock Asia Private Credit Fund,Private Credit,16.141,synthetic_v1_dataset_generator
2026-01-31,H_PF_METRO_LOGISTICS,Metro Logistics Fund,Real Estate,12.1883,synthetic_v1_dataset_generator
2026-01-31,H_PF_NORTHSTAR_IV,Northstar Buyout Fund IV,Private Equity,34.1239,synthetic_v1_dataset_generator
2026-01-31,H_PF_RENEWABLES_II,SolarBridge Renewables Fund II,Infrastructure,9.7519,synthetic_v1_dataset_generator
2026-01-31,H_PF_SEEDSPRING_I,SeedSpring Southeast Asia VC Fund I,Venture Capital / Growth,9.6657,synthetic_v1_dataset_generator
2026-01-31,H_PF_SPRING_OPP_CREDIT,Spring Point Opportunistic Credit Fund,Private Credit,16.6301,synthetic_v1_dataset_generator
2026-01-31,H_QAI,Multi-Strategy Liquid Alternatives ETF Proxy,Hedge Funds / Absolute Return,6.8056,synthetic_v1_dataset_generator
2026-01-31,H_QQQ,Invesco QQQ Trust,Global Public Equities,23.0717,synthetic_v1_dataset_generator
2026-01-31,H_SPY,SPDR S&P 500 ETF,Global Public Equities,38.4528,synthetic_v1_dataset_generator
2026-01-31,H_SPY_PUT,S&P 500 Protective Put Overlay,Global Public Equities,1.9226,synthetic_v1_dataset_generator
2026-01-31,H_TLT,iShares 20+ Year Treasury Bond ETF,Fixed Income & Liquid Credit,13.7516,synthetic_v1_dataset_generator
2026-01-31,H_VNQ,US Listed REIT ETF Proxy,Hedge Funds / Absolute Return,5.8333,synthetic_v1_dataset_generator
2026-02-28,H_2800HK,Tracker Fund of Hong Kong ETF,Global Public Equities,11.5101,synthetic_v1_dataset_generator
2026-02-28,H_ACWI,iShares MSCI ACWI ETF,Global Public Equities,19.3863,synthetic_v1_dataset_generator
2026-02-28,H_AGG,iShares Core US Aggregate Bond ETF,Fixed Income & Liquid Credit,23.6657,synthetic_v1_dataset_generator
2026-02-28,H_BABA,Alibaba ADR,Global Public Equities,6.7142,synthetic_v1_dataset_generator
2026-02-28,H_BIL,SPDR 1-3 Month T-Bill ETF,Fixed Income & Liquid Credit,7.8886,synthetic_v1_dataset_generator
2026-02-28,H_BRKB,Berkshire Hathaway Class B,Global Public Equities,11.6361,synthetic_v1_dataset_generator
2026-02-28,H_CASH_HKD,HKD Working Capital,Cash & Liquidity,2.3889,synthetic_v1_dataset_generator
2026-02-28,H_CASH_JPY,JPY Treasury Buffer,Cash & Liquidity,1.5926,synthetic_v1_dataset_generator
2026-02-28,H_CASH_OPS_USD,USD Operating Cash,Cash & Liquidity,11.9443,synthetic_v1_dataset_generator
2026-02-28,H_CASH_RESERVE_USD,USD Liquidity Reserve,Cash & Liquidity,4.4791,synthetic_v1_dataset_generator
2026-02-28,H_CASH_SGD,SGD Near-Term Reserve,Cash & Liquidity,1.9907,synthetic_v1_dataset_generator
2026-02-28,H_CNYA,iShares MSCI China A ETF,Global Public Equities,7.6734,synthetic_v1_dataset_generator
2026-02-28,H_DBC,Broad Commodities ETF Proxy,Hedge Funds / Absolute Return,7.8304,synthetic_v1_dataset_generator
2026-02-28,H_DBMF,Managed Futures ETF Proxy,Hedge Funds / Absolute Return,9.788,synthetic_v1_dataset_generator
2026-02-28,H_EEM,iShares MSCI Emerging Markets ETF,Global Public Equities,6.7852,synthetic_v1_dataset_generator
2026-02-28,H_EMB,iShares Emerging Markets Bond ETF,Fixed Income & Liquid Credit,7.8886,synthetic_v1_dataset_generator
2026-02-28,H_ES_SHORT,S&P 500 Overlay Short Future,Global Public Equities,2.909,synthetic_v1_dataset_generator
2026-02-28,H_EWJ,iShares MSCI Japan ETF,Global Public Equities,6.7642,synthetic_v1_dataset_generator
2026-02-28,H_EWS,iShares MSCI Singapore ETF,Global Public Equities,2.8783,synthetic_v1_dataset_generator
2026-02-28,H_EWY,iShares MSCI South Korea ETF,Global Public Equities,4.8096,synthetic_v1_dataset_generator
2026-02-28,H_GLD,SPDR Gold Shares,Hedge Funds / Absolute Return,9.7674,synthetic_v1_dataset_generator
2026-02-28,H_GMACRO,Global Macro Hedge Fund Sleeve,Hedge Funds / Absolute Return,17.6185,synthetic_v1_dataset_generator
2026-02-28,H_GOOGL,Alphabet Class A,Global Public Equities,8.7271,synthetic_v1_dataset_generator
2026-02-28,H_HSI_FUT,Hang Seng Index Tactical Long Future,Global Public Equities,2.3979,synthetic_v1_dataset_generator
2026-02-28,H_HSTECH,Hang Seng TECH ETF-style Exposure,Global Public Equities,9.5917,synthetic_v1_dataset_generator
2026-02-28,H_HYG,iShares High Yield Corporate Bond ETF,Fixed Income & Liquid Credit,8.8746,synthetic_v1_dataset_generator
2026-02-28,H_IGIB,iShares 5-10 Year Investment Grade Corporate Bond ETF,Fixed Income & Liquid Credit,11.8329,synthetic_v1_dataset_generator
2026-02-28,H_INDA,iShares MSCI India ETF,Global Public Equities,6.7303,synthetic_v1_dataset_generator
2026-02-28,H_JD,JD.com ADR,Global Public Equities,4.7959,synthetic_v1_dataset_generator
2026-02-28,H_LQD,iShares Investment Grade Corporate Bond ETF,Fixed Income & Liquid Credit,7.8886,synthetic_v1_dataset_generator
2026-02-28,H_MKTNEUT,Equity Market Neutral Fund Sleeve,Hedge Funds / Absolute Return,15.6609,synthetic_v1_dataset_generator
2026-02-28,H_MSFT,Microsoft,Global Public Equities,9.6968,synthetic_v1_dataset_generator
2026-02-28,H_NQ_SHORT,Nasdaq Overlay Short Future,Global Public Equities,1.9394,synthetic_v1_dataset_generator
2026-02-28,H_NVDA,NVIDIA,Global Public Equities,7.7574,synthetic_v1_dataset_generator
2026-02-28,H_PDD,PDD Holdings ADR,Global Public Equities,5.755,synthetic_v1_dataset_generator
2026-02-28,H_PF_APAC_LOGISTICS,APAC Logistics Real Estate Fund,Real Estate,7.8598,synthetic_v1_dataset_generator
2026-02-28,H_PF_APEX_SECONDARIES_II,Apex Secondaries Fund II,Private Equity,19.6326,synthetic_v1_dataset_generator
2026-02-28,H_PF_ATLAS_COINV_I,Atlas Co-Investment Fund I,Private Equity,21.5959,synthetic_v1_dataset_generator
2026-02-28,H_PF_BLUE_HORIZON_III,Blue Horizon Ventures III,Venture Capital / Growth,17.5615,synthetic_v1_dataset_generator
2026-02-28,H_PF_CLIMATE_ALPHA,Climate Alpha Fund,Venture Capital / Growth,14.6346,synthetic_v1_dataset_generator
2026-02-28,H_PF_COVE_SPECIALTY_FIN,Cove Specialty Finance Fund,Private Credit,13.7868,synthetic_v1_dataset_generator
2026-02-28,H_PF_CRESCENT_DIRECT_LEND,Crescent Direct Lending Fund,Private Credit,19.6955,synthetic_v1_dataset_generator
2026-02-28,H_PF_DIGITAL_INFRA,Horizon Digital Infrastructure Fund,Infrastructure,7.8632,synthetic_v1_dataset_generator
2026-02-28,H_PF_DRAGONBRIDGE,DragonBridge Greater China Fund,Private Equity,27.4857,synthetic_v1_dataset_generator
2026-02-28,H_PF_GLOBAL_GROWTH_II,Redwood Growth Fund II,Venture Capital / Growth,19.5127,synthetic_v1_dataset_generator
2026-02-28,H_PF_HARBOR_PEAK_V,Harbor Peak Partners V,Private Equity,29.4489,synthetic_v1_dataset_generator
2026-02-28,H_PF_HARBOUR_CORE_RE,Harbour Core Real Estate Fund,Real Estate,19.6494,synthetic_v1_dataset_generator
2026-02-28,H_PF_HOME_MULTIFAMILY,HomeStone Multifamily Fund,Real Estate,11.7897,synthetic_v1_dataset_generator
2026-02-28,H_PF_INDIA_DIGITAL,Indigo India Digital Growth Fund,Venture Capital / Growth,11.7076,synthetic_v1_dataset_generator
2026-02-28,H_PF_INFRA_CORE,Evergreen Core Infrastructure Fund,Infrastructure,11.7948,synthetic_v1_dataset_generator
2026-02-28,H_PF_LIONROCK_CREDIT,LionRock Asia Private Credit Fund,Private Credit,16.2488,synthetic_v1_dataset_generator
2026-02-28,H_PF_METRO_LOGISTICS,Metro Logistics Fund,Real Estate,12.2809,synthetic_v1_dataset_generator
2026-02-28,H_PF_NORTHSTAR_IV,Northstar Buyout Fund IV,Private Equity,34.3571,synthetic_v1_dataset_generator
2026-02-28,H_PF_RENEWABLES_II,SolarBridge Renewables Fund II,Infrastructure,9.829,synthetic_v1_dataset_generator
2026-02-28,H_PF_SEEDSPRING_I,SeedSpring Southeast Asia VC Fund I,Venture Capital / Growth,9.7564,synthetic_v1_dataset_generator
2026-02-28,H_PF_SPRING_OPP_CREDIT,Spring Point Opportunistic Credit Fund,Private Credit,16.7411,synthetic_v1_dataset_generator
2026-02-28,H_QAI,Multi-Strategy Liquid Alternatives ETF Proxy,Hedge Funds / Absolute Return,6.8516,synthetic_v1_dataset_generator
2026-02-28,H_QQQ,Invesco QQQ Trust,Global Public Equities,23.2723,synthetic_v1_dataset_generator
2026-02-28,H_SPY,SPDR S&P 500 ETF,Global Public Equities,38.7871,synthetic_v1_dataset_generator
2026-02-28,H_SPY_PUT,S&P 500 Protective Put Overlay,Global Public Equities,1.9394,synthetic_v1_dataset_generator
2026-02-28,H_TLT,iShares 20+ Year Treasury Bond ETF,Fixed Income & Liquid Credit,13.805,synthetic_v1_dataset_generator
2026-02-28,H_VNQ,US Listed REIT ETF Proxy,Hedge Funds / Absolute Return,5.8728,synthetic_v1_dataset_generator
2026-03-31,H_2800HK,Tracker Fund of Hong Kong ETF,Global Public Equities,11.7238,synthetic_v1_dataset_generator
2026-03-31,H_ACWI,iShares MSCI ACWI ETF,Global Public Equities,19.6555,synthetic_v1_dataset_generator
2026-03-31,H_AGG,iShares Core US Aggregate Bond ETF,Fixed Income & Liquid Credit,23.8058,synthetic_v1_dataset_generator
2026-03-31,H_BABA,Alibaba ADR,Global Public Equities,6.8389,synthetic_v1_dataset_generator
2026-03-31,H_BIL,SPDR 1-3 Month T-Bill ETF,Fixed Income & Liquid Credit,7.9353,synthetic_v1_dataset_generator
2026-03-31,H_BRKB,Berkshire Hathaway Class B,Global Public Equities,11.7875,synthetic_v1_dataset_generator
2026-03-31,H_CASH_HKD,HKD Working Capital,Cash & Liquidity,2.3939,synthetic_v1_dataset_generator
2026-03-31,H_CASH_JPY,JPY Treasury Buffer,Cash & Liquidity,1.5959,synthetic_v1_dataset_generator
2026-03-31,H_CASH_OPS_USD,USD Operating Cash,Cash & Liquidity,11.9694,synthetic_v1_dataset_generator
2026-03-31,H_CASH_RESERVE_USD,USD Liquidity Reserve,Cash & Liquidity,4.4885,synthetic_v1_dataset_generator
2026-03-31,H_CASH_SGD,SGD Near-Term Reserve,Cash & Liquidity,1.9949,synthetic_v1_dataset_generator
2026-03-31,H_CNYA,iShares MSCI China A ETF,Global Public Equities,7.8158,synthetic_v1_dataset_generator
2026-03-31,H_DBC,Broad Commodities ETF Proxy,Hedge Funds / Absolute Return,7.9038,synthetic_v1_dataset_generator
2026-03-31,H_DBMF,Managed Futures ETF Proxy,Hedge Funds / Absolute Return,9.8798,synthetic_v1_dataset_generator
2026-03-31,H_EEM,iShares MSCI Emerging Markets ETF,Global Public Equities,6.8794,synthetic_v1_dataset_generator
2026-03-31,H_EMB,iShares Emerging Markets Bond ETF,Fixed Income & Liquid Credit,7.9353,synthetic_v1_dataset_generator
2026-03-31,H_ES_SHORT,S&P 500 Overlay Short Future,Global Public Equities,2.9469,synthetic_v1_dataset_generator
2026-03-31,H_EWJ,iShares MSCI Japan ETF,Global Public Equities,6.8703,synthetic_v1_dataset_generator
2026-03-31,H_EWS,iShares MSCI Singapore ETF,Global Public Equities,2.9354,synthetic_v1_dataset_generator
2026-03-31,H_EWY,iShares MSCI South Korea ETF,Global Public Equities,4.8961,synthetic_v1_dataset_generator
2026-03-31,H_GLD,SPDR Gold Shares,Hedge Funds / Absolute Return,9.8622,synthetic_v1_dataset_generator
2026-03-31,H_GMACRO,Global Macro Hedge Fund Sleeve,Hedge Funds / Absolute Return,17.7836,synthetic_v1_dataset_generator
2026-03-31,H_GOOGL,Alphabet Class A,Global Public Equities,8.8406,synthetic_v1_dataset_generator
2026-03-31,H_HSI_FUT,Hang Seng Index Tactical Long Future,Global Public Equities,2.4424,synthetic_v1_dataset_generator
2026-03-31,H_HSTECH,Hang Seng TECH ETF-style Exposure,Global Public Equities,9.7698,synthetic_v1_dataset_generator
2026-03-31,H_HYG,iShares High Yield Corporate Bond ETF,Fixed Income & Liquid Credit,8.9272,synthetic_v1_dataset_generator
2026-03-31,H_IGIB,iShares 5-10 Year Investment Grade Corporate Bond ETF,Fixed Income & Liquid Credit,11.9029,synthetic_v1_dataset_generator
2026-03-31,H_INDA,iShares MSCI India ETF,Global Public Equities,6.8452,synthetic_v1_dataset_generator
2026-03-31,H_JD,JD.com ADR,Global Public Equities,4.8849,synthetic_v1_dataset_generator
2026-03-31,H_LQD,iShares Investment Grade Corporate Bond ETF,Fixed Income & Liquid Credit,7.9353,synthetic_v1_dataset_generator
2026-03-31,H_MKTNEUT,Equity Market Neutral Fund Sleeve,Hedge Funds / Absolute Return,15.8077,synthetic_v1_dataset_generator
2026-03-31,H_MSFT,Microsoft,Global Public Equities,9.8229,synthetic_v1_dataset_generator
2026-03-31,H_NQ_SHORT,Nasdaq Overlay Short Future,Global Public Equities,1.9646,synthetic_v1_dataset_generator
2026-03-31,H_NVDA,NVIDIA,Global Public Equities,7.8583,synthetic_v1_dataset_generator
2026-03-31,H_PDD,PDD Holdings ADR,Global Public Equities,5.8619,synthetic_v1_dataset_generator
2026-03-31,H_PF_APAC_LOGISTICS,APAC Logistics Real Estate Fund,Real Estate,7.9266,synthetic_v1_dataset_generator
2026-03-31,H_PF_APEX_SECONDARIES_II,Apex Secondaries Fund II,Private Equity,19.7982,synthetic_v1_dataset_generator
2026-03-31,H_PF_ATLAS_COINV_I,Atlas Co-Investment Fund I,Private Equity,21.778,synthetic_v1_dataset_generator
2026-03-31,H_PF_BLUE_HORIZON_III,Blue Horizon Ventures III,Venture Capital / Growth,17.7609,synthetic_v1_dataset_generator
2026-03-31,H_PF_CLIMATE_ALPHA,Climate Alpha Fund,Venture Capital / Growth,14.8007,synthetic_v1_dataset_generator
2026-03-31,H_PF_COVE_SPECIALTY_FIN,Cove Specialty Finance Fund,Private Credit,13.888,synthetic_v1_dataset_generator
2026-03-31,H_PF_CRESCENT_DIRECT_LEND,Crescent Direct Lending Fund,Private Credit,19.84,synthetic_v1_dataset_generator
2026-03-31,H_PF_DIGITAL_INFRA,Horizon Digital Infrastructure Fund,Infrastructure,7.9296,synthetic_v1_dataset_generator
2026-03-31,H_PF_DRAGONBRIDGE,DragonBridge Greater China Fund,Private Equity,27.7174,synthetic_v1_dataset_generator
2026-03-31,H_PF_GLOBAL_GROWTH_II,Redwood Growth Fund II,Venture Capital / Growth,19.7343,synthetic_v1_dataset_generator
2026-03-31,H_PF_HARBOR_PEAK_V,Harbor Peak Partners V,Private Equity,29.6973,synthetic_v1_dataset_generator
2026-03-31,H_PF_HARBOUR_CORE_RE,Harbour Core Real Estate Fund,Real Estate,19.8164,synthetic_v1_dataset_generator
2026-03-31,H_PF_HOME_MULTIFAMILY,HomeStone Multifamily Fund,Real Estate,11.8898,synthetic_v1_dataset_generator
2026-03-31,H_PF_INDIA_DIGITAL,Indigo India Digital Growth Fund,Venture Capital / Growth,11.8406,synthetic_v1_dataset_generator
2026-03-31,H_PF_INFRA_CORE,Evergreen Core Infrastructure Fund,Infrastructure,11.8944,synthetic_v1_dataset_generator
2026-03-31,H_PF_LIONROCK_CREDIT,LionRock Asia Private Credit Fund,Private Credit,16.368,synthetic_v1_dataset_generator
2026-03-31,H_PF_METRO_LOGISTICS,Metro Logistics Fund,Real Estate,12.3853,synthetic_v1_dataset_generator
2026-03-31,H_PF_NORTHSTAR_IV,Northstar Buyout Fund IV,Private Equity,34.6468,synthetic_v1_dataset_generator
2026-03-31,H_PF_RENEWABLES_II,SolarBridge Renewables Fund II,Infrastructure,9.912,synthetic_v1_dataset_generator
2026-03-31,H_PF_SEEDSPRING_I,SeedSpring Southeast Asia VC Fund I,Venture Capital / Growth,9.8671,synthetic_v1_dataset_generator
2026-03-31,H_PF_SPRING_OPP_CREDIT,Spring Point Opportunistic Credit Fund,Private Credit,16.864,synthetic_v1_dataset_generator
2026-03-31,H_QAI,Multi-Strategy Liquid Alternatives ETF Proxy,Hedge Funds / Absolute Return,6.9159,synthetic_v1_dataset_generator
2026-03-31,H_QQQ,Invesco QQQ Trust,Global Public Equities,23.5749,synthetic_v1_dataset_generator
2026-03-31,H_SPY,SPDR S&P 500 ETF,Global Public Equities,39.2915,synthetic_v1_dataset_generator
2026-03-31,H_SPY_PUT,S&P 500 Protective Put Overlay,Global Public Equities,1.9646,synthetic_v1_dataset_generator
2026-03-31,H_TLT,iShares 20+ Year Treasury Bond ETF,Fixed Income & Liquid Credit,13.8867,synthetic_v1_dataset_generator
2026-03-31,H_VNQ,US Listed REIT ETF Proxy,Hedge Funds / Absolute Return,5.9279,synthetic_v1_dataset_generator
2026-04-30,H_2800HK,Tracker Fund of Hong Kong ETF,Global Public Equities,12.0,synthetic_v1_dataset_generator
2026-04-30,H_ACWI,iShares MSCI ACWI ETF,Global Public Equities,20.0,synthetic_v1_dataset_generator
2026-04-30,H_AGG,iShares Core US Aggregate Bond ETF,Fixed Income & Liquid Credit,24.0,synthetic_v1_dataset_generator
2026-04-30,H_BABA,Alibaba ADR,Global Public Equities,7.0,synthetic_v1_dataset_generator
2026-04-30,H_BIL,SPDR 1-3 Month T-Bill ETF,Fixed Income & Liquid Credit,8.0,synthetic_v1_dataset_generator
2026-04-30,H_BRKB,Berkshire Hathaway Class B,Global Public Equities,12.0,synthetic_v1_dataset_generator
2026-04-30,H_CASH_HKD,HKD Working Capital,Cash & Liquidity,2.4,synthetic_v1_dataset_generator
2026-04-30,H_CASH_JPY,JPY Treasury Buffer,Cash & Liquidity,1.6,synthetic_v1_dataset_generator
2026-04-30,H_CASH_OPS_USD,USD Operating Cash,Cash & Liquidity,12.0,synthetic_v1_dataset_generator
2026-04-30,H_CASH_RESERVE_USD,USD Liquidity Reserve,Cash & Liquidity,4.5,synthetic_v1_dataset_generator
2026-04-30,H_CASH_SGD,SGD Near-Term Reserve,Cash & Liquidity,2.0,synthetic_v1_dataset_generator
2026-04-30,H_CNYA,iShares MSCI China A ETF,Global Public Equities,8.0,synthetic_v1_dataset_generator
2026-04-30,H_DBC,Broad Commodities ETF Proxy,Hedge Funds / Absolute Return,8.0,synthetic_v1_dataset_generator
2026-04-30,H_DBMF,Managed Futures ETF Proxy,Hedge Funds / Absolute Return,10.0,synthetic_v1_dataset_generator
2026-04-30,H_EEM,iShares MSCI Emerging Markets ETF,Global Public Equities,7.0,synthetic_v1_dataset_generator
2026-04-30,H_EMB,iShares Emerging Markets Bond ETF,Fixed Income & Liquid Credit,8.0,synthetic_v1_dataset_generator
2026-04-30,H_ES_SHORT,S&P 500 Overlay Short Future,Global Public Equities,3.0,synthetic_v1_dataset_generator
2026-04-30,H_EWJ,iShares MSCI Japan ETF,Global Public Equities,7.0,synthetic_v1_dataset_generator
2026-04-30,H_EWS,iShares MSCI Singapore ETF,Global Public Equities,3.0,synthetic_v1_dataset_generator
2026-04-30,H_EWY,iShares MSCI South Korea ETF,Global Public Equities,5.0,synthetic_v1_dataset_generator
2026-04-30,H_GLD,SPDR Gold Shares,Hedge Funds / Absolute Return,10.0,synthetic_v1_dataset_generator
2026-04-30,H_GMACRO,Global Macro Hedge Fund Sleeve,Hedge Funds / Absolute Return,18.0,synthetic_v1_dataset_generator
2026-04-30,H_GOOGL,Alphabet Class A,Global Public Equities,9.0,synthetic_v1_dataset_generator
2026-04-30,H_HSI_FUT,Hang Seng Index Tactical Long Future,Global Public Equities,2.5,synthetic_v1_dataset_generator
2026-04-30,H_HSTECH,Hang Seng TECH ETF-style Exposure,Global Public Equities,10.0,synthetic_v1_dataset_generator
2026-04-30,H_HYG,iShares High Yield Corporate Bond ETF,Fixed Income & Liquid Credit,9.0,synthetic_v1_dataset_generator
2026-04-30,H_IGIB,iShares 5-10 Year Investment Grade Corporate Bond ETF,Fixed Income & Liquid Credit,12.0,synthetic_v1_dataset_generator
2026-04-30,H_INDA,iShares MSCI India ETF,Global Public Equities,7.0,synthetic_v1_dataset_generator
2026-04-30,H_JD,JD.com ADR,Global Public Equities,5.0,synthetic_v1_dataset_generator
2026-04-30,H_LQD,iShares Investment Grade Corporate Bond ETF,Fixed Income & Liquid Credit,8.0,synthetic_v1_dataset_generator
2026-04-30,H_MKTNEUT,Equity Market Neutral Fund Sleeve,Hedge Funds / Absolute Return,16.0,synthetic_v1_dataset_generator
2026-04-30,H_MSFT,Microsoft,Global Public Equities,10.0,synthetic_v1_dataset_generator
2026-04-30,H_NQ_SHORT,Nasdaq Overlay Short Future,Global Public Equities,2.0,synthetic_v1_dataset_generator
2026-04-30,H_NVDA,NVIDIA,Global Public Equities,8.0,synthetic_v1_dataset_generator
2026-04-30,H_PDD,PDD Holdings ADR,Global Public Equities,6.0,synthetic_v1_dataset_generator
2026-04-30,H_PF_APAC_LOGISTICS,APAC Logistics Real Estate Fund,Real Estate,8.0,synthetic_v1_dataset_generator
2026-04-30,H_PF_APEX_SECONDARIES_II,Apex Secondaries Fund II,Private Equity,20.0,synthetic_v1_dataset_generator
2026-04-30,H_PF_ATLAS_COINV_I,Atlas Co-Investment Fund I,Private Equity,22.0,synthetic_v1_dataset_generator
2026-04-30,H_PF_BLUE_HORIZON_III,Blue Horizon Ventures III,Venture Capital / Growth,18.0,synthetic_v1_dataset_generator
2026-04-30,H_PF_CLIMATE_ALPHA,Climate Alpha Fund,Venture Capital / Growth,15.0,synthetic_v1_dataset_generator
2026-04-30,H_PF_COVE_SPECIALTY_FIN,Cove Specialty Finance Fund,Private Credit,14.0,synthetic_v1_dataset_generator
2026-04-30,H_PF_CRESCENT_DIRECT_LEND,Crescent Direct Lending Fund,Private Credit,20.0,synthetic_v1_dataset_generator
2026-04-30,H_PF_DIGITAL_INFRA,Horizon Digital Infrastructure Fund,Infrastructure,8.0,synthetic_v1_dataset_generator
2026-04-30,H_PF_DRAGONBRIDGE,DragonBridge Greater China Fund,Private Equity,28.0,synthetic_v1_dataset_generator
2026-04-30,H_PF_GLOBAL_GROWTH_II,Redwood Growth Fund II,Venture Capital / Growth,20.0,synthetic_v1_dataset_generator
2026-04-30,H_PF_HARBOR_PEAK_V,Harbor Peak Partners V,Private Equity,30.0,synthetic_v1_dataset_generator
2026-04-30,H_PF_HARBOUR_CORE_RE,Harbour Core Real Estate Fund,Real Estate,20.0,synthetic_v1_dataset_generator
2026-04-30,H_PF_HOME_MULTIFAMILY,HomeStone Multifamily Fund,Real Estate,12.0,synthetic_v1_dataset_generator
2026-04-30,H_PF_INDIA_DIGITAL,Indigo India Digital Growth Fund,Venture Capital / Growth,12.0,synthetic_v1_dataset_generator
2026-04-30,H_PF_INFRA_CORE,Evergreen Core Infrastructure Fund,Infrastructure,12.0,synthetic_v1_dataset_generator
2026-04-30,H_PF_LIONROCK_CREDIT,LionRock Asia Private Credit Fund,Private Credit,16.5,synthetic_v1_dataset_generator
2026-04-30,H_PF_METRO_LOGISTICS,Metro Logistics Fund,Real Estate,12.5,synthetic_v1_dataset_generator
2026-04-30,H_PF_NORTHSTAR_IV,Northstar Buyout Fund IV,Private Equity,35.0,synthetic_v1_dataset_generator
2026-04-30,H_PF_RENEWABLES_II,SolarBridge Renewables Fund II,Infrastructure,10.0,synthetic_v1_dataset_generator
2026-04-30,H_PF_SEEDSPRING_I,SeedSpring Southeast Asia VC Fund I,Venture Capital / Growth,10.0,synthetic_v1_dataset_generator
2026-04-30,H_PF_SPRING_OPP_CREDIT,Spring Point Opportunistic Credit Fund,Private Credit,17.0,synthetic_v1_dataset_generator
2026-04-30,H_QAI,Multi-Strategy Liquid Alternatives ETF Proxy,Hedge Funds / Absolute Return,7.0,synthetic_v1_dataset_generator
2026-04-30,H_QQQ,Invesco QQQ Trust,Global Public Equities,24.0,synthetic_v1_dataset_generator
2026-04-30,H_SPY,SPDR S&P 500 ETF,Global Public Equities,40.0,synthetic_v1_dataset_generator
2026-04-30,H_SPY_PUT,S&P 500 Protective Put Overlay,Global Public Equities,2.0,synthetic_v1_dataset_generator
2026-04-30,H_TLT,iShares 20+ Year Treasury Bond ETF,Fixed Income & Liquid Credit,14.0,synthetic_v1_dataset_generator
2026-04-30,H_VNQ,US Listed REIT ETF Proxy,Hedge Funds / Absolute Return,6.0,synthetic_v1_dataset_generator
