date,position_id,holding_id,holding_name,instrument_type,position_side,market_value_usd_m,signed_notional_usd_m,gross_notional_usd_m,delta_adjusted_exposure_usd_m,current_exposure_basis,nav_weight,gross_weight,net_weight,asset_class,sub_asset_class,gics_sector_pti,gics_industry_group_pti,region_taxonomy_pti,market_cap_bucket_pti,liquidity_bucket,underlying_reference,lookthrough_method,classification_status
2023-01-31,H_2800HK,H_2800HK,Tracker Fund of Hong Kong ETF,etf,long,8.9271,8.9271,8.9271,8.9271,etf,0.015806790664270855,0.015806790664270855,0.015806790664270855,Global Public Equities,Hong Kong Broad Market,Multi-Sector / Diversified,Hong Kong Equity ETF,Greater China,Large Cap,Liquid,2800.HK,lookthrough,lookthrough
2023-01-31,H_ACWI,H_ACWI,iShares MSCI ACWI ETF,etf,long,13.6841,13.6841,13.6841,13.6841,etf,0.02422978393083407,0.02422978393083407,0.02422978393083407,Global Public Equities,Global Equity Core,Multi-Sector / Diversified,Broad Market ETF,Global / Multi-region,Multi Cap,Liquid,ACWI,lookthrough,lookthrough
2023-01-31,H_AGG,H_AGG,iShares Core US Aggregate Bond ETF,etf,long,20.5587,20.5587,20.5587,20.5587,etf,0.03640231063050098,0.03640231063050098,0.03640231063050098,Fixed Income & Liquid Credit,US Aggregate Bonds,Fixed Income / Credit,Aggregate Bonds,North America,Non-classifiable,Liquid,AGG,benchmark_proxy,proxy
2023-01-31,H_BABA,H_BABA,Alibaba ADR,equity,long,5.2075,5.2075,5.2075,5.2075,equity,0.009220672153800279,0.009220672153800279,0.009220672153800279,Global Public Equities,China Internet ADR,Consumer Discretionary,Broadline Retail,Greater China,Large Cap,Liquid,BABA,direct,direct
2023-01-31,H_BIL,H_BIL,SPDR 1-3 Month T-Bill ETF,etf,long,6.8529,6.8529,6.8529,6.8529,etf,0.012134103543500325,0.012134103543500325,0.012134103543500325,Fixed Income & Liquid Credit,Treasury Bills,Fixed Income / Sovereign,Treasury Bills,North America,Non-classifiable,Liquid,BIL,benchmark_proxy,proxy
2023-01-31,H_BRKB,H_BRKB,Berkshire Hathaway Class B,equity,long,7.7059,7.7059,7.7059,7.7059,equity,0.013644470004794925,0.013644470004794925,0.013644470004794925,Global Public Equities,US Quality Compounder,Financials,Multi-Sector Holdings,North America,Mega Cap,Liquid,BRK.B,direct,direct
2023-01-31,H_CASH_HKD,H_CASH_HKD,HKD Working Capital,cash,long,2.2536,2.2536,2.2536,2.2536,cash,0.003990342153779033,0.003990342153779033,0.003990342153779033,Cash & Liquidity,Cash Accounts,Cash,Cash,Global / Multi-region,Non-classifiable,Cash,,direct,direct
2023-01-31,H_CASH_JPY,H_CASH_JPY,JPY Treasury Buffer,cash,long,1.5024,1.5024,1.5024,1.5024,cash,0.002660228102519355,0.002660228102519355,0.002660228102519355,Cash & Liquidity,Cash Accounts,Cash,Cash,Global / Multi-region,Non-classifiable,Cash,,direct,direct
2023-01-31,H_CASH_OPS_USD,H_CASH_OPS_USD,USD Operating Cash,cash,long,11.268,11.268,11.268,11.268,cash,0.019951710768895164,0.019951710768895164,0.019951710768895164,Cash & Liquidity,Cash Accounts,Cash,Cash,Global / Multi-region,Non-classifiable,Cash,,direct,direct
2023-01-31,H_CASH_RESERVE_USD,H_CASH_RESERVE_USD,USD Liquidity Reserve,cash,long,4.2255,4.2255,4.2255,4.2255,cash,0.007481891538335687,0.007481891538335687,0.007481891538335687,Cash & Liquidity,Cash Accounts,Cash,Cash,Global / Multi-region,Non-classifiable,Cash,,direct,direct
2023-01-31,H_CASH_SGD,H_CASH_SGD,SGD Near-Term Reserve,cash,long,1.878,1.878,1.878,1.878,cash,0.0033252851281491934,0.0033252851281491934,0.0033252851281491934,Cash & Liquidity,Cash Accounts,Cash,Cash,Global / Multi-region,Non-classifiable,Cash,,direct,direct
2023-01-31,H_CNYA,H_CNYA,iShares MSCI China A ETF,etf,long,5.9514,5.9514,5.9514,5.9514,etf,0.010537860442847236,0.010537860442847236,0.010537860442847236,Global Public Equities,China A-Shares,Multi-Sector / Diversified,China A-Shares ETF,Greater China,All Cap,Liquid,CNYA,lookthrough,lookthrough
2023-01-31,H_DBC,H_DBC,Broad Commodities ETF Proxy,etf,long,6.43,6.43,6.43,6.43,etf,0.011385294661341487,0.011385294661341487,0.011385294661341487,Hedge Funds / Absolute Return,Commodities,Commodities,Broad Commodities,Global / Multi-region,Non-classifiable,Liquid,DBC,benchmark_proxy,proxy
2023-01-31,H_DBMF,H_DBMF,Managed Futures ETF Proxy,etf,long,8.0375,8.0375,8.0375,8.0375,etf,0.01423161832667686,0.01423161832667686,0.01423161832667686,Hedge Funds / Absolute Return,Managed Futures,Multi-Strategy,Managed Futures,Global / Multi-region,Non-classifiable,Liquid,DBMF,benchmark_proxy,proxy
2023-01-31,H_EEM,H_EEM,iShares MSCI Emerging Markets ETF,etf,long,4.7894,4.7894,4.7894,4.7894,etf,0.008480362402959397,0.008480362402959397,0.008480362402959397,Global Public Equities,Emerging Markets Core,Multi-Sector / Diversified,EM Equity ETF,Global / Multi-region,All Cap,Liquid,EEM,lookthrough,lookthrough
2023-01-31,H_EMB,H_EMB,iShares Emerging Markets Bond ETF,etf,long,6.8529,6.8529,6.8529,6.8529,etf,0.012134103543500325,0.012134103543500325,0.012134103543500325,Fixed Income & Liquid Credit,EM Sovereign / Credit,Fixed Income / Credit,EM Debt,Global / Multi-region,Non-classifiable,Liquid,EMB,benchmark_proxy,proxy
2023-01-31,H_ES_SHORT,H_ES_SHORT,S&P 500 Overlay Short Future,future,short,1.9265,-11.559,11.559,-11.559,signed_notional,0.0034111617675076796,0.020466970605046073,-0.020466970605046073,Global Public Equities,Equity Index Overlay,Multi-Sector / Diversified,Equity Index Future,North America,Multi Cap,Liquid,SPY,underlying_proxy,proxy
2023-01-31,H_EWJ,H_EWJ,iShares MSCI Japan ETF,etf,long,4.8833,4.8833,4.8833,4.8833,etf,0.008646626659366857,0.008646626659366857,0.008646626659366857,Global Public Equities,Japan Equities,Multi-Sector / Diversified,Japan Equity ETF,Japan,Large Cap,Liquid,EWJ,lookthrough,lookthrough
2023-01-31,H_EWS,H_EWS,iShares MSCI Singapore ETF,etf,long,2.0573,2.0573,2.0573,2.0573,etf,0.0036427630959219044,0.0036427630959219044,0.0036427630959219044,Global Public Equities,Southeast Asia Equities,Multi-Sector / Diversified,Southeast Asia Equity ETF,Southeast Asia,Large Cap,Liquid,EWS,lookthrough,lookthrough
2023-01-31,H_EWY,H_EWY,iShares MSCI South Korea ETF,etf,long,3.546,3.546,3.546,3.546,etf,0.006278733261137934,0.006278733261137934,0.006278733261137934,Global Public Equities,Korea Equities,Multi-Sector / Diversified,Korea Equity ETF,Korea,Large Cap,Liquid,EWY,lookthrough,lookthrough
2023-01-31,H_GLD,H_GLD,SPDR Gold Shares,etf,long,7.6629,7.662899999999999,7.662899999999999,7.662899999999999,etf,0.013568331953404929,0.013568331953404927,0.013568331953404927,Hedge Funds / Absolute Return,Gold / Defensive,Commodities / Precious Metals,Gold,Global / Multi-region,Non-classifiable,Liquid,GLD,benchmark_proxy,proxy
2023-01-31,H_GMACRO,H_GMACRO,Global Macro Hedge Fund Sleeve,fund,long,14.4675,14.4675,14.4675,14.4675,fund,0.02561691298801835,0.02561691298801835,0.02561691298801835,Hedge Funds / Absolute Return,Global Macro,Multi-Strategy,Global Macro,Global / Multi-region,Non-classifiable,Semi-Liquid,GMACRO,mandate_proxy,proxy
2023-01-31,H_GOOGL,H_GOOGL,Alphabet Class A,equity,long,5.7794,5.779400000000001,5.779400000000001,5.779400000000001,equity,0.010233308237287247,0.010233308237287249,0.010233308237287249,Global Public Equities,US Mega-cap Technology,Communication Services,Interactive Media,North America,Mega Cap,Liquid,GOOGL,direct,direct
2023-01-31,H_HSI_FUT,H_HSI_FUT,Hang Seng Index Tactical Long Future,future,long,1.8598,6.6952799999999995,6.6952799999999995,6.6952799999999995,signed_notional,0.003293059255235288,0.011855013318847035,0.011855013318847035,Global Public Equities,Greater China Tactical Overlay,Multi-Sector / Diversified,Equity Index Future,Greater China,Large Cap,Liquid,2800.HK,underlying_proxy,proxy
2023-01-31,H_HSTECH,H_HSTECH,Hang Seng TECH ETF-style Exposure,etf,long,7.4392,7.4392,7.4392,7.4392,etf,0.013172237020941151,0.013172237020941151,0.013172237020941151,Global Public Equities,Hong Kong / China Technology,Information Technology,Technology ETF,Greater China,Large Cap,Liquid,3067.HK,lookthrough,lookthrough
2023-01-31,H_HYG,H_HYG,iShares High Yield Corporate Bond ETF,etf,long,7.7095,7.7095,7.7095,7.7095,etf,0.013650844353283393,0.013650844353283393,0.013650844353283393,Fixed Income & Liquid Credit,High Yield Credit,Fixed Income / Credit,High Yield Credit,North America,Non-classifiable,Liquid,HYG,benchmark_proxy,proxy
2023-01-31,H_IGIB,H_IGIB,iShares 5-10 Year Investment Grade Corporate Bond ETF,etf,long,10.2793,10.2793,10.2793,10.2793,etf,0.01820106678263259,0.01820106678263259,0.01820106678263259,Fixed Income & Liquid Credit,Investment Grade Credit,Fixed Income / Credit,Investment Grade Credit,North America,Non-classifiable,Liquid,IGIB,benchmark_proxy,proxy
2023-01-31,H_INDA,H_INDA,iShares MSCI India ETF,etf,long,4.2227,4.2227,4.2227,4.2227,etf,0.007476933711733546,0.007476933711733546,0.007476933711733546,Global Public Equities,India Equities,Multi-Sector / Diversified,India Equity ETF,India,All Cap,Liquid,INDA,lookthrough,lookthrough
2023-01-31,H_JD,H_JD,JD.com ADR,equity,long,3.7196,3.7196,3.7196,3.7196,equity,0.006586118510470576,0.006586118510470576,0.006586118510470576,Global Public Equities,China E-commerce ADR,Consumer Discretionary,Broadline Retail,Greater China,Large Cap,Liquid,JD,direct,direct
2023-01-31,H_LQD,H_LQD,iShares Investment Grade Corporate Bond ETF,etf,long,6.8529,6.8529,6.8529,6.8529,etf,0.012134103543500325,0.012134103543500325,0.012134103543500325,Fixed Income & Liquid Credit,Investment Grade Credit,Fixed Income / Credit,Investment Grade Credit,North America,Non-classifiable,Liquid,LQD,benchmark_proxy,proxy
2023-01-31,H_MKTNEUT,H_MKTNEUT,Equity Market Neutral Fund Sleeve,fund,long,12.86,12.86,12.86,12.86,fund,0.022770589322682975,0.022770589322682975,0.022770589322682975,Hedge Funds / Absolute Return,Equity Market Neutral,Multi-Strategy,Equity Market Neutral,Global / Multi-region,Non-classifiable,Semi-Liquid,MKTNEUT,mandate_proxy,proxy
2023-01-31,H_MSFT,H_MSFT,Microsoft,equity,long,6.4216,6.4216,6.4216,6.4216,equity,0.01137042118153507,0.01137042118153507,0.01137042118153507,Global Public Equities,US Mega-cap Technology,Information Technology,Software,North America,Mega Cap,Liquid,MSFT,direct,direct
2023-01-31,H_NQ_SHORT,H_NQ_SHORT,Nasdaq Overlay Short Future,future,short,1.2843,-7.7058,7.7058,-7.7058,signed_notional,0.002274048823259856,0.013644292939559136,-0.013644292939559136,Global Public Equities,Technology Overlay,Information Technology,Equity Index Future,North America,Mega Cap,Liquid,QQQ,underlying_proxy,proxy
2023-01-31,H_NVDA,H_NVDA,NVIDIA,equity,long,5.1372,5.1372,5.1372,5.1372,equity,0.009096195293039424,0.009096195293039424,0.009096195293039424,Global Public Equities,US Semiconductor Growth,Information Technology,Semiconductors,North America,Mega Cap,Liquid,NVDA,direct,direct
2023-01-31,H_PDD,H_PDD,PDD Holdings ADR,equity,long,4.4635,4.4635,4.4635,4.4635,equity,0.007903306799517533,0.007903306799517533,0.007903306799517533,Global Public Equities,China Internet ADR,Consumer Discretionary,Broadline Retail,Greater China,Large Cap,Liquid,PDD,direct,direct
2023-01-31,H_PF_APAC_LOGISTICS,H_PF_APAC_LOGISTICS,APAC Logistics Real Estate Fund,private_fund,long,6.3961,6.3961,6.3961,6.3961,private_fund,0.011325269546408443,0.011325269546408443,0.011325269546408443,Real Estate,APAC Logistics,Industrial Real Estate,APAC Logistics,Japan,Non-classifiable,Illiquid,,mandate_proxy,proxy
2023-01-31,H_PF_APEX_SECONDARIES_II,H_PF_APEX_SECONDARIES_II,Apex Secondaries Fund II,private_fund,long,14.7348,14.7348,14.7348,14.7348,private_fund,0.02609020836328687,0.02609020836328687,0.02609020836328687,Private Equity,Secondaries,Diversified / Secondaries,Secondaries,Global / Multi-region,Non-classifiable,Illiquid,,mandate_proxy,proxy
2023-01-31,H_PF_ATLAS_COINV_I,H_PF_ATLAS_COINV_I,Atlas Co-Investment Fund I,private_fund,long,16.2083,16.2083,16.2083,16.2083,private_fund,0.028699264612662718,0.028699264612662718,0.028699264612662718,Private Equity,Co-investment,Business Services,Co-investment,North America,Non-classifiable,Illiquid,,mandate_proxy,proxy
2023-01-31,H_PF_BLUE_HORIZON_III,H_PF_BLUE_HORIZON_III,Blue Horizon Ventures III,private_fund,long,12.7074,12.7074,12.7074,12.7074,private_fund,0.022500387772866382,0.022500387772866382,0.022500387772866382,Venture Capital / Growth,US Technology VC,Information Technology,US Technology VC,North America,Non-classifiable,Illiquid,,mandate_proxy,proxy
2023-01-31,H_PF_CLIMATE_ALPHA,H_PF_CLIMATE_ALPHA,Climate Alpha Fund,private_fund,long,10.5895,10.5895,10.5895,10.5895,private_fund,0.018750323144055316,0.018750323144055316,0.018750323144055316,Venture Capital / Growth,Climate Technology,Climate / Industrials,Climate Technology,Global / Multi-region,Non-classifiable,Illiquid,,mandate_proxy,proxy
2023-01-31,H_PF_COVE_SPECIALTY_FIN,H_PF_COVE_SPECIALTY_FIN,Cove Specialty Finance Fund,private_fund,long,11.0109,11.0109,11.0109,11.0109,private_fund,0.01949647604767729,0.01949647604767729,0.01949647604767729,Private Credit,Specialty Finance,Financials,Specialty Finance,North America,Non-classifiable,Illiquid,,mandate_proxy,proxy
2023-01-31,H_PF_CRESCENT_DIRECT_LEND,H_PF_CRESCENT_DIRECT_LEND,Crescent Direct Lending Fund,private_fund,long,15.7298,15.729799999999997,15.729799999999997,15.729799999999997,private_fund,0.027852007459404252,0.02785200745940425,0.02785200745940425,Private Credit,Senior Direct Lending,Diversified Credit,Senior Direct Lending,North America,Non-classifiable,Illiquid,,mandate_proxy,proxy
2023-01-31,H_PF_DIGITAL_INFRA,H_PF_DIGITAL_INFRA,Horizon Digital Infrastructure Fund,private_fund,long,6.3393,6.3393,6.3393,6.3393,private_fund,0.011224696492479331,0.011224696492479331,0.011224696492479331,Infrastructure,Digital Infrastructure,Diversified,Digital Infrastructure,Global / Multi-region,Non-classifiable,Illiquid,,mandate_proxy,proxy
2023-01-31,H_PF_DRAGONBRIDGE,H_PF_DRAGONBRIDGE,DragonBridge Greater China Fund,private_fund,long,20.6287,20.6287,20.6287,20.6287,private_fund,0.036526256295554456,0.036526256295554456,0.036526256295554456,Private Equity,Asia Buyout / Greater China,Consumer / Industrials,Asia Buyout / Greater China,Greater China,Non-classifiable,Illiquid,,mandate_proxy,proxy
2023-01-31,H_PF_GLOBAL_GROWTH_II,H_PF_GLOBAL_GROWTH_II,Redwood Growth Fund II,private_fund,long,14.1193,14.1193,14.1193,14.1193,private_fund,0.02500037183699516,0.02500037183699516,0.02500037183699516,Venture Capital / Growth,Global Growth Equity,Information Technology / Consumer,Global Growth Equity,Global / Multi-region,Non-classifiable,Illiquid,,mandate_proxy,proxy
2023-01-31,H_PF_HARBOR_PEAK_V,H_PF_HARBOR_PEAK_V,Harbor Peak Partners V,private_fund,long,22.1022,22.1022,22.1022,22.1022,private_fund,0.0391353125449303,0.0391353125449303,0.0391353125449303,Private Equity,Secondaries,Diversified / Secondaries,Secondaries,Global / Multi-region,Non-classifiable,Illiquid,,mandate_proxy,proxy
2023-01-31,H_PF_HARBOUR_CORE_RE,H_PF_HARBOUR_CORE_RE,Harbour Core Real Estate Fund,private_fund,long,15.9903,15.9903,15.9903,15.9903,private_fund,0.028313262398639006,0.028313262398639006,0.028313262398639006,Real Estate,Core Real Estate,Real Estate,Core Real Estate,Global / Multi-region,Non-classifiable,Illiquid,,mandate_proxy,proxy
2023-01-31,H_PF_HOME_MULTIFAMILY,H_PF_HOME_MULTIFAMILY,HomeStone Multifamily Fund,private_fund,long,9.5942,9.5942,9.5942,9.5942,private_fund,0.016987992852230564,0.016987992852230564,0.016987992852230564,Real Estate,US Multifamily,Residential Real Estate,US Multifamily,North America,Non-classifiable,Illiquid,,mandate_proxy,proxy
2023-01-31,H_PF_INDIA_DIGITAL,H_PF_INDIA_DIGITAL,Indigo India Digital Growth Fund,private_fund,long,8.4716,8.4716,8.4716,8.4716,private_fund,0.015000258515244256,0.015000258515244256,0.015000258515244256,Venture Capital / Growth,India Digital Growth,Information Technology,India Digital Growth,India,Non-classifiable,Illiquid,,mandate_proxy,proxy
2023-01-31,H_PF_INFRA_CORE,H_PF_INFRA_CORE,Evergreen Core Infrastructure Fund,private_fund,long,9.509,9.509,9.509,9.509,private_fund,0.01683713327133689,0.01683713327133689,0.01683713327133689,Infrastructure,Core Infrastructure,Infrastructure,Core Infrastructure,Global / Multi-region,Non-classifiable,Illiquid,,mandate_proxy,proxy
2023-01-31,H_PF_LIONROCK_CREDIT,H_PF_LIONROCK_CREDIT,LionRock Asia Private Credit Fund,private_fund,long,12.9771,12.9771,12.9771,12.9771,private_fund,0.022977932713793878,0.022977932713793878,0.022977932713793878,Private Credit,Asia Private Credit,Diversified Credit,Asia Private Credit,Southeast Asia,Non-classifiable,Illiquid,,mandate_proxy,proxy
2023-01-31,H_PF_METRO_LOGISTICS,H_PF_METRO_LOGISTICS,Metro Logistics Fund,private_fund,long,9.994,9.994,9.994,9.994,private_fund,0.017695899664921747,0.017695899664921747,0.017695899664921747,Real Estate,Logistics Real Estate,Industrial Real Estate,Logistics Real Estate,Southeast Asia,Non-classifiable,Illiquid,,mandate_proxy,proxy
2023-01-31,H_PF_NORTHSTAR_IV,H_PF_NORTHSTAR_IV,Northstar Buyout Fund IV,private_fund,long,25.7859,25.7859,25.7859,25.7859,private_fund,0.04565786463575203,0.04565786463575203,0.04565786463575203,Private Equity,Buyout,Industrials,Buyout,North America,Non-classifiable,Illiquid,,mandate_proxy,proxy
2023-01-31,H_PF_RENEWABLES_II,H_PF_RENEWABLES_II,SolarBridge Renewables Fund II,private_fund,long,7.9242,7.9242,7.9242,7.9242,private_fund,0.014031003414526007,0.014031003414526007,0.014031003414526007,Infrastructure,Renewables,Utilities / Infrastructure,Renewables,Global / Multi-region,Non-classifiable,Illiquid,,mandate_proxy,proxy
2023-01-31,H_PF_SEEDSPRING_I,H_PF_SEEDSPRING_I,SeedSpring Southeast Asia VC Fund I,private_fund,long,7.0597,7.059699999999999,7.059699999999999,7.059699999999999,private_fund,0.012500274451115477,0.012500274451115475,0.012500274451115475,Venture Capital / Growth,Southeast Asia VC,Information Technology / Consumer,Southeast Asia VC,Southeast Asia,Non-classifiable,Illiquid,,mandate_proxy,proxy
2023-01-31,H_PF_SPRING_OPP_CREDIT,H_PF_SPRING_OPP_CREDIT,Spring Point Opportunistic Credit Fund,private_fund,long,13.3704,13.3704,13.3704,13.3704,private_fund,0.02367433028615867,0.02367433028615867,0.02367433028615867,Private Credit,Opportunistic Credit,Special Situations Credit,Opportunistic Credit,Global / Multi-region,Non-classifiable,Illiquid,,mandate_proxy,proxy
2023-01-31,H_QAI,H_QAI,Multi-Strategy Liquid Alternatives ETF Proxy,etf,long,5.6262,5.6262,5.6262,5.6262,etf,0.009962044296055907,0.009962044296055907,0.009962044296055907,Hedge Funds / Absolute Return,Multi-Strategy Absolute Return,Multi-Strategy,Absolute Return,Global / Multi-region,Non-classifiable,Liquid,QAI,benchmark_proxy,proxy
2023-01-31,H_QQQ,H_QQQ,Invesco QQQ Trust,etf,long,15.4117,15.4117,15.4117,15.4117,etf,0.02728876294435406,0.02728876294435406,0.02728876294435406,Global Public Equities,US Technology / Growth,Information Technology,Growth / Technology ETF,North America,Mega Cap,Liquid,QQQ,lookthrough,lookthrough
2023-01-31,H_SPY,H_SPY,SPDR S&P 500 ETF,etf,long,25.6862,25.6862,25.6862,25.6862,etf,0.0454813305956687,0.0454813305956687,0.0454813305956687,Global Public Equities,US Large Cap Core,Multi-Sector / Diversified,Broad Market ETF,North America,Multi Cap,Liquid,SPY,lookthrough,lookthrough
2023-01-31,H_SPY_PUT,H_SPY_PUT,S&P 500 Protective Put Overlay,listed_option,long,1.2843,-5.1372,7.7058,-5.1372,delta_adjusted_exposure,0.002274048823259856,0.013644292939559136,-0.009096195293039424,Global Public Equities,Options Overlay,Multi-Sector / Diversified,Equity Index Option,North America,Multi Cap,Liquid,SPY,underlying_proxy,proxy
2023-01-31,H_TLT,H_TLT,iShares 20+ Year Treasury Bond ETF,etf,long,11.9926,11.9926,11.9926,11.9926,etf,0.021234725467434514,0.021234725467434514,0.021234725467434514,Fixed Income & Liquid Credit,Long Duration Treasuries,Fixed Income / Sovereign,Government Bonds,North America,Non-classifiable,Liquid,TLT,benchmark_proxy,proxy
2023-01-31,H_VNQ,H_VNQ,US Listed REIT ETF Proxy,etf,long,4.8225,4.8225,4.8225,4.8225,etf,0.008538970996006116,0.008538970996006116,0.008538970996006116,Hedge Funds / Absolute Return,Listed Real Estate,Real Estate,REITs,North America,Mid Cap,Liquid,VNQ,lookthrough,lookthrough
2023-02-28,H_2800HK,H_2800HK,Tracker Fund of Hong Kong ETF,etf,long,9.3437,9.3437,9.3437,9.3437,etf,0.016211172570037412,0.016211172570037412,0.016211172570037412,Global Public Equities,Hong Kong Broad Market,Multi-Sector / Diversified,Hong Kong Equity ETF,Greater China,Large Cap,Liquid,2800.HK,lookthrough,lookthrough
2023-02-28,H_ACWI,H_ACWI,iShares MSCI ACWI ETF,etf,long,14.0824,14.0824,14.0824,14.0824,etf,0.02443274255383786,0.02443274255383786,0.02443274255383786,Global Public Equities,Global Equity Core,Multi-Sector / Diversified,Broad Market ETF,Global / Multi-region,Multi Cap,Liquid,ACWI,lookthrough,lookthrough
2023-02-28,H_AGG,H_AGG,iShares Core US Aggregate Bond ETF,etf,long,20.8739,20.8739,20.8739,20.8739,etf,0.036215888257296776,0.036215888257296776,0.036215888257296776,Fixed Income & Liquid Credit,US Aggregate Bonds,Fixed Income / Credit,Aggregate Bonds,North America,Non-classifiable,Liquid,AGG,benchmark_proxy,proxy
2023-02-28,H_BABA,H_BABA,Alibaba ADR,equity,long,5.4505,5.4505,5.4505,5.4505,equity,0.009456531790724115,0.009456531790724115,0.009456531790724115,Global Public Equities,China Internet ADR,Consumer Discretionary,Broadline Retail,Greater China,Large Cap,Liquid,BABA,direct,direct
2023-02-28,H_BIL,H_BIL,SPDR 1-3 Month T-Bill ETF,etf,long,6.9579,6.9579,6.9579,6.9579,etf,0.01207184708681393,0.01207184708681393,0.01207184708681393,Fixed Income & Liquid Credit,Treasury Bills,Fixed Income / Sovereign,Treasury Bills,North America,Non-classifiable,Liquid,BIL,benchmark_proxy,proxy
2023-02-28,H_BRKB,H_BRKB,Berkshire Hathaway Class B,equity,long,7.9498,7.9498,7.9498,7.9498,equity,0.013792777989156695,0.013792777989156695,0.013792777989156695,Global Public Equities,US Quality Compounder,Financials,Multi-Sector Holdings,North America,Mega Cap,Liquid,BRK.B,direct,direct
2023-02-28,H_CASH_HKD,H_CASH_HKD,HKD Working Capital,cash,long,2.2607,2.2607,2.2607,2.2607,cash,0.003922278950424732,0.003922278950424732,0.003922278950424732,Cash & Liquidity,Cash Accounts,Cash,Cash,Global / Multi-region,Non-classifiable,Cash,,direct,direct
2023-02-28,H_CASH_JPY,H_CASH_JPY,JPY Treasury Buffer,cash,long,1.5072,1.5072,1.5072,1.5072,cash,0.00261496829923482,0.00261496829923482,0.00261496829923482,Cash & Liquidity,Cash Accounts,Cash,Cash,Global / Multi-region,Non-classifiable,Cash,,direct,direct
2023-02-28,H_CASH_OPS_USD,H_CASH_OPS_USD,USD Operating Cash,cash,long,11.3037,11.3037,11.3037,11.3037,cash,0.019611741748978655,0.019611741748978655,0.019611741748978655,Cash & Liquidity,Cash Accounts,Cash,Cash,Global / Multi-region,Non-classifiable,Cash,,direct,direct
2023-02-28,H_CASH_RESERVE_USD,H_CASH_RESERVE_USD,USD Liquidity Reserve,cash,long,4.2389,4.2389,4.2389,4.2389,cash,0.0073544248431704345,0.0073544248431704345,0.0073544248431704345,Cash & Liquidity,Cash Accounts,Cash,Cash,Global / Multi-region,Non-classifiable,Cash,,direct,direct
2023-02-28,H_CASH_SGD,H_CASH_SGD,SGD Near-Term Reserve,cash,long,1.884,1.884,1.884,1.884,cash,0.0032687103740435246,0.0032687103740435246,0.0032687103740435246,Cash & Liquidity,Cash Accounts,Cash,Cash,Global / Multi-region,Non-classifiable,Cash,,direct,direct
2023-02-28,H_CNYA,H_CNYA,iShares MSCI China A ETF,etf,long,6.2291,6.2291,6.2291,6.2291,etf,0.010807390547215774,0.010807390547215774,0.010807390547215774,Global Public Equities,China A-Shares,Multi-Sector / Diversified,China A-Shares ETF,Greater China,All Cap,Liquid,CNYA,lookthrough,lookthrough
2023-02-28,H_DBC,H_DBC,Broad Commodities ETF Proxy,etf,long,6.5776,6.5776,6.5776,6.5776,etf,0.011412032567042828,0.011412032567042828,0.011412032567042828,Hedge Funds / Absolute Return,Commodities,Commodities,Broad Commodities,Global / Multi-region,Non-classifiable,Liquid,DBC,benchmark_proxy,proxy
2023-02-28,H_DBMF,H_DBMF,Managed Futures ETF Proxy,etf,long,8.222,8.222,8.222,8.222,etf,0.014265040708803535,0.014265040708803535,0.014265040708803535,Hedge Funds / Absolute Return,Managed Futures,Multi-Strategy,Managed Futures,Global / Multi-region,Non-classifiable,Liquid,DBMF,benchmark_proxy,proxy
2023-02-28,H_EEM,H_EEM,iShares MSCI Emerging Markets ETF,etf,long,4.9288,4.9288,4.9288,4.9288,etf,0.008551390494472254,0.008551390494472254,0.008551390494472254,Global Public Equities,Emerging Markets Core,Multi-Sector / Diversified,EM Equity ETF,Global / Multi-region,All Cap,Liquid,EEM,lookthrough,lookthrough
2023-02-28,H_EMB,H_EMB,iShares Emerging Markets Bond ETF,etf,long,6.958,6.958,6.958,6.958,etf,0.012072020585241426,0.012072020585241426,0.012072020585241426,Fixed Income & Liquid Credit,EM Sovereign / Credit,Fixed Income / Credit,EM Debt,Global / Multi-region,Non-classifiable,Liquid,EMB,benchmark_proxy,proxy
2023-02-28,H_ES_SHORT,H_ES_SHORT,S&P 500 Overlay Short Future,future,short,1.9875,-11.924999999999999,11.924999999999999,-11.924999999999999,signed_notional,0.0034482812465029223,0.020689687479017532,-0.020689687479017532,Global Public Equities,Equity Index Overlay,Multi-Sector / Diversified,Equity Index Future,North America,Multi Cap,Liquid,SPY,underlying_proxy,proxy
2023-02-28,H_EWJ,H_EWJ,iShares MSCI Japan ETF,etf,long,5.0366,5.0366,5.0366,5.0366,etf,0.008738421799314023,0.008738421799314023,0.008738421799314023,Global Public Equities,Japan Equities,Multi-Sector / Diversified,Japan Equity ETF,Japan,Large Cap,Liquid,EWJ,lookthrough,lookthrough
2023-02-28,H_EWS,H_EWS,iShares MSCI Singapore ETF,etf,long,2.1368,2.1368,2.1368,2.1368,etf,0.003707314398755947,0.003707314398755947,0.003707314398755947,Global Public Equities,Southeast Asia Equities,Multi-Sector / Diversified,Southeast Asia Equity ETF,Southeast Asia,Large Cap,Liquid,EWS,lookthrough,lookthrough
2023-02-28,H_EWY,H_EWY,iShares MSCI South Korea ETF,etf,long,3.6797,3.6797000000000004,3.6797000000000004,3.6797000000000004,etf,0.0063842216366071965,0.006384221636607197,0.006384221636607197,Global Public Equities,Korea Equities,Multi-Sector / Diversified,Korea Equity ETF,Korea,Large Cap,Liquid,EWY,lookthrough,lookthrough
2023-02-28,H_GLD,H_GLD,SPDR Gold Shares,etf,long,7.8575,7.8575,7.8575,7.8575,etf,0.013632638940576963,0.013632638940576963,0.013632638940576963,Hedge Funds / Absolute Return,Gold / Defensive,Commodities / Precious Metals,Gold,Global / Multi-region,Non-classifiable,Liquid,GLD,benchmark_proxy,proxy
2023-02-28,H_GMACRO,H_GMACRO,Global Macro Hedge Fund Sleeve,fund,long,14.7996,14.799600000000002,14.799600000000002,14.799600000000002,fund,0.025677073275846365,0.025677073275846368,0.025677073275846368,Hedge Funds / Absolute Return,Global Macro,Multi-Strategy,Global Macro,Global / Multi-region,Non-classifiable,Semi-Liquid,GMACRO,mandate_proxy,proxy
2023-02-28,H_GOOGL,H_GOOGL,Alphabet Class A,equity,long,5.9624,5.962400000000001,5.962400000000001,5.962400000000001,equity,0.01034467024108127,0.010344670241081272,0.010344670241081272,Global Public Equities,US Mega-cap Technology,Communication Services,Interactive Media,North America,Mega Cap,Liquid,GOOGL,direct,direct
2023-02-28,H_HSI_FUT,H_HSI_FUT,Hang Seng Index Tactical Long Future,future,long,1.9466,7.00776,7.00776,7.00776,signed_notional,0.0033773203896566486,0.012158353402763935,0.012158353402763935,Global Public Equities,Greater China Tactical Overlay,Multi-Sector / Diversified,Equity Index Future,Greater China,Large Cap,Liquid,2800.HK,underlying_proxy,proxy
2023-02-28,H_HSTECH,H_HSTECH,Hang Seng TECH ETF-style Exposure,etf,long,7.7864,7.7864,7.7864,7.7864,etf,0.013509281558626594,0.013509281558626594,0.013509281558626594,Global Public Equities,Hong Kong / China Technology,Information Technology,Technology ETF,Greater China,Large Cap,Liquid,3067.HK,lookthrough,lookthrough
2023-02-28,H_HYG,H_HYG,iShares High Yield Corporate Bond ETF,etf,long,7.8277,7.8277,7.8277,7.8277,etf,0.013580936409182856,0.013580936409182856,0.013580936409182856,Fixed Income & Liquid Credit,High Yield Credit,Fixed Income / Credit,High Yield Credit,North America,Non-classifiable,Liquid,HYG,benchmark_proxy,proxy
2023-02-28,H_IGIB,H_IGIB,iShares 5-10 Year Investment Grade Corporate Bond ETF,etf,long,10.4369,10.4369,10.4369,10.4369,etf,0.01810785737943464,0.01810785737943464,0.01810785737943464,Fixed Income & Liquid Credit,Investment Grade Credit,Fixed Income / Credit,Investment Grade Credit,North America,Non-classifiable,Liquid,IGIB,benchmark_proxy,proxy
2023-02-28,H_INDA,H_INDA,iShares MSCI India ETF,etf,long,4.3918,4.3918,4.3918,4.3918,etf,0.00761970393881335,0.00761970393881335,0.00761970393881335,Global Public Equities,India Equities,Multi-Sector / Diversified,India Equity ETF,India,All Cap,Liquid,INDA,lookthrough,lookthrough
2023-02-28,H_JD,H_JD,JD.com ADR,equity,long,3.8932,3.8932,3.8932,3.8932,equity,0.006754640779313297,0.006754640779313297,0.006754640779313297,Global Public Equities,China E-commerce ADR,Consumer Discretionary,Broadline Retail,Greater China,Large Cap,Liquid,JD,direct,direct
2023-02-28,H_LQD,H_LQD,iShares Investment Grade Corporate Bond ETF,etf,long,6.9579,6.9579,6.9579,6.9579,etf,0.01207184708681393,0.01207184708681393,0.01207184708681393,Fixed Income & Liquid Credit,Investment Grade Credit,Fixed Income / Credit,Investment Grade Credit,North America,Non-classifiable,Liquid,LQD,benchmark_proxy,proxy
2023-02-28,H_MKTNEUT,H_MKTNEUT,Equity Market Neutral Fund Sleeve,fund,long,13.1552,13.1552,13.1552,13.1552,fund,0.022824065134085657,0.022824065134085657,0.022824065134085657,Hedge Funds / Absolute Return,Equity Market Neutral,Multi-Strategy,Equity Market Neutral,Global / Multi-region,Non-classifiable,Semi-Liquid,MKTNEUT,mandate_proxy,proxy
2023-02-28,H_MSFT,H_MSFT,Microsoft,equity,long,6.6248,6.6248,6.6248,6.6248,equity,0.011493923824821412,0.011493923824821412,0.011493923824821412,Global Public Equities,US Mega-cap Technology,Information Technology,Software,North America,Mega Cap,Liquid,MSFT,direct,direct
2023-02-28,H_NQ_SHORT,H_NQ_SHORT,Nasdaq Overlay Short Future,future,short,1.325,-7.949999999999999,7.949999999999999,-7.949999999999999,signed_notional,0.0022988541643352814,0.013793124986011688,-0.013793124986011688,Global Public Equities,Technology Overlay,Information Technology,Equity Index Future,North America,Mega Cap,Liquid,QQQ,underlying_proxy,proxy
2023-02-28,H_NVDA,H_NVDA,NVIDIA,equity,long,5.2999,5.2999,5.2999,5.2999,equity,0.00919524315891363,0.00919524315891363,0.00919524315891363,Global Public Equities,US Semiconductor Growth,Information Technology,Semiconductors,North America,Mega Cap,Liquid,NVDA,direct,direct
2023-02-28,H_PDD,H_PDD,PDD Holdings ADR,equity,long,4.6718,4.6718,4.6718,4.6718,equity,0.008105499535804958,0.008105499535804958,0.008105499535804958,Global Public Equities,China Internet ADR,Consumer Discretionary,Broadline Retail,Greater China,Large Cap,Liquid,PDD,direct,direct
2023-02-28,H_PF_APAC_LOGISTICS,H_PF_APAC_LOGISTICS,APAC Logistics Real Estate Fund,private_fund,long,6.4835,6.4835,6.4835,6.4835,private_fund,0.01124877054676815,0.01124877054676815,0.01124877054676815,Real Estate,APAC Logistics,Industrial Real Estate,APAC Logistics,Japan,Non-classifiable,Illiquid,,mandate_proxy,proxy
2023-02-28,H_PF_APEX_SECONDARIES_II,H_PF_APEX_SECONDARIES_II,Apex Secondaries Fund II,private_fund,long,14.943,14.943,14.943,14.943,private_fund,0.025925870020877064,0.025925870020877064,0.025925870020877064,Private Equity,Secondaries,Diversified / Secondaries,Secondaries,Global / Multi-region,Non-classifiable,Illiquid,,mandate_proxy,proxy
2023-02-28,H_PF_ATLAS_COINV_I,H_PF_ATLAS_COINV_I,Atlas Co-Investment Fund I,private_fund,long,16.4373,16.4373,16.4373,16.4373,private_fund,0.028518457022964773,0.028518457022964773,0.028518457022964773,Private Equity,Co-investment,Business Services,Co-investment,North America,Non-classifiable,Illiquid,,mandate_proxy,proxy
2023-02-28,H_PF_BLUE_HORIZON_III,H_PF_BLUE_HORIZON_III,Blue Horizon Ventures III,private_fund,long,12.9714,12.9714,12.9714,12.9714,private_fund,0.022505175024346166,0.022505175024346166,0.022505175024346166,Venture Capital / Growth,US Technology VC,Information Technology,US Technology VC,North America,Non-classifiable,Illiquid,,mandate_proxy,proxy
2023-02-28,H_PF_CLIMATE_ALPHA,H_PF_CLIMATE_ALPHA,Climate Alpha Fund,private_fund,long,10.8095,10.8095,10.8095,10.8095,private_fund,0.01875431252028847,0.01875431252028847,0.01875431252028847,Venture Capital / Growth,Climate Technology,Climate / Industrials,Climate Technology,Global / Multi-region,Non-classifiable,Illiquid,,mandate_proxy,proxy
2023-02-28,H_PF_COVE_SPECIALTY_FIN,H_PF_COVE_SPECIALTY_FIN,Cove Specialty Finance Fund,private_fund,long,11.1374,11.1374,11.1374,11.1374,private_fund,0.019323213864051142,0.019323213864051142,0.019323213864051142,Private Credit,Specialty Finance,Financials,Specialty Finance,North America,Non-classifiable,Illiquid,,mandate_proxy,proxy
2023-02-28,H_PF_CRESCENT_DIRECT_LEND,H_PF_CRESCENT_DIRECT_LEND,Crescent Direct Lending Fund,private_fund,long,15.9105,15.9105,15.9105,15.9105,private_fund,0.027604467306910564,0.027604467306910564,0.027604467306910564,Private Credit,Senior Direct Lending,Diversified Credit,Senior Direct Lending,North America,Non-classifiable,Illiquid,,mandate_proxy,proxy
2023-02-28,H_PF_DIGITAL_INFRA,H_PF_DIGITAL_INFRA,Horizon Digital Infrastructure Fund,private_fund,long,6.4216,6.4216,6.4216,6.4216,private_fund,0.011141375020147504,0.011141375020147504,0.011141375020147504,Infrastructure,Digital Infrastructure,Diversified,Digital Infrastructure,Global / Multi-region,Non-classifiable,Illiquid,,mandate_proxy,proxy
2023-02-28,H_PF_DRAGONBRIDGE,H_PF_DRAGONBRIDGE,DragonBridge Greater China Fund,private_fund,long,20.9201,20.9201,20.9201,20.9201,private_fund,0.036296044530800396,0.036296044530800396,0.036296044530800396,Private Equity,Asia Buyout / Greater China,Consumer / Industrials,Asia Buyout / Greater China,Greater China,Non-classifiable,Illiquid,,mandate_proxy,proxy
2023-02-28,H_PF_GLOBAL_GROWTH_II,H_PF_GLOBAL_GROWTH_II,Redwood Growth Fund II,private_fund,long,14.4127,14.412699999999997,14.412699999999997,14.412699999999997,private_fund,0.025005807859860462,0.02500580785986046,0.02500580785986046,Venture Capital / Growth,Global Growth Equity,Information Technology / Consumer,Global Growth Equity,Global / Multi-region,Non-classifiable,Illiquid,,mandate_proxy,proxy
2023-02-28,H_PF_HARBOR_PEAK_V,H_PF_HARBOR_PEAK_V,Harbor Peak Partners V,private_fund,long,22.4144,22.4144,22.4144,22.4144,private_fund,0.0388886315328881,0.0388886315328881,0.0388886315328881,Private Equity,Secondaries,Diversified / Secondaries,Secondaries,Global / Multi-region,Non-classifiable,Illiquid,,mandate_proxy,proxy
2023-02-28,H_PF_HARBOUR_CORE_RE,H_PF_HARBOUR_CORE_RE,Harbour Core Real Estate Fund,private_fund,long,16.2088,16.2088,16.2088,16.2088,private_fund,0.02812201311613412,0.02812201311613412,0.02812201311613412,Real Estate,Core Real Estate,Real Estate,Core Real Estate,Global / Multi-region,Non-classifiable,Illiquid,,mandate_proxy,proxy
2023-02-28,H_PF_HOME_MULTIFAMILY,H_PF_HOME_MULTIFAMILY,HomeStone Multifamily Fund,private_fund,long,9.7253,9.7253,9.7253,9.7253,private_fund,0.016873242569365975,0.016873242569365975,0.016873242569365975,Real Estate,US Multifamily,Residential Real Estate,US Multifamily,North America,Non-classifiable,Illiquid,,mandate_proxy,proxy
2023-02-28,H_PF_INDIA_DIGITAL,H_PF_INDIA_DIGITAL,Indigo India Digital Growth Fund,private_fund,long,8.6476,8.6476,8.6476,8.6476,private_fund,0.015003450016230779,0.015003450016230779,0.015003450016230779,Venture Capital / Growth,India Digital Growth,Information Technology,India Digital Growth,India,Non-classifiable,Illiquid,,mandate_proxy,proxy
2023-02-28,H_PF_INFRA_CORE,H_PF_INFRA_CORE,Evergreen Core Infrastructure Fund,private_fund,long,9.6324,9.6324,9.6324,9.6324,private_fund,0.01671206253022126,0.01671206253022126,0.01671206253022126,Infrastructure,Core Infrastructure,Infrastructure,Core Infrastructure,Global / Multi-region,Non-classifiable,Illiquid,,mandate_proxy,proxy
2023-02-28,H_PF_LIONROCK_CREDIT,H_PF_LIONROCK_CREDIT,LionRock Asia Private Credit Fund,private_fund,long,13.1262,13.1262,13.1262,13.1262,private_fund,0.022773750590111528,0.022773750590111528,0.022773750590111528,Private Credit,Asia Private Credit,Diversified Credit,Asia Private Credit,Southeast Asia,Non-classifiable,Illiquid,,mandate_proxy,proxy
2023-02-28,H_PF_METRO_LOGISTICS,H_PF_METRO_LOGISTICS,Metro Logistics Fund,private_fund,long,10.1305,10.1305,10.1305,10.1305,private_fund,0.017576258197583825,0.017576258197583825,0.017576258197583825,Real Estate,Logistics Real Estate,Industrial Real Estate,Logistics Real Estate,Southeast Asia,Non-classifiable,Illiquid,,mandate_proxy,proxy
2023-02-28,H_PF_NORTHSTAR_IV,H_PF_NORTHSTAR_IV,Northstar Buyout Fund IV,private_fund,long,26.1502,26.1502,26.1502,26.1502,private_fund,0.04537018578732112,0.04537018578732112,0.04537018578732112,Private Equity,Buyout,Industrials,Buyout,North America,Non-classifiable,Illiquid,,mandate_proxy,proxy
2023-02-28,H_PF_RENEWABLES_II,H_PF_RENEWABLES_II,SolarBridge Renewables Fund II,private_fund,long,8.027,8.027,8.027,8.027,private_fund,0.01392671877518438,0.01392671877518438,0.01392671877518438,Infrastructure,Renewables,Utilities / Infrastructure,Renewables,Global / Multi-region,Non-classifiable,Illiquid,,mandate_proxy,proxy
2023-02-28,H_PF_SEEDSPRING_I,H_PF_SEEDSPRING_I,SeedSpring Southeast Asia VC Fund I,private_fund,long,7.2063,7.2063,7.2063,7.2063,private_fund,0.012502817180716483,0.012502817180716483,0.012502817180716483,Venture Capital / Growth,Southeast Asia VC,Information Technology / Consumer,Southeast Asia VC,Southeast Asia,Non-classifiable,Illiquid,,mandate_proxy,proxy
2023-02-28,H_PF_SPRING_OPP_CREDIT,H_PF_SPRING_OPP_CREDIT,Spring Point Opportunistic Credit Fund,private_fund,long,13.5239,13.5239,13.5239,13.5239,private_fund,0.023463753836267105,0.023463753836267105,0.023463753836267105,Private Credit,Opportunistic Credit,Special Situations Credit,Opportunistic Credit,Global / Multi-region,Non-classifiable,Illiquid,,mandate_proxy,proxy
2023-02-28,H_QAI,H_QAI,Multi-Strategy Liquid Alternatives ETF Proxy,etf,long,5.7554,5.7554,5.7554,5.7554,etf,0.009985528496162474,0.009985528496162474,0.009985528496162474,Hedge Funds / Absolute Return,Multi-Strategy Absolute Return,Multi-Strategy,Absolute Return,Global / Multi-region,Non-classifiable,Liquid,QAI,benchmark_proxy,proxy
2023-02-28,H_QQQ,H_QQQ,Invesco QQQ Trust,etf,long,15.8996,15.8996,15.8996,15.8996,etf,0.02758555597831339,0.02758555597831339,0.02758555597831339,Global Public Equities,US Technology / Growth,Information Technology,Growth / Technology ETF,North America,Mega Cap,Liquid,QQQ,lookthrough,lookthrough
2023-02-28,H_SPY,H_SPY,SPDR S&P 500 ETF,etf,long,26.4994,26.4994,26.4994,26.4994,etf,0.04597604229614065,0.04597604229614065,0.04597604229614065,Global Public Equities,US Large Cap Core,Multi-Sector / Diversified,Broad Market ETF,North America,Multi Cap,Liquid,SPY,lookthrough,lookthrough
2023-02-28,H_SPY_PUT,H_SPY_PUT,S&P 500 Protective Put Overlay,listed_option,long,1.325,-5.3,7.949999999999999,-5.3,delta_adjusted_exposure,0.0022988541643352814,0.013793124986011688,-0.009195416657341126,Global Public Equities,Options Overlay,Multi-Sector / Diversified,Equity Index Option,North America,Multi Cap,Liquid,SPY,underlying_proxy,proxy
2023-02-28,H_TLT,H_TLT,iShares 20+ Year Treasury Bond ETF,etf,long,12.1764,12.1764,12.1764,12.1764,etf,0.021125862525745,0.021125862525745,0.021125862525745,Fixed Income & Liquid Credit,Long Duration Treasuries,Fixed Income / Sovereign,Government Bonds,North America,Non-classifiable,Liquid,TLT,benchmark_proxy,proxy
2023-02-28,H_VNQ,H_VNQ,US Listed REIT ETF Proxy,etf,long,4.9332,4.9332,4.9332,4.9332,etf,0.008559024425282122,0.008559024425282122,0.008559024425282122,Hedge Funds / Absolute Return,Listed Real Estate,Real Estate,REITs,North America,Mid Cap,Liquid,VNQ,lookthrough,lookthrough
2023-03-31,H_2800HK,H_2800HK,Tracker Fund of Hong Kong ETF,etf,long,9.7929,9.7929,9.7929,9.7929,etf,0.016624594057321737,0.016624594057321737,0.016624594057321737,Global Public Equities,Hong Kong Broad Market,Multi-Sector / Diversified,Hong Kong Equity ETF,Greater China,Large Cap,Liquid,2800.HK,lookthrough,lookthrough
2023-03-31,H_ACWI,H_ACWI,iShares MSCI ACWI ETF,etf,long,14.5227,14.5227,14.5227,14.5227,etf,0.024653983203776857,0.024653983203776857,0.024653983203776857,Global Public Equities,Global Equity Core,Multi-Sector / Diversified,Broad Market ETF,Global / Multi-region,Multi Cap,Liquid,ACWI,lookthrough,lookthrough
2023-03-31,H_AGG,H_AGG,iShares Core US Aggregate Bond ETF,etf,long,21.2211,21.2211,21.2211,21.2211,etf,0.03602530128458682,0.03602530128458682,0.03602530128458682,Fixed Income & Liquid Credit,US Aggregate Bonds,Fixed Income / Credit,Aggregate Bonds,North America,Non-classifiable,Liquid,AGG,benchmark_proxy,proxy
2023-03-31,H_BABA,H_BABA,Alibaba ADR,equity,long,5.7125,5.7125,5.7125,5.7125,equity,0.00969763742634464,0.00969763742634464,0.00969763742634464,Global Public Equities,China Internet ADR,Consumer Discretionary,Broadline Retail,Greater China,Large Cap,Liquid,BABA,direct,direct
2023-03-31,H_BIL,H_BIL,SPDR 1-3 Month T-Bill ETF,etf,long,7.0737,7.0737,7.0737,7.0737,etf,0.012008433761528941,0.012008433761528941,0.012008433761528941,Fixed Income & Liquid Credit,Treasury Bills,Fixed Income / Sovereign,Treasury Bills,North America,Non-classifiable,Liquid,BIL,benchmark_proxy,proxy
2023-03-31,H_BRKB,H_BRKB,Berkshire Hathaway Class B,equity,long,8.2293,8.2293,8.2293,8.2293,equity,0.013970200030217584,0.013970200030217584,0.013970200030217584,Global Public Equities,US Quality Compounder,Financials,Multi-Sector Holdings,North America,Mega Cap,Liquid,BRK.B,direct,direct
2023-03-31,H_CASH_HKD,H_CASH_HKD,HKD Working Capital,cash,long,2.269,2.269,2.269,2.269,cash,0.0038518930976588163,0.0038518930976588163,0.0038518930976588163,Cash & Liquidity,Cash Accounts,Cash,Cash,Global / Multi-region,Non-classifiable,Cash,,direct,direct
2023-03-31,H_CASH_JPY,H_CASH_JPY,JPY Treasury Buffer,cash,long,1.5127,1.5127,1.5127,1.5127,cash,0.0025679853190077088,0.0025679853190077088,0.0025679853190077088,Cash & Liquidity,Cash Accounts,Cash,Cash,Global / Multi-region,Non-classifiable,Cash,,direct,direct
2023-03-31,H_CASH_OPS_USD,H_CASH_OPS_USD,USD Operating Cash,cash,long,11.3449,11.3449,11.3449,11.3449,cash,0.019259295726588587,0.019259295726588587,0.019259295726588587,Cash & Liquidity,Cash Accounts,Cash,Cash,Global / Multi-region,Non-classifiable,Cash,,direct,direct
2023-03-31,H_CASH_RESERVE_USD,H_CASH_RESERVE_USD,USD Liquidity Reserve,cash,long,4.2543,4.2543,4.2543,4.2543,cash,0.0072221722368311595,0.0072221722368311595,0.0072221722368311595,Cash & Liquidity,Cash Accounts,Cash,Cash,Global / Multi-region,Non-classifiable,Cash,,direct,direct
2023-03-31,H_CASH_SGD,H_CASH_SGD,SGD Near-Term Reserve,cash,long,1.8908,1.8908,1.8908,1.8908,cash,0.0032098543274805156,0.0032098543274805156,0.0032098543274805156,Cash & Liquidity,Cash Accounts,Cash,Cash,Global / Multi-region,Non-classifiable,Cash,,direct,direct
2023-03-31,H_CNYA,H_CNYA,iShares MSCI China A ETF,etf,long,6.5286,6.5286,6.5286,6.5286,etf,0.011083062704881158,0.011083062704881158,0.011083062704881158,Global Public Equities,China A-Shares,Multi-Sector / Diversified,China A-Shares ETF,Greater China,All Cap,Liquid,CNYA,lookthrough,lookthrough
2023-03-31,H_DBC,H_DBC,Broad Commodities ETF Proxy,etf,long,6.7365,6.7365,6.7365,6.7365,etf,0.01143599729060318,0.01143599729060318,0.01143599729060318,Hedge Funds / Absolute Return,Commodities,Commodities,Broad Commodities,Global / Multi-region,Non-classifiable,Liquid,DBC,benchmark_proxy,proxy
2023-03-31,H_DBMF,H_DBMF,Managed Futures ETF Proxy,etf,long,8.4207,8.4207,8.4207,8.4207,etf,0.014295123934533095,0.014295123934533095,0.014295123934533095,Hedge Funds / Absolute Return,Managed Futures,Multi-Strategy,Managed Futures,Global / Multi-region,Non-classifiable,Liquid,DBMF,benchmark_proxy,proxy
2023-03-31,H_EEM,H_EEM,iShares MSCI Emerging Markets ETF,etf,long,5.0829,5.0829,5.0829,5.0829,etf,0.008628817728554429,0.008628817728554429,0.008628817728554429,Global Public Equities,Emerging Markets Core,Multi-Sector / Diversified,EM Equity ETF,Global / Multi-region,All Cap,Liquid,EEM,lookthrough,lookthrough
2023-03-31,H_EMB,H_EMB,iShares Emerging Markets Bond ETF,etf,long,7.0737,7.0737,7.0737,7.0737,etf,0.012008433761528941,0.012008433761528941,0.012008433761528941,Fixed Income & Liquid Credit,EM Sovereign / Credit,Fixed Income / Credit,EM Debt,Global / Multi-region,Non-classifiable,Liquid,EMB,benchmark_proxy,proxy
2023-03-31,H_ES_SHORT,H_ES_SHORT,S&P 500 Overlay Short Future,future,short,2.0573,-12.343800000000002,12.343800000000002,-12.343800000000002,signed_notional,0.0034925075671280222,0.020955045402768137,-0.020955045402768137,Global Public Equities,Equity Index Overlay,Multi-Sector / Diversified,Equity Index Future,North America,Multi Cap,Liquid,SPY,underlying_proxy,proxy
2023-03-31,H_EWJ,H_EWJ,iShares MSCI Japan ETF,etf,long,5.2019,5.2019,5.2019,5.2019,etf,0.008830834158092285,0.008830834158092285,0.008830834158092285,Global Public Equities,Japan Equities,Multi-Sector / Diversified,Japan Equity ETF,Japan,Large Cap,Liquid,EWJ,lookthrough,lookthrough
2023-03-31,H_EWS,H_EWS,iShares MSCI Singapore ETF,etf,long,2.218,2.218,2.218,2.218,etf,0.0037653146278568772,0.0037653146278568772,0.0037653146278568772,Global Public Equities,Southeast Asia Equities,Multi-Sector / Diversified,Southeast Asia Equity ETF,Southeast Asia,Large Cap,Liquid,EWS,lookthrough,lookthrough
2023-03-31,H_EWY,H_EWY,iShares MSCI South Korea ETF,etf,long,3.8208,3.8208,3.8208,3.8208,etf,0.006486255243514679,0.006486255243514679,0.006486255243514679,Global Public Equities,Korea Equities,Multi-Sector / Diversified,Korea Equity ETF,Korea,Large Cap,Liquid,EWY,lookthrough,lookthrough
2023-03-31,H_GLD,H_GLD,SPDR Gold Shares,etf,long,8.0807,8.0807,8.0807,8.0807,etf,0.013717934135853501,0.013717934135853501,0.013717934135853501,Hedge Funds / Absolute Return,Gold / Defensive,Commodities / Precious Metals,Gold,Global / Multi-region,Non-classifiable,Liquid,GLD,benchmark_proxy,proxy
2023-03-31,H_GMACRO,H_GMACRO,Global Macro Hedge Fund Sleeve,fund,long,15.1572,15.1572,15.1572,15.1572,fund,0.025731121225136273,0.025731121225136273,0.025731121225136273,Hedge Funds / Absolute Return,Global Macro,Multi-Strategy,Global Macro,Global / Multi-region,Non-classifiable,Semi-Liquid,GMACRO,mandate_proxy,proxy
2023-03-31,H_GOOGL,H_GOOGL,Alphabet Class A,equity,long,6.172,6.172,6.172,6.172,equity,0.01047769246308956,0.01047769246308956,0.01047769246308956,Global Public Equities,US Mega-cap Technology,Communication Services,Interactive Media,North America,Mega Cap,Liquid,GOOGL,direct,direct
2023-03-31,H_HSI_FUT,H_HSI_FUT,Hang Seng Index Tactical Long Future,future,long,2.0402,7.344720000000001,7.344720000000001,7.344720000000001,signed_notional,0.0034634783154885483,0.012468521935758776,0.012468521935758776,Global Public Equities,Greater China Tactical Overlay,Multi-Sector / Diversified,Equity Index Future,Greater China,Large Cap,Liquid,2800.HK,underlying_proxy,proxy
2023-03-31,H_HSTECH,H_HSTECH,Hang Seng TECH ETF-style Exposure,etf,long,8.1607,8.1607,8.1607,8.1607,etf,0.0138537435002487,0.0138537435002487,0.0138537435002487,Global Public Equities,Hong Kong / China Technology,Information Technology,Technology ETF,Greater China,Large Cap,Liquid,3067.HK,lookthrough,lookthrough
2023-03-31,H_HYG,H_HYG,iShares High Yield Corporate Bond ETF,etf,long,7.9579,7.9579,7.9579,7.9579,etf,0.013509466761506873,0.013509466761506873,0.013509466761506873,Fixed Income & Liquid Credit,High Yield Credit,Fixed Income / Credit,High Yield Credit,North America,Non-classifiable,Liquid,HYG,benchmark_proxy,proxy
2023-03-31,H_IGIB,H_IGIB,iShares 5-10 Year Investment Grade Corporate Bond ETF,etf,long,10.6105,10.6105,10.6105,10.6105,etf,0.018012565761440665,0.018012565761440665,0.018012565761440665,Fixed Income & Liquid Credit,Investment Grade Credit,Fixed Income / Credit,Investment Grade Credit,North America,Non-classifiable,Liquid,IGIB,benchmark_proxy,proxy
2023-03-31,H_INDA,H_INDA,iShares MSCI India ETF,etf,long,4.582,4.582,4.582,4.582,etf,0.007778481345734991,0.007778481345734991,0.007778481345734991,Global Public Equities,India Equities,Multi-Sector / Diversified,India Equity ETF,India,All Cap,Liquid,INDA,lookthrough,lookthrough
2023-03-31,H_JD,H_JD,JD.com ADR,equity,long,4.0804,4.0804,4.0804,4.0804,equity,0.006926956630977097,0.006926956630977097,0.006926956630977097,Global Public Equities,China E-commerce ADR,Consumer Discretionary,Broadline Retail,Greater China,Large Cap,Liquid,JD,direct,direct
2023-03-31,H_LQD,H_LQD,iShares Investment Grade Corporate Bond ETF,etf,long,7.0737,7.0737,7.0737,7.0737,etf,0.012008433761528941,0.012008433761528941,0.012008433761528941,Fixed Income & Liquid Credit,Investment Grade Credit,Fixed Income / Credit,Investment Grade Credit,North America,Non-classifiable,Liquid,LQD,benchmark_proxy,proxy
2023-03-31,H_MKTNEUT,H_MKTNEUT,Equity Market Neutral Fund Sleeve,fund,long,13.4731,13.4731,13.4731,13.4731,fund,0.022872164342911856,0.022872164342911856,0.022872164342911856,Hedge Funds / Absolute Return,Equity Market Neutral,Multi-Strategy,Equity Market Neutral,Global / Multi-region,Non-classifiable,Semi-Liquid,MKTNEUT,mandate_proxy,proxy
2023-03-31,H_MSFT,H_MSFT,Microsoft,equity,long,6.8578,6.857800000000001,6.857800000000001,6.857800000000001,equity,0.0116419182393674,0.0116419182393674,0.0116419182393674,Global Public Equities,US Mega-cap Technology,Information Technology,Software,North America,Mega Cap,Liquid,MSFT,direct,direct
2023-03-31,H_NQ_SHORT,H_NQ_SHORT,Nasdaq Overlay Short Future,future,short,1.3716,-8.2296,8.2296,-8.2296,signed_notional,0.0023284515525556775,0.013970709315334064,-0.013970709315334064,Global Public Equities,Technology Overlay,Information Technology,Equity Index Future,North America,Mega Cap,Liquid,QQQ,underlying_proxy,proxy
2023-03-31,H_NVDA,H_NVDA,NVIDIA,equity,long,5.4862,5.4862,5.4862,5.4862,equity,0.009313466686811721,0.009313466686811721,0.009313466686811721,Global Public Equities,US Semiconductor Growth,Information Technology,Semiconductors,North America,Mega Cap,Liquid,NVDA,direct,direct
2023-03-31,H_PDD,H_PDD,PDD Holdings ADR,equity,long,4.8964,4.8964,4.8964,4.8964,equity,0.008312212147808121,0.008312212147808121,0.008312212147808121,Global Public Equities,China Internet ADR,Consumer Discretionary,Broadline Retail,Greater China,Large Cap,Liquid,PDD,direct,direct
2023-03-31,H_PF_APAC_LOGISTICS,H_PF_APAC_LOGISTICS,APAC Logistics Real Estate Fund,private_fund,long,6.5725,6.5725,6.5725,6.5725,private_fund,0.011157588093593022,0.011157588093593022,0.011157588093593022,Real Estate,APAC Logistics,Industrial Real Estate,APAC Logistics,Japan,Non-classifiable,Illiquid,,mandate_proxy,proxy
2023-03-31,H_PF_APEX_SECONDARIES_II,H_PF_APEX_SECONDARIES_II,Apex Secondaries Fund II,private_fund,long,15.1757,15.1757,15.1757,15.1757,private_fund,0.025762527140652667,0.025762527140652667,0.025762527140652667,Private Equity,Secondaries,Diversified / Secondaries,Secondaries,Global / Multi-region,Non-classifiable,Illiquid,,mandate_proxy,proxy
2023-03-31,H_PF_ATLAS_COINV_I,H_PF_ATLAS_COINV_I,Atlas Co-Investment Fund I,private_fund,long,16.6933,16.6933,16.6933,16.6933,private_fund,0.02833883078322958,0.02833883078322958,0.02833883078322958,Private Equity,Co-investment,Business Services,Co-investment,North America,Non-classifiable,Illiquid,,mandate_proxy,proxy
2023-03-31,H_PF_BLUE_HORIZON_III,H_PF_BLUE_HORIZON_III,Blue Horizon Ventures III,private_fund,long,13.2553,13.2553,13.2553,13.2553,private_fund,0.022502423348345926,0.022502423348345926,0.022502423348345926,Venture Capital / Growth,US Technology VC,Information Technology,US Technology VC,North America,Non-classifiable,Illiquid,,mandate_proxy,proxy
2023-03-31,H_PF_CLIMATE_ALPHA,H_PF_CLIMATE_ALPHA,Climate Alpha Fund,private_fund,long,11.046,11.046,11.046,11.046,private_fund,0.018751877988867027,0.018751877988867027,0.018751877988867027,Venture Capital / Growth,Climate Technology,Climate / Industrials,Climate Technology,Global / Multi-region,Non-classifiable,Illiquid,,mandate_proxy,proxy
2023-03-31,H_PF_COVE_SPECIALTY_FIN,H_PF_COVE_SPECIALTY_FIN,Cove Specialty Finance Fund,private_fund,long,11.2673,11.2673,11.2673,11.2673,private_fund,0.019127560643125246,0.019127560643125246,0.019127560643125246,Private Credit,Specialty Finance,Financials,Specialty Finance,North America,Non-classifiable,Illiquid,,mandate_proxy,proxy
2023-03-31,H_PF_CRESCENT_DIRECT_LEND,H_PF_CRESCENT_DIRECT_LEND,Crescent Direct Lending Fund,private_fund,long,16.0961,16.0961,16.0961,16.0961,private_fund,0.027325013878019423,0.027325013878019423,0.027325013878019423,Private Credit,Senior Direct Lending,Diversified Credit,Senior Direct Lending,North America,Non-classifiable,Illiquid,,mandate_proxy,proxy
2023-03-31,H_PF_DIGITAL_INFRA,H_PF_DIGITAL_INFRA,Horizon Digital Infrastructure Fund,private_fund,long,6.5031,6.5031,6.5031,6.5031,private_fund,0.011039773469980188,0.011039773469980188,0.011039773469980188,Infrastructure,Digital Infrastructure,Diversified,Digital Infrastructure,Global / Multi-region,Non-classifiable,Illiquid,,mandate_proxy,proxy
2023-03-31,H_PF_DRAGONBRIDGE,H_PF_DRAGONBRIDGE,DragonBridge Greater China Fund,private_fund,long,21.246,21.246,21.246,21.246,private_fund,0.03606757194925483,0.03606757194925483,0.03606757194925483,Private Equity,Asia Buyout / Greater China,Consumer / Industrials,Asia Buyout / Greater China,Greater China,Non-classifiable,Illiquid,,mandate_proxy,proxy
2023-03-31,H_PF_GLOBAL_GROWTH_II,H_PF_GLOBAL_GROWTH_II,Redwood Growth Fund II,private_fund,long,14.7281,14.7281,14.7281,14.7281,private_fund,0.025002673746861527,0.025002673746861527,0.025002673746861527,Venture Capital / Growth,Global Growth Equity,Information Technology / Consumer,Global Growth Equity,Global / Multi-region,Non-classifiable,Illiquid,,mandate_proxy,proxy
2023-03-31,H_PF_HARBOR_PEAK_V,H_PF_HARBOR_PEAK_V,Harbor Peak Partners V,private_fund,long,22.7635,22.7635,22.7635,22.7635,private_fund,0.03864370583012625,0.03864370583012625,0.03864370583012625,Private Equity,Secondaries,Diversified / Secondaries,Secondaries,Global / Multi-region,Non-classifiable,Illiquid,,mandate_proxy,proxy
2023-03-31,H_PF_HARBOUR_CORE_RE,H_PF_HARBOUR_CORE_RE,Harbour Core Real Estate Fund,private_fund,long,16.4312,16.4312,16.4312,16.4312,private_fund,0.02789388535312981,0.02789388535312981,0.02789388535312981,Real Estate,Core Real Estate,Real Estate,Core Real Estate,Global / Multi-region,Non-classifiable,Illiquid,,mandate_proxy,proxy
2023-03-31,H_PF_HOME_MULTIFAMILY,H_PF_HOME_MULTIFAMILY,HomeStone Multifamily Fund,private_fund,long,9.8587,9.8587,9.8587,9.8587,private_fund,0.01673629725953679,0.01673629725953679,0.01673629725953679,Real Estate,US Multifamily,Residential Real Estate,US Multifamily,North America,Non-classifiable,Illiquid,,mandate_proxy,proxy
2023-03-31,H_PF_INDIA_DIGITAL,H_PF_INDIA_DIGITAL,Indigo India Digital Growth Fund,private_fund,long,8.8368,8.8368,8.8368,8.8368,private_fund,0.015001502391093621,0.015001502391093621,0.015001502391093621,Venture Capital / Growth,India Digital Growth,Information Technology,India Digital Growth,India,Non-classifiable,Illiquid,,mandate_proxy,proxy
2023-03-31,H_PF_INFRA_CORE,H_PF_INFRA_CORE,Evergreen Core Infrastructure Fund,private_fund,long,9.7546,9.7546,9.7546,9.7546,private_fund,0.016559575324117535,0.016559575324117535,0.016559575324117535,Infrastructure,Core Infrastructure,Infrastructure,Core Infrastructure,Global / Multi-region,Non-classifiable,Illiquid,,mandate_proxy,proxy
2023-03-31,H_PF_LIONROCK_CREDIT,H_PF_LIONROCK_CREDIT,LionRock Asia Private Credit Fund,private_fund,long,13.2793,13.2793,13.2793,13.2793,private_fund,0.022543166157664482,0.022543166157664482,0.022543166157664482,Private Credit,Asia Private Credit,Diversified Credit,Asia Private Credit,Southeast Asia,Non-classifiable,Illiquid,,mandate_proxy,proxy
2023-03-31,H_PF_METRO_LOGISTICS,H_PF_METRO_LOGISTICS,Metro Logistics Fund,private_fund,long,10.2695,10.2695,10.2695,10.2695,private_fund,0.01743367834570613,0.01743367834570613,0.01743367834570613,Real Estate,Logistics Real Estate,Industrial Real Estate,Logistics Real Estate,Southeast Asia,Non-classifiable,Illiquid,,mandate_proxy,proxy
2023-03-31,H_PF_NORTHSTAR_IV,H_PF_NORTHSTAR_IV,Northstar Buyout Fund IV,private_fund,long,26.5575,26.5575,26.5575,26.5575,private_fund,0.045084464936568536,0.045084464936568536,0.045084464936568536,Private Equity,Buyout,Industrials,Buyout,North America,Non-classifiable,Illiquid,,mandate_proxy,proxy
2023-03-31,H_PF_RENEWABLES_II,H_PF_RENEWABLES_II,SolarBridge Renewables Fund II,private_fund,long,8.1288,8.1288,8.1288,8.1288,private_fund,0.013799589516196115,0.013799589516196115,0.013799589516196115,Infrastructure,Renewables,Utilities / Infrastructure,Renewables,Global / Multi-region,Non-classifiable,Illiquid,,mandate_proxy,proxy
2023-03-31,H_PF_SEEDSPRING_I,H_PF_SEEDSPRING_I,SeedSpring Southeast Asia VC Fund I,private_fund,long,7.364,7.363999999999999,7.363999999999999,7.363999999999999,private_fund,0.012501251992578018,0.012501251992578016,0.012501251992578016,Venture Capital / Growth,Southeast Asia VC,Information Technology / Consumer,Southeast Asia VC,Southeast Asia,Non-classifiable,Illiquid,,mandate_proxy,proxy
2023-03-31,H_PF_SPRING_OPP_CREDIT,H_PF_SPRING_OPP_CREDIT,Spring Point Opportunistic Credit Fund,private_fund,long,13.6817,13.6817,13.6817,13.6817,private_fund,0.023226287260572333,0.023226287260572333,0.023226287260572333,Private Credit,Opportunistic Credit,Special Situations Credit,Opportunistic Credit,Global / Multi-region,Non-classifiable,Illiquid,,mandate_proxy,proxy
2023-03-31,H_QAI,H_QAI,Multi-Strategy Liquid Alternatives ETF Proxy,etf,long,5.8945,5.8945,5.8945,5.8945,etf,0.010006603730343715,0.010006603730343715,0.010006603730343715,Hedge Funds / Absolute Return,Multi-Strategy Absolute Return,Multi-Strategy,Absolute Return,Global / Multi-region,Non-classifiable,Liquid,QAI,benchmark_proxy,proxy
2023-03-31,H_QQQ,H_QQQ,Invesco QQQ Trust,etf,long,16.4587,16.4587,16.4587,16.4587,etf,0.02794056982214066,0.02794056982214066,0.02794056982214066,Global Public Equities,US Technology / Growth,Information Technology,Growth / Technology ETF,North America,Mega Cap,Liquid,QQQ,lookthrough,lookthrough
2023-03-31,H_SPY,H_SPY,SPDR S&P 500 ETF,etf,long,27.4311,27.4311,27.4311,27.4311,etf,0.0465675031957641,0.0465675031957641,0.0465675031957641,Global Public Equities,US Large Cap Core,Multi-Sector / Diversified,Broad Market ETF,North America,Multi Cap,Liquid,SPY,lookthrough,lookthrough
2023-03-31,H_SPY_PUT,H_SPY_PUT,S&P 500 Protective Put Overlay,listed_option,long,1.3716,-5.4864,8.2296,-5.4864,delta_adjusted_exposure,0.0023284515525556775,0.013970709315334064,-0.00931380621022271,Global Public Equities,Options Overlay,Multi-Sector / Diversified,Equity Index Option,North America,Multi Cap,Liquid,SPY,underlying_proxy,proxy
2023-03-31,H_TLT,H_TLT,iShares 20+ Year Treasury Bond ETF,etf,long,12.379,12.379,12.379,12.379,etf,0.02101480152310202,0.02101480152310202,0.02101480152310202,Fixed Income & Liquid Credit,Long Duration Treasuries,Fixed Income / Sovereign,Government Bonds,North America,Non-classifiable,Liquid,TLT,benchmark_proxy,proxy
2023-03-31,H_VNQ,H_VNQ,US Listed REIT ETF Proxy,etf,long,5.0524,5.0524,5.0524,5.0524,etf,0.008577040408378757,0.008577040408378757,0.008577040408378757,Hedge Funds / Absolute Return,Listed Real Estate,Real Estate,REITs,North America,Mid Cap,Liquid,VNQ,lookthrough,lookthrough
2023-04-30,H_2800HK,H_2800HK,Tracker Fund of Hong Kong ETF,etf,long,10.2293,10.2293,10.2293,10.2293,etf,0.016996746802756285,0.016996746802756285,0.016996746802756285,Global Public Equities,Hong Kong Broad Market,Multi-Sector / Diversified,Hong Kong Equity ETF,Greater China,Large Cap,Liquid,2800.HK,lookthrough,lookthrough
2023-04-30,H_ACWI,H_ACWI,iShares MSCI ACWI ETF,etf,long,14.9712,14.9712,14.9712,14.9712,etf,0.024875768208325585,0.024875768208325585,0.024875768208325585,Global Public Equities,Global Equity Core,Multi-Sector / Diversified,Broad Market ETF,Global / Multi-region,Multi Cap,Liquid,ACWI,lookthrough,lookthrough
2023-04-30,H_AGG,H_AGG,iShares Core US Aggregate Bond ETF,etf,long,21.5692,21.5692,21.5692,21.5692,etf,0.03583883854594262,0.03583883854594262,0.03583883854594262,Fixed Income & Liquid Credit,US Aggregate Bonds,Fixed Income / Credit,Aggregate Bonds,North America,Non-classifiable,Liquid,AGG,benchmark_proxy,proxy
2023-04-30,H_BABA,H_BABA,Alibaba ADR,equity,long,5.9671,5.9671,5.9671,5.9671,equity,0.009914782814730924,0.009914782814730924,0.009914782814730924,Global Public Equities,China Internet ADR,Consumer Discretionary,Broadline Retail,Greater China,Large Cap,Liquid,BABA,direct,direct
2023-04-30,H_BIL,H_BIL,SPDR 1-3 Month T-Bill ETF,etf,long,7.1897,7.1897,7.1897,7.1897,etf,0.011946224129488515,0.011946224129488515,0.011946224129488515,Fixed Income & Liquid Credit,Treasury Bills,Fixed Income / Sovereign,Treasury Bills,North America,Non-classifiable,Liquid,BIL,benchmark_proxy,proxy
2023-04-30,H_BRKB,H_BRKB,Berkshire Hathaway Class B,equity,long,8.524,8.524,8.524,8.524,equity,0.014163263346142412,0.014163263346142412,0.014163263346142412,Global Public Equities,US Quality Compounder,Financials,Multi-Sector Holdings,North America,Mega Cap,Liquid,BRK.B,direct,direct
2023-04-30,H_CASH_HKD,H_CASH_HKD,HKD Working Capital,cash,long,2.2779,2.2779,2.2779,2.2779,cash,0.003784901170363421,0.003784901170363421,0.003784901170363421,Cash & Liquidity,Cash Accounts,Cash,Cash,Global / Multi-region,Non-classifiable,Cash,,direct,direct
2023-04-30,H_CASH_JPY,H_CASH_JPY,JPY Treasury Buffer,cash,long,1.5186,1.5186,1.5186,1.5186,cash,0.0025232674469089474,0.0025232674469089474,0.0025232674469089474,Cash & Liquidity,Cash Accounts,Cash,Cash,Global / Multi-region,Non-classifiable,Cash,,direct,direct
2023-04-30,H_CASH_OPS_USD,H_CASH_OPS_USD,USD Operating Cash,cash,long,11.3895,11.3895,11.3895,11.3895,cash,0.018924505851817104,0.018924505851817104,0.018924505851817104,Cash & Liquidity,Cash Accounts,Cash,Cash,Global / Multi-region,Non-classifiable,Cash,,direct,direct
2023-04-30,H_CASH_RESERVE_USD,H_CASH_RESERVE_USD,USD Liquidity Reserve,cash,long,4.2711,4.2711,4.2711,4.2711,cash,0.007096752003485318,0.007096752003485318,0.007096752003485318,Cash & Liquidity,Cash Accounts,Cash,Cash,Global / Multi-region,Non-classifiable,Cash,,direct,direct
2023-04-30,H_CASH_SGD,H_CASH_SGD,SGD Near-Term Reserve,cash,long,1.8983,1.8983,1.8983,1.8983,cash,0.0031541673873747237,0.0031541673873747237,0.0031541673873747237,Cash & Liquidity,Cash Accounts,Cash,Cash,Global / Multi-region,Non-classifiable,Cash,,direct,direct
2023-04-30,H_CNYA,H_CNYA,iShares MSCI China A ETF,etf,long,6.8195,6.8195,6.8195,6.8195,etf,0.011331109149345164,0.011331109149345164,0.011331109149345164,Global Public Equities,China A-Shares,Multi-Sector / Diversified,China A-Shares ETF,Greater China,All Cap,Liquid,CNYA,lookthrough,lookthrough
2023-04-30,H_DBC,H_DBC,Broad Commodities ETF Proxy,etf,long,6.8921,6.8921,6.8921,6.8921,etf,0.01145173947770391,0.01145173947770391,0.01145173947770391,Hedge Funds / Absolute Return,Commodities,Commodities,Broad Commodities,Global / Multi-region,Non-classifiable,Liquid,DBC,benchmark_proxy,proxy
2023-04-30,H_DBMF,H_DBMF,Managed Futures ETF Proxy,etf,long,8.6151,8.6151,8.6151,8.6151,etf,0.014314632807760618,0.014314632807760618,0.014314632807760618,Hedge Funds / Absolute Return,Managed Futures,Multi-Strategy,Managed Futures,Global / Multi-region,Non-classifiable,Liquid,DBMF,benchmark_proxy,proxy
2023-04-30,H_EEM,H_EEM,iShares MSCI Emerging Markets ETF,etf,long,5.2399,5.2399,5.2399,5.2399,etf,0.008706485641418538,0.008706485641418538,0.008706485641418538,Global Public Equities,Emerging Markets Core,Multi-Sector / Diversified,EM Equity ETF,Global / Multi-region,All Cap,Liquid,EEM,lookthrough,lookthrough
2023-04-30,H_EMB,H_EMB,iShares Emerging Markets Bond ETF,etf,long,7.1897,7.1897,7.1897,7.1897,etf,0.011946224129488515,0.011946224129488515,0.011946224129488515,Fixed Income & Liquid Credit,EM Sovereign / Credit,Fixed Income / Credit,EM Debt,Global / Multi-region,Non-classifiable,Liquid,EMB,benchmark_proxy,proxy
2023-04-30,H_ES_SHORT,H_ES_SHORT,S&P 500 Overlay Short Future,future,short,2.131,-12.785999999999998,12.785999999999998,-12.785999999999998,signed_notional,0.003540815836535603,0.021244895019213617,-0.021244895019213617,Global Public Equities,Equity Index Overlay,Multi-Sector / Diversified,Equity Index Future,North America,Multi Cap,Liquid,SPY,underlying_proxy,proxy
2023-04-30,H_EWJ,H_EWJ,iShares MSCI Japan ETF,etf,long,5.3655,5.3655,5.3655,5.3655,etf,0.00891517943262871,0.00891517943262871,0.00891517943262871,Global Public Equities,Japan Equities,Multi-Sector / Diversified,Japan Equity ETF,Japan,Large Cap,Liquid,EWJ,lookthrough,lookthrough
2023-04-30,H_EWS,H_EWS,iShares MSCI Singapore ETF,etf,long,2.2932,2.2932,2.2932,2.2932,etf,0.00381032326435638,0.00381032326435638,0.00381032326435638,Global Public Equities,Southeast Asia Equities,Multi-Sector / Diversified,Southeast Asia Equity ETF,Southeast Asia,Large Cap,Liquid,EWS,lookthrough,lookthrough
2023-04-30,H_EWY,H_EWY,iShares MSCI South Korea ETF,etf,long,3.9562,3.9562,3.9562,3.9562,etf,0.006573522108166191,0.006573522108166191,0.006573522108166191,Global Public Equities,Korea Equities,Multi-Sector / Diversified,Korea Equity ETF,Korea,Large Cap,Liquid,EWY,lookthrough,lookthrough
2023-04-30,H_GLD,H_GLD,SPDR Gold Shares,etf,long,8.3142,8.3142,8.3142,8.3142,etf,0.01381466495923243,0.01381466495923243,0.01381466495923243,Hedge Funds / Absolute Return,Gold / Defensive,Commodities / Precious Metals,Gold,Global / Multi-region,Non-classifiable,Liquid,GLD,benchmark_proxy,proxy
2023-04-30,H_GMACRO,H_GMACRO,Global Macro Hedge Fund Sleeve,fund,long,15.5072,15.507200000000001,15.507200000000001,15.507200000000001,fund,0.025766372285464526,0.02576637228546453,0.02576637228546453,Hedge Funds / Absolute Return,Global Macro,Multi-Strategy,Global Macro,Global / Multi-region,Non-classifiable,Semi-Liquid,GMACRO,mandate_proxy,proxy
2023-04-30,H_GOOGL,H_GOOGL,Alphabet Class A,equity,long,6.393,6.392999999999999,6.392999999999999,6.392999999999999,equity,0.01062244750960681,0.010622447509606808,0.010622447509606808,Global Public Equities,US Mega-cap Technology,Communication Services,Interactive Media,North America,Mega Cap,Liquid,GOOGL,direct,direct
2023-04-30,H_HSI_FUT,H_HSI_FUT,Hang Seng Index Tactical Long Future,future,long,2.1311,7.6719599999999994,7.6719599999999994,7.6719599999999994,signed_notional,0.0035409819940126815,0.012747535178445651,0.012747535178445651,Global Public Equities,Greater China Tactical Overlay,Multi-Sector / Diversified,Equity Index Future,Greater China,Large Cap,Liquid,2800.HK,underlying_proxy,proxy
2023-04-30,H_HSTECH,H_HSTECH,Hang Seng TECH ETF-style Exposure,etf,long,8.5244,8.5244,8.5244,8.5244,etf,0.014163927976050726,0.014163927976050726,0.014163927976050726,Global Public Equities,Hong Kong / China Technology,Information Technology,Technology ETF,Greater China,Large Cap,Liquid,3067.HK,lookthrough,lookthrough
2023-04-30,H_HYG,H_HYG,iShares High Yield Corporate Bond ETF,etf,long,8.0885,8.0885,8.0885,8.0885,etf,0.013439647533467023,0.013439647533467023,0.013439647533467023,Fixed Income & Liquid Credit,High Yield Credit,Fixed Income / Credit,High Yield Credit,North America,Non-classifiable,Liquid,HYG,benchmark_proxy,proxy
2023-04-30,H_IGIB,H_IGIB,iShares 5-10 Year Investment Grade Corporate Bond ETF,etf,long,10.7846,10.7846,10.7846,10.7846,etf,0.01791941927297131,0.01791941927297131,0.01791941927297131,Fixed Income & Liquid Credit,Investment Grade Credit,Fixed Income / Credit,Investment Grade Credit,North America,Non-classifiable,Liquid,IGIB,benchmark_proxy,proxy
2023-04-30,H_INDA,H_INDA,iShares MSCI India ETF,etf,long,4.7788,4.7788,4.7788,4.7788,etf,0.007940333514611141,0.007940333514611141,0.007940333514611141,Global Public Equities,India Equities,Multi-Sector / Diversified,India Equity ETF,India,All Cap,Liquid,INDA,lookthrough,lookthrough
2023-04-30,H_JD,H_JD,JD.com ADR,equity,long,4.2622,4.2622,4.2622,4.2622,equity,0.007081963988025363,0.007081963988025363,0.007081963988025363,Global Public Equities,China E-commerce ADR,Consumer Discretionary,Broadline Retail,Greater China,Large Cap,Liquid,JD,direct,direct
2023-04-30,H_LQD,H_LQD,iShares Investment Grade Corporate Bond ETF,etf,long,7.1897,7.1897,7.1897,7.1897,etf,0.011946224129488515,0.011946224129488515,0.011946224129488515,Fixed Income & Liquid Credit,Investment Grade Credit,Fixed Income / Credit,Investment Grade Credit,North America,Non-classifiable,Liquid,LQD,benchmark_proxy,proxy
2023-04-30,H_MKTNEUT,H_MKTNEUT,Equity Market Neutral Fund Sleeve,fund,long,13.7842,13.7842,13.7842,13.7842,fund,0.02290347895540782,0.02290347895540782,0.02290347895540782,Hedge Funds / Absolute Return,Equity Market Neutral,Multi-Strategy,Equity Market Neutral,Global / Multi-region,Non-classifiable,Semi-Liquid,MKTNEUT,mandate_proxy,proxy
2023-04-30,H_MSFT,H_MSFT,Microsoft,equity,long,7.1033,7.1033,7.1033,7.1033,equity,0.011802664069292984,0.011802664069292984,0.011802664069292984,Global Public Equities,US Mega-cap Technology,Information Technology,Software,North America,Mega Cap,Liquid,MSFT,direct,direct
2023-04-30,H_NQ_SHORT,H_NQ_SHORT,Nasdaq Overlay Short Future,future,short,1.4207,-8.5242,8.5242,-8.5242,signed_notional,0.0023605992768494285,0.01416359566109657,-0.01416359566109657,Global Public Equities,Technology Overlay,Information Technology,Equity Index Future,North America,Mega Cap,Liquid,QQQ,underlying_proxy,proxy
2023-04-30,H_NVDA,H_NVDA,NVIDIA,equity,long,5.6827,5.6827,5.6827,5.6827,equity,0.009442230949920635,0.009442230949920635,0.009442230949920635,Global Public Equities,US Semiconductor Growth,Information Technology,Semiconductors,North America,Mega Cap,Liquid,NVDA,direct,direct
2023-04-30,H_PDD,H_PDD,PDD Holdings ADR,equity,long,5.1146,5.1146,5.1146,5.1146,equity,0.008498290322639605,0.008498290322639605,0.008498290322639605,Global Public Equities,China Internet ADR,Consumer Discretionary,Broadline Retail,Greater China,Large Cap,Liquid,PDD,direct,direct
2023-04-30,H_PF_APAC_LOGISTICS,H_PF_APAC_LOGISTICS,APAC Logistics Real Estate Fund,private_fund,long,6.6568,6.6568,6.6568,6.6568,private_fund,0.011060770934138996,0.011060770934138996,0.011060770934138996,Real Estate,APAC Logistics,Industrial Real Estate,APAC Logistics,Japan,Non-classifiable,Illiquid,,mandate_proxy,proxy
2023-04-30,H_PF_APEX_SECONDARIES_II,H_PF_APEX_SECONDARIES_II,Apex Secondaries Fund II,private_fund,long,15.4208,15.4208,15.4208,15.4208,private_fund,0.025622812225268996,0.025622812225268996,0.025622812225268996,Private Equity,Secondaries,Diversified / Secondaries,Secondaries,Global / Multi-region,Non-classifiable,Illiquid,,mandate_proxy,proxy
2023-04-30,H_PF_ATLAS_COINV_I,H_PF_ATLAS_COINV_I,Atlas Co-Investment Fund I,private_fund,long,16.9629,16.9629,16.9629,16.9629,private_fund,0.028185126679291312,0.028185126679291312,0.028185126679291312,Private Equity,Co-investment,Business Services,Co-investment,North America,Non-classifiable,Illiquid,,mandate_proxy,proxy
2023-04-30,H_PF_BLUE_HORIZON_III,H_PF_BLUE_HORIZON_III,Blue Horizon Ventures III,private_fund,long,13.5392,13.5392,13.5392,13.5392,private_fund,0.022496393136566324,0.022496393136566324,0.022496393136566324,Venture Capital / Growth,US Technology VC,Information Technology,US Technology VC,North America,Non-classifiable,Illiquid,,mandate_proxy,proxy
2023-04-30,H_PF_CLIMATE_ALPHA,H_PF_CLIMATE_ALPHA,Climate Alpha Fund,private_fund,long,11.2827,11.2827,11.2827,11.2827,private_fund,0.01874704966629763,0.01874704966629763,0.01874704966629763,Venture Capital / Growth,Climate Technology,Climate / Industrials,Climate Technology,Global / Multi-region,Non-classifiable,Illiquid,,mandate_proxy,proxy
2023-04-30,H_PF_COVE_SPECIALTY_FIN,H_PF_COVE_SPECIALTY_FIN,Cove Specialty Finance Fund,private_fund,long,11.3928,11.3928,11.3928,11.3928,private_fund,0.018929989048560684,0.018929989048560684,0.018929989048560684,Private Credit,Specialty Finance,Financials,Specialty Finance,North America,Non-classifiable,Illiquid,,mandate_proxy,proxy
2023-04-30,H_PF_CRESCENT_DIRECT_LEND,H_PF_CRESCENT_DIRECT_LEND,Crescent Direct Lending Fund,private_fund,long,16.2755,16.2755,16.2755,16.2755,private_fund,0.027042960181856035,0.027042960181856035,0.027042960181856035,Private Credit,Senior Direct Lending,Diversified Credit,Senior Direct Lending,North America,Non-classifiable,Illiquid,,mandate_proxy,proxy
2023-04-30,H_PF_DIGITAL_INFRA,H_PF_DIGITAL_INFRA,Horizon Digital Infrastructure Fund,private_fund,long,6.5783,6.5783,6.5783,6.5783,private_fund,0.010930337314632641,0.010930337314632641,0.010930337314632641,Infrastructure,Digital Infrastructure,Diversified,Digital Infrastructure,Global / Multi-region,Non-classifiable,Illiquid,,mandate_proxy,proxy
2023-04-30,H_PF_DRAGONBRIDGE,H_PF_DRAGONBRIDGE,DragonBridge Greater China Fund,private_fund,long,21.5891,21.5891,21.5891,21.5891,private_fund,0.03587190388388117,0.03587190388388117,0.03587190388388117,Private Equity,Asia Buyout / Greater China,Consumer / Industrials,Asia Buyout / Greater China,Greater China,Non-classifiable,Illiquid,,mandate_proxy,proxy
2023-04-30,H_PF_GLOBAL_GROWTH_II,H_PF_GLOBAL_GROWTH_II,Redwood Growth Fund II,private_fund,long,15.0436,15.0436,15.0436,15.0436,private_fund,0.024996066221730173,0.024996066221730173,0.024996066221730173,Venture Capital / Growth,Global Growth Equity,Information Technology / Consumer,Global Growth Equity,Global / Multi-region,Non-classifiable,Illiquid,,mandate_proxy,proxy
2023-04-30,H_PF_HARBOR_PEAK_V,H_PF_HARBOR_PEAK_V,Harbor Peak Partners V,private_fund,long,23.1312,23.1312,23.1312,23.1312,private_fund,0.038434218337903496,0.038434218337903496,0.038434218337903496,Private Equity,Secondaries,Diversified / Secondaries,Secondaries,Global / Multi-region,Non-classifiable,Illiquid,,mandate_proxy,proxy
2023-04-30,H_PF_HARBOUR_CORE_RE,H_PF_HARBOUR_CORE_RE,Harbour Core Real Estate Fund,private_fund,long,16.6421,16.6421,16.6421,16.6421,private_fund,0.027652093492824572,0.027652093492824572,0.027652093492824572,Real Estate,Core Real Estate,Real Estate,Core Real Estate,Global / Multi-region,Non-classifiable,Illiquid,,mandate_proxy,proxy
2023-04-30,H_PF_HOME_MULTIFAMILY,H_PF_HOME_MULTIFAMILY,HomeStone Multifamily Fund,private_fund,long,9.9853,9.9853,9.9853,9.9853,private_fund,0.016591322558685576,0.016591322558685576,0.016591322558685576,Real Estate,US Multifamily,Residential Real Estate,US Multifamily,North America,Non-classifiable,Illiquid,,mandate_proxy,proxy
2023-04-30,H_PF_INDIA_DIGITAL,H_PF_INDIA_DIGITAL,Indigo India Digital Growth Fund,private_fund,long,9.0261,9.0261,9.0261,9.0261,private_fund,0.014997540038551856,0.014997540038551856,0.014997540038551856,Venture Capital / Growth,India Digital Growth,Information Technology,India Digital Growth,India,Non-classifiable,Illiquid,,mandate_proxy,proxy
2023-04-30,H_PF_INFRA_CORE,H_PF_INFRA_CORE,Evergreen Core Infrastructure Fund,private_fund,long,9.8674,9.8674,9.8674,9.8674,private_fund,0.016395422893210422,0.016395422893210422,0.016395422893210422,Infrastructure,Core Infrastructure,Infrastructure,Core Infrastructure,Global / Multi-region,Non-classifiable,Illiquid,,mandate_proxy,proxy
2023-04-30,H_PF_LIONROCK_CREDIT,H_PF_LIONROCK_CREDIT,LionRock Asia Private Credit Fund,private_fund,long,13.4273,13.4273,13.4273,13.4273,private_fund,0.022310462919715866,0.022310462919715866,0.022310462919715866,Private Credit,Asia Private Credit,Diversified Credit,Asia Private Credit,Southeast Asia,Non-classifiable,Illiquid,,mandate_proxy,proxy
2023-04-30,H_PF_METRO_LOGISTICS,H_PF_METRO_LOGISTICS,Metro Logistics Fund,private_fund,long,10.4013,10.4013,10.4013,10.4013,private_fund,0.017282537663330724,0.017282537663330724,0.017282537663330724,Real Estate,Logistics Real Estate,Industrial Real Estate,Logistics Real Estate,Southeast Asia,Non-classifiable,Illiquid,,mandate_proxy,proxy
2023-04-30,H_PF_NORTHSTAR_IV,H_PF_NORTHSTAR_IV,Northstar Buyout Fund IV,private_fund,long,26.9864,26.9864,26.9864,26.9864,private_fund,0.044839921394220744,0.044839921394220744,0.044839921394220744,Private Equity,Buyout,Industrials,Buyout,North America,Non-classifiable,Illiquid,,mandate_proxy,proxy
2023-04-30,H_PF_RENEWABLES_II,H_PF_RENEWABLES_II,SolarBridge Renewables Fund II,private_fund,long,8.2229,8.2229,8.2229,8.2229,private_fund,0.01366296318266007,0.01366296318266007,0.01366296318266007,Infrastructure,Renewables,Utilities / Infrastructure,Renewables,Global / Multi-region,Non-classifiable,Illiquid,,mandate_proxy,proxy
2023-04-30,H_PF_SEEDSPRING_I,H_PF_SEEDSPRING_I,SeedSpring Southeast Asia VC Fund I,private_fund,long,7.5218,7.5218,7.5218,7.5218,private_fund,0.012498033110865087,0.012498033110865087,0.012498033110865087,Venture Capital / Growth,Southeast Asia VC,Information Technology / Consumer,Southeast Asia VC,Southeast Asia,Non-classifiable,Illiquid,,mandate_proxy,proxy
2023-04-30,H_PF_SPRING_OPP_CREDIT,H_PF_SPRING_OPP_CREDIT,Spring Point Opportunistic Credit Fund,private_fund,long,13.8342,13.8342,13.8342,13.8342,private_fund,0.022986557693946898,0.022986557693946898,0.022986557693946898,Private Credit,Opportunistic Credit,Special Situations Credit,Opportunistic Credit,Global / Multi-region,Non-classifiable,Illiquid,,mandate_proxy,proxy
2023-04-30,H_QAI,H_QAI,Multi-Strategy Liquid Alternatives ETF Proxy,etf,long,6.0306,6.0306,6.0306,6.0306,etf,0.010020292812675555,0.010020292812675555,0.010020292812675555,Hedge Funds / Absolute Return,Multi-Strategy Absolute Return,Multi-Strategy,Absolute Return,Global / Multi-region,Non-classifiable,Liquid,QAI,benchmark_proxy,proxy
2023-04-30,H_QQQ,H_QQQ,Invesco QQQ Trust,etf,long,17.048,17.048,17.048,17.048,etf,0.028326526692284824,0.028326526692284824,0.028326526692284824,Global Public Equities,US Technology / Growth,Information Technology,Growth / Technology ETF,North America,Mega Cap,Liquid,QQQ,lookthrough,lookthrough
2023-04-30,H_SPY,H_SPY,SPDR S&P 500 ETF,etf,long,28.4133,28.4133,28.4133,28.4133,etf,0.04721082243464902,0.04721082243464902,0.04721082243464902,Global Public Equities,US Large Cap Core,Multi-Sector / Diversified,Broad Market ETF,North America,Multi Cap,Liquid,SPY,lookthrough,lookthrough
2023-04-30,H_SPY_PUT,H_SPY_PUT,S&P 500 Protective Put Overlay,listed_option,long,1.4207,-5.6828,8.5242,-5.6828,delta_adjusted_exposure,0.0023605992768494285,0.01416359566109657,-0.009442397107397714,Global Public Equities,Options Overlay,Multi-Sector / Diversified,Equity Index Option,North America,Multi Cap,Liquid,SPY,underlying_proxy,proxy
2023-04-30,H_TLT,H_TLT,iShares 20+ Year Treasury Bond ETF,etf,long,12.582,12.582,12.582,12.582,etf,0.02090593376597417,0.02090593376597417,0.02090593376597417,Fixed Income & Liquid Credit,Long Duration Treasuries,Fixed Income / Sovereign,Government Bonds,North America,Non-classifiable,Liquid,TLT,benchmark_proxy,proxy
2023-04-30,H_VNQ,H_VNQ,US Listed REIT ETF Proxy,etf,long,5.1691,5.1691,5.1691,5.1691,etf,0.008588846147647202,0.008588846147647202,0.008588846147647202,Hedge Funds / Absolute Return,Listed Real Estate,Real Estate,REITs,North America,Mid Cap,Liquid,VNQ,lookthrough,lookthrough
2023-05-31,H_2800HK,H_2800HK,Tracker Fund of Hong Kong ETF,etf,long,10.6085,10.6085,10.6085,10.6085,etf,0.017284325152884448,0.017284325152884448,0.017284325152884448,Global Public Equities,Hong Kong Broad Market,Multi-Sector / Diversified,Hong Kong Equity ETF,Greater China,Large Cap,Liquid,2800.HK,lookthrough,lookthrough
2023-05-31,H_ACWI,H_ACWI,iShares MSCI ACWI ETF,etf,long,15.3946,15.3946,15.3946,15.3946,etf,0.02508227100896403,0.02508227100896403,0.02508227100896403,Global Public Equities,Global Equity Core,Multi-Sector / Diversified,Broad Market ETF,Global / Multi-region,Multi Cap,Liquid,ACWI,lookthrough,lookthrough
2023-05-31,H_AGG,H_AGG,iShares Core US Aggregate Bond ETF,etf,long,21.8897,21.8897,21.8897,21.8897,etf,0.035664673827505745,0.035664673827505745,0.035664673827505745,Fixed Income & Liquid Credit,US Aggregate Bonds,Fixed Income / Credit,Aggregate Bonds,North America,Non-classifiable,Liquid,AGG,benchmark_proxy,proxy
2023-05-31,H_BABA,H_BABA,Alibaba ADR,equity,long,6.1883,6.1883,6.1883,6.1883,equity,0.010082536583267646,0.010082536583267646,0.010082536583267646,Global Public Equities,China Internet ADR,Consumer Discretionary,Broadline Retail,Greater China,Large Cap,Liquid,BABA,direct,direct
2023-05-31,H_BIL,H_BIL,SPDR 1-3 Month T-Bill ETF,etf,long,7.2966,7.2966,7.2966,7.2966,etf,0.011888278918842123,0.011888278918842123,0.011888278918842123,Fixed Income & Liquid Credit,Treasury Bills,Fixed Income / Sovereign,Treasury Bills,North America,Non-classifiable,Liquid,BIL,benchmark_proxy,proxy
2023-05-31,H_BRKB,H_BRKB,Berkshire Hathaway Class B,equity,long,8.813,8.813,8.813,8.813,equity,0.01435893458758266,0.01435893458758266,0.01435893458758266,Global Public Equities,US Quality Compounder,Financials,Multi-Sector Holdings,North America,Mega Cap,Liquid,BRK.B,direct,direct
2023-05-31,H_CASH_HKD,H_CASH_HKD,HKD Working Capital,cash,long,2.287,2.287,2.287,2.287,cash,0.0037261867016681652,0.0037261867016681652,0.0037261867016681652,Cash & Liquidity,Cash Accounts,Cash,Cash,Global / Multi-region,Non-classifiable,Cash,,direct,direct
2023-05-31,H_CASH_JPY,H_CASH_JPY,JPY Treasury Buffer,cash,long,1.5247,1.5247,1.5247,1.5247,cash,0.002484178777452318,0.002484178777452318,0.002484178777452318,Cash & Liquidity,Cash Accounts,Cash,Cash,Global / Multi-region,Non-classifiable,Cash,,direct,direct
2023-05-31,H_CASH_OPS_USD,H_CASH_OPS_USD,USD Operating Cash,cash,long,11.4351,11.4351,11.4351,11.4351,cash,0.018631096437361452,0.018631096437361452,0.018631096437361452,Cash & Liquidity,Cash Accounts,Cash,Cash,Global / Multi-region,Non-classifiable,Cash,,direct,direct
2023-05-31,H_CASH_RESERVE_USD,H_CASH_RESERVE_USD,USD Liquidity Reserve,cash,long,4.2882,4.2882,4.2882,4.2882,cash,0.006986722262393277,0.006986722262393277,0.006986722262393277,Cash & Liquidity,Cash Accounts,Cash,Cash,Global / Multi-region,Non-classifiable,Cash,,direct,direct
2023-05-31,H_CASH_SGD,H_CASH_SGD,SGD Near-Term Reserve,cash,long,1.9058,1.9058,1.9058,1.9058,cash,0.0031051012750499297,0.0031051012750499297,0.0031051012750499297,Cash & Liquidity,Cash Accounts,Cash,Cash,Global / Multi-region,Non-classifiable,Cash,,direct,direct
2023-05-31,H_CNYA,H_CNYA,iShares MSCI China A ETF,etf,long,7.0723,7.0723,7.0723,7.0723,etf,0.011522829125582758,0.011522829125582758,0.011522829125582758,Global Public Equities,China A-Shares,Multi-Sector / Diversified,China A-Shares ETF,Greater China,All Cap,Liquid,CNYA,lookthrough,lookthrough
2023-05-31,H_DBC,H_DBC,Broad Commodities ETF Proxy,etf,long,7.0309,7.0309,7.0309,7.0309,etf,0.01145537651104447,0.01145537651104447,0.01145537651104447,Hedge Funds / Absolute Return,Commodities,Commodities,Broad Commodities,Global / Multi-region,Non-classifiable,Liquid,DBC,benchmark_proxy,proxy
2023-05-31,H_DBMF,H_DBMF,Managed Futures ETF Proxy,etf,long,8.7886,8.7886,8.7886,8.7886,etf,0.014319179906550433,0.014319179906550433,0.014319179906550433,Hedge Funds / Absolute Return,Managed Futures,Multi-Strategy,Managed Futures,Global / Multi-region,Non-classifiable,Liquid,DBMF,benchmark_proxy,proxy
2023-05-31,H_EEM,H_EEM,iShares MSCI Emerging Markets ETF,etf,long,5.3881,5.3881,5.3881,5.3881,etf,0.008778778560235347,0.008778778560235347,0.008778778560235347,Global Public Equities,Emerging Markets Core,Multi-Sector / Diversified,EM Equity ETF,Global / Multi-region,All Cap,Liquid,EEM,lookthrough,lookthrough
2023-05-31,H_EMB,H_EMB,iShares Emerging Markets Bond ETF,etf,long,7.2966,7.2966,7.2966,7.2966,etf,0.011888278918842123,0.011888278918842123,0.011888278918842123,Fixed Income & Liquid Credit,EM Sovereign / Credit,Fixed Income / Credit,EM Debt,Global / Multi-region,Non-classifiable,Liquid,EMB,benchmark_proxy,proxy
2023-05-31,H_ES_SHORT,H_ES_SHORT,S&P 500 Overlay Short Future,future,short,2.2033,-13.219800000000001,13.219800000000001,-13.219800000000001,signed_notional,0.0035898151114059766,0.02153889066843586,-0.02153889066843586,Global Public Equities,Equity Index Overlay,Multi-Sector / Diversified,Equity Index Future,North America,Multi Cap,Liquid,SPY,underlying_proxy,proxy
2023-05-31,H_EWJ,H_EWJ,iShares MSCI Japan ETF,etf,long,5.5142,5.5142,5.5142,5.5142,etf,0.008984232055242063,0.008984232055242063,0.008984232055242063,Global Public Equities,Japan Equities,Multi-Sector / Diversified,Japan Equity ETF,Japan,Large Cap,Liquid,EWJ,lookthrough,lookthrough
2023-05-31,H_EWS,H_EWS,iShares MSCI Singapore ETF,etf,long,2.3554,2.3554,2.3554,2.3554,etf,0.0038376301517749002,0.0038376301517749002,0.0038376301517749002,Global Public Equities,Southeast Asia Equities,Multi-Sector / Diversified,Southeast Asia Equity ETF,Southeast Asia,Large Cap,Liquid,EWS,lookthrough,lookthrough
2023-05-31,H_EWY,H_EWY,iShares MSCI South Korea ETF,etf,long,4.0736,4.0736,4.0736,4.0736,etf,0.006637076584134429,0.006637076584134429,0.006637076584134429,Global Public Equities,Korea Equities,Multi-Sector / Diversified,Korea Equity ETF,Korea,Large Cap,Liquid,EWY,lookthrough,lookthrough
2023-05-31,H_GLD,H_GLD,SPDR Gold Shares,etf,long,8.5396,8.5396,8.5396,8.5396,etf,0.013913486645196968,0.013913486645196968,0.013913486645196968,Hedge Funds / Absolute Return,Gold / Defensive,Commodities / Precious Metals,Gold,Global / Multi-region,Non-classifiable,Liquid,GLD,benchmark_proxy,proxy
2023-05-31,H_GMACRO,H_GMACRO,Global Macro Hedge Fund Sleeve,fund,long,15.8195,15.8195,15.8195,15.8195,fund,0.0257745564175949,0.0257745564175949,0.0257745564175949,Hedge Funds / Absolute Return,Global Macro,Multi-Strategy,Global Macro,Global / Multi-region,Non-classifiable,Semi-Liquid,GMACRO,mandate_proxy,proxy
2023-05-31,H_GOOGL,H_GOOGL,Alphabet Class A,equity,long,6.6098,6.6098,6.6098,6.6098,equity,0.010769282405197306,0.010769282405197306,0.010769282405197306,Global Public Equities,US Mega-cap Technology,Communication Services,Interactive Media,North America,Mega Cap,Liquid,GOOGL,direct,direct
2023-05-31,H_HSI_FUT,H_HSI_FUT,Hang Seng Index Tactical Long Future,future,long,2.2101,7.95636,7.95636,7.95636,signed_notional,0.0036008942848084007,0.012963219425310242,0.012963219425310242,Global Public Equities,Greater China Tactical Overlay,Multi-Sector / Diversified,Equity Index Future,Greater China,Large Cap,Liquid,2800.HK,underlying_proxy,proxy
2023-05-31,H_HSTECH,H_HSTECH,Hang Seng TECH ETF-style Exposure,etf,long,8.8404,8.8404,8.8404,8.8404,etf,0.014403577139233603,0.014403577139233603,0.014403577139233603,Global Public Equities,Hong Kong / China Technology,Information Technology,Technology ETF,Greater China,Large Cap,Liquid,3067.HK,lookthrough,lookthrough
2023-05-31,H_HYG,H_HYG,iShares High Yield Corporate Bond ETF,etf,long,8.2086,8.2086,8.2086,8.2086,etf,0.013374191586931922,0.013374191586931922,0.013374191586931922,Fixed Income & Liquid Credit,High Yield Credit,Fixed Income / Credit,High Yield Credit,North America,Non-classifiable,Liquid,HYG,benchmark_proxy,proxy
2023-05-31,H_IGIB,H_IGIB,iShares 5-10 Year Investment Grade Corporate Bond ETF,etf,long,10.9448,10.9448,10.9448,10.9448,etf,0.01783225544924256,0.01783225544924256,0.01783225544924256,Fixed Income & Liquid Credit,Investment Grade Credit,Fixed Income / Credit,Investment Grade Credit,North America,Non-classifiable,Liquid,IGIB,benchmark_proxy,proxy
2023-05-31,H_INDA,H_INDA,iShares MSCI India ETF,etf,long,4.9672,4.9672,4.9672,4.9672,etf,0.008093010312429432,0.008093010312429432,0.008093010312429432,Global Public Equities,India Equities,Multi-Sector / Diversified,India Equity ETF,India,All Cap,Liquid,INDA,lookthrough,lookthrough
2023-05-31,H_JD,H_JD,JD.com ADR,equity,long,4.4202,4.4202,4.4202,4.4202,equity,0.007201788569616801,0.007201788569616801,0.007201788569616801,Global Public Equities,China E-commerce ADR,Consumer Discretionary,Broadline Retail,Greater China,Large Cap,Liquid,JD,direct,direct
2023-05-31,H_LQD,H_LQD,iShares Investment Grade Corporate Bond ETF,etf,long,7.2966,7.2966,7.2966,7.2966,etf,0.011888278918842123,0.011888278918842123,0.011888278918842123,Fixed Income & Liquid Credit,Investment Grade Credit,Fixed Income / Credit,Investment Grade Credit,North America,Non-classifiable,Liquid,LQD,benchmark_proxy,proxy
2023-05-31,H_MKTNEUT,H_MKTNEUT,Equity Market Neutral Fund Sleeve,fund,long,14.0617,14.0617,14.0617,14.0617,fund,0.02291059009306832,0.02291059009306832,0.02291059009306832,Hedge Funds / Absolute Return,Equity Market Neutral,Multi-Strategy,Equity Market Neutral,Global / Multi-region,Non-classifiable,Semi-Liquid,MKTNEUT,mandate_proxy,proxy
2023-05-31,H_MSFT,H_MSFT,Microsoft,equity,long,7.3442,7.3442,7.3442,7.3442,equity,0.01196583313265909,0.01196583313265909,0.01196583313265909,Global Public Equities,US Mega-cap Technology,Information Technology,Software,North America,Mega Cap,Liquid,MSFT,direct,direct
2023-05-31,H_NQ_SHORT,H_NQ_SHORT,Nasdaq Overlay Short Future,future,short,1.4688,-8.812800000000001,8.812800000000001,-8.812800000000001,signed_notional,0.0023931014549235688,0.014358608729541414,-0.014358608729541414,Global Public Equities,Technology Overlay,Information Technology,Equity Index Future,North America,Mega Cap,Liquid,QQQ,underlying_proxy,proxy
2023-05-31,H_NVDA,H_NVDA,NVIDIA,equity,long,5.8754,5.8754,5.8754,5.8754,equity,0.009572731677735521,0.009572731677735521,0.009572731677735521,Global Public Equities,US Semiconductor Growth,Information Technology,Semiconductors,North America,Mega Cap,Liquid,NVDA,direct,direct
2023-05-31,H_PDD,H_PDD,PDD Holdings ADR,equity,long,5.3043,5.3043,5.3043,5.3043,equity,0.008642244040952535,0.008642244040952535,0.008642244040952535,Global Public Equities,China Internet ADR,Consumer Discretionary,Broadline Retail,Greater China,Large Cap,Liquid,PDD,direct,direct
2023-05-31,H_PF_APAC_LOGISTICS,H_PF_APAC_LOGISTICS,APAC Logistics Real Estate Fund,private_fund,long,6.7313,6.7313,6.7313,6.7313,private_fund,0.010967241165255322,0.010967241165255322,0.010967241165255322,Real Estate,APAC Logistics,Industrial Real Estate,APAC Logistics,Japan,Non-classifiable,Illiquid,,mandate_proxy,proxy
2023-05-31,H_PF_APEX_SECONDARIES_II,H_PF_APEX_SECONDARIES_II,Apex Secondaries Fund II,private_fund,long,15.6657,15.665700000000001,15.665700000000001,15.665700000000001,private_fund,0.02552397158387537,0.025523971583875375,0.025523971583875375,Private Equity,Secondaries,Diversified / Secondaries,Secondaries,Global / Multi-region,Non-classifiable,Illiquid,,mandate_proxy,proxy
2023-05-31,H_PF_ATLAS_COINV_I,H_PF_ATLAS_COINV_I,Atlas Co-Investment Fund I,private_fund,long,17.2323,17.2323,17.2323,17.2323,private_fund,0.028076417620969095,0.028076417620969095,0.028076417620969095,Private Equity,Co-investment,Business Services,Co-investment,North America,Non-classifiable,Illiquid,,mandate_proxy,proxy
2023-05-31,H_PF_BLUE_HORIZON_III,H_PF_BLUE_HORIZON_III,Blue Horizon Ventures III,private_fund,long,13.8051,13.8051,13.8051,13.8051,private_fund,0.022492514226147436,0.022492514226147436,0.022492514226147436,Venture Capital / Growth,US Technology VC,Information Technology,US Technology VC,North America,Non-classifiable,Illiquid,,mandate_proxy,proxy
2023-05-31,H_PF_CLIMATE_ALPHA,H_PF_CLIMATE_ALPHA,Climate Alpha Fund,private_fund,long,11.5042,11.5042,11.5042,11.5042,private_fund,0.018743680390612555,0.018743680390612555,0.018743680390612555,Venture Capital / Growth,Climate Technology,Climate / Industrials,Climate Technology,Global / Multi-region,Non-classifiable,Illiquid,,mandate_proxy,proxy
2023-05-31,H_PF_COVE_SPECIALTY_FIN,H_PF_COVE_SPECIALTY_FIN,Cove Specialty Finance Fund,private_fund,long,11.5076,11.5076,11.5076,11.5076,private_fund,0.018749219977313766,0.018749219977313766,0.018749219977313766,Private Credit,Specialty Finance,Financials,Specialty Finance,North America,Non-classifiable,Illiquid,,mandate_proxy,proxy
2023-05-31,H_PF_CRESCENT_DIRECT_LEND,H_PF_CRESCENT_DIRECT_LEND,Crescent Direct Lending Fund,private_fund,long,16.4395,16.4395,16.4395,16.4395,private_fund,0.026784716345462964,0.026784716345462964,0.026784716345462964,Private Credit,Senior Direct Lending,Diversified Credit,Senior Direct Lending,North America,Non-classifiable,Illiquid,,mandate_proxy,proxy
2023-05-31,H_PF_DIGITAL_INFRA,H_PF_DIGITAL_INFRA,Horizon Digital Infrastructure Fund,private_fund,long,6.6429,6.6429,6.6429,6.6429,private_fund,0.010823211911023811,0.010823211911023811,0.010823211911023811,Infrastructure,Digital Infrastructure,Diversified,Digital Infrastructure,Global / Multi-region,Non-classifiable,Illiquid,,mandate_proxy,proxy
2023-05-31,H_PF_DRAGONBRIDGE,H_PF_DRAGONBRIDGE,DragonBridge Greater China Fund,private_fund,long,21.932,21.932,21.932,21.932,private_fund,0.035733592803229644,0.035733592803229644,0.035733592803229644,Private Equity,Asia Buyout / Greater China,Consumer / Industrials,Asia Buyout / Greater China,Greater China,Non-classifiable,Illiquid,,mandate_proxy,proxy
2023-05-31,H_PF_GLOBAL_GROWTH_II,H_PF_GLOBAL_GROWTH_II,Redwood Growth Fund II,private_fund,long,15.339,15.339,15.339,15.339,private_fund,0.024991682473497152,0.024991682473497152,0.024991682473497152,Venture Capital / Growth,Global Growth Equity,Information Technology / Consumer,Global Growth Equity,Global / Multi-region,Non-classifiable,Illiquid,,mandate_proxy,proxy
2023-05-31,H_PF_HARBOR_PEAK_V,H_PF_HARBOR_PEAK_V,Harbor Peak Partners V,private_fund,long,23.4985,23.4985,23.4985,23.4985,private_fund,0.038285875911302746,0.038285875911302746,0.038285875911302746,Private Equity,Secondaries,Diversified / Secondaries,Secondaries,Global / Multi-region,Non-classifiable,Illiquid,,mandate_proxy,proxy
2023-05-31,H_PF_HARBOUR_CORE_RE,H_PF_HARBOUR_CORE_RE,Harbour Core Real Estate Fund,private_fund,long,16.8281,16.8281,16.8281,16.8281,private_fund,0.027417858519607367,0.027417858519607367,0.027417858519607367,Real Estate,Core Real Estate,Real Estate,Core Real Estate,Global / Multi-region,Non-classifiable,Illiquid,,mandate_proxy,proxy
2023-05-31,H_PF_HOME_MULTIFAMILY,H_PF_HOME_MULTIFAMILY,HomeStone Multifamily Fund,private_fund,long,10.0969,10.0969,10.0969,10.0969,private_fund,0.01645078028337267,0.01645078028337267,0.01645078028337267,Real Estate,US Multifamily,Residential Real Estate,US Multifamily,North America,Non-classifiable,Illiquid,,mandate_proxy,proxy
2023-05-31,H_PF_INDIA_DIGITAL,H_PF_INDIA_DIGITAL,Indigo India Digital Growth Fund,private_fund,long,9.2034,9.2034,9.2034,9.2034,private_fund,0.014995009484098291,0.014995009484098291,0.014995009484098291,Venture Capital / Growth,India Digital Growth,Information Technology,India Digital Growth,India,Non-classifiable,Illiquid,,mandate_proxy,proxy
2023-05-31,H_PF_INFRA_CORE,H_PF_INFRA_CORE,Evergreen Core Infrastructure Fund,private_fund,long,9.9643,9.9643,9.9643,9.9643,private_fund,0.016234736402025402,0.016234736402025402,0.016234736402025402,Infrastructure,Core Infrastructure,Infrastructure,Core Infrastructure,Global / Multi-region,Non-classifiable,Illiquid,,mandate_proxy,proxy
2023-05-31,H_PF_LIONROCK_CREDIT,H_PF_LIONROCK_CREDIT,LionRock Asia Private Credit Fund,private_fund,long,13.5626,13.5626,13.5626,13.5626,private_fund,0.022097411351134525,0.022097411351134525,0.022097411351134525,Private Credit,Asia Private Credit,Diversified Credit,Asia Private Credit,Southeast Asia,Non-classifiable,Illiquid,,mandate_proxy,proxy
2023-05-31,H_PF_METRO_LOGISTICS,H_PF_METRO_LOGISTICS,Metro Logistics Fund,private_fund,long,10.5176,10.5176,10.5176,10.5176,private_fund,0.01713622267313734,0.01713622267313734,0.01713622267313734,Real Estate,Logistics Real Estate,Industrial Real Estate,Logistics Real Estate,Southeast Asia,Non-classifiable,Illiquid,,mandate_proxy,proxy
2023-05-31,H_PF_NORTHSTAR_IV,H_PF_NORTHSTAR_IV,Northstar Buyout Fund IV,private_fund,long,27.415,27.415,27.415,27.415,private_fund,0.04466699100403706,0.04466699100403706,0.04466699100403706,Private Equity,Buyout,Industrials,Buyout,North America,Non-classifiable,Illiquid,,mandate_proxy,proxy
2023-05-31,H_PF_RENEWABLES_II,H_PF_RENEWABLES_II,SolarBridge Renewables Fund II,private_fund,long,8.3036,8.3036,8.3036,8.3036,private_fund,0.013528974156524607,0.013528974156524607,0.013528974156524607,Infrastructure,Renewables,Utilities / Infrastructure,Renewables,Global / Multi-region,Non-classifiable,Illiquid,,mandate_proxy,proxy
2023-05-31,H_PF_SEEDSPRING_I,H_PF_SEEDSPRING_I,SeedSpring Southeast Asia VC Fund I,private_fund,long,7.6695,7.6695,7.6695,7.6695,private_fund,0.012495841236748576,0.012495841236748576,0.012495841236748576,Venture Capital / Growth,Southeast Asia VC,Information Technology / Consumer,Southeast Asia VC,Southeast Asia,Non-classifiable,Illiquid,,mandate_proxy,proxy
2023-05-31,H_PF_SPRING_OPP_CREDIT,H_PF_SPRING_OPP_CREDIT,Spring Point Opportunistic Credit Fund,private_fund,long,13.9735,13.9735,13.9735,13.9735,private_fund,0.022766886696878052,0.022766886696878052,0.022766886696878052,Private Credit,Opportunistic Credit,Special Situations Credit,Opportunistic Credit,Global / Multi-region,Non-classifiable,Illiquid,,mandate_proxy,proxy
2023-05-31,H_QAI,H_QAI,Multi-Strategy Liquid Alternatives ETF Proxy,etf,long,6.152,6.152,6.152,6.152,etf,0.010023393348781178,0.010023393348781178,0.010023393348781178,Hedge Funds / Absolute Return,Multi-Strategy Absolute Return,Multi-Strategy,Absolute Return,Global / Multi-region,Non-classifiable,Liquid,QAI,benchmark_proxy,proxy
2023-05-31,H_QQQ,H_QQQ,Invesco QQQ Trust,etf,long,17.6261,17.6261,17.6261,17.6261,etf,0.028718032104185942,0.028718032104185942,0.028718032104185942,Global Public Equities,US Technology / Growth,Information Technology,Growth / Technology ETF,North America,Mega Cap,Liquid,QQQ,lookthrough,lookthrough
2023-05-31,H_SPY,H_SPY,SPDR S&P 500 ETF,etf,long,29.3768,29.3768,29.3768,29.3768,etf,0.04786333253063636,0.04786333253063636,0.04786333253063636,Global Public Equities,US Large Cap Core,Multi-Sector / Diversified,Broad Market ETF,North America,Multi Cap,Liquid,SPY,lookthrough,lookthrough
2023-05-31,H_SPY_PUT,H_SPY_PUT,S&P 500 Protective Put Overlay,listed_option,long,1.4688,-5.8752,8.812800000000001,-5.8752,delta_adjusted_exposure,0.0023931014549235688,0.014358608729541414,-0.009572405819694275,Global Public Equities,Options Overlay,Multi-Sector / Diversified,Equity Index Option,North America,Multi Cap,Liquid,SPY,underlying_proxy,proxy
2023-05-31,H_TLT,H_TLT,iShares 20+ Year Treasury Bond ETF,etf,long,12.769,12.769,12.769,12.769,etf,0.0208044066434634,0.0208044066434634,0.0208044066434634,Fixed Income & Liquid Credit,Long Duration Treasuries,Fixed Income / Sovereign,Government Bonds,North America,Non-classifiable,Liquid,TLT,benchmark_proxy,proxy
2023-05-31,H_VNQ,H_VNQ,US Listed REIT ETF Proxy,etf,long,5.2732,5.2732,5.2732,5.2732,etf,0.00859157311553851,0.00859157311553851,0.00859157311553851,Hedge Funds / Absolute Return,Listed Real Estate,Real Estate,REITs,North America,Mid Cap,Liquid,VNQ,lookthrough,lookthrough
2023-06-30,H_2800HK,H_2800HK,Tracker Fund of Hong Kong ETF,etf,long,10.8956,10.8956,10.8956,10.8956,etf,0.017458412969436402,0.017458412969436402,0.017458412969436402,Global Public Equities,Hong Kong Broad Market,Multi-Sector / Diversified,Hong Kong Equity ETF,Greater China,Large Cap,Liquid,2800.HK,lookthrough,lookthrough
2023-06-30,H_ACWI,H_ACWI,iShares MSCI ACWI ETF,etf,long,15.7651,15.7651,15.7651,15.7651,etf,0.025260988500354437,0.025260988500354437,0.025260988500354437,Global Public Equities,Global Equity Core,Multi-Sector / Diversified,Broad Market ETF,Global / Multi-region,Multi Cap,Liquid,ACWI,lookthrough,lookthrough
2023-06-30,H_AGG,H_AGG,iShares Core US Aggregate Bond ETF,etf,long,22.1608,22.1608,22.1608,22.1608,etf,0.03550904935323306,0.03550904935323306,0.03550904935323306,Fixed Income & Liquid Credit,US Aggregate Bonds,Fixed Income / Credit,Aggregate Bonds,North America,Non-classifiable,Liquid,AGG,benchmark_proxy,proxy
2023-06-30,H_BABA,H_BABA,Alibaba ADR,equity,long,6.3558,6.3558,6.3558,6.3558,equity,0.010184127643373828,0.010184127643373828,0.010184127643373828,Global Public Equities,China Internet ADR,Consumer Discretionary,Broadline Retail,Greater China,Large Cap,Liquid,BABA,direct,direct
2023-06-30,H_BIL,H_BIL,SPDR 1-3 Month T-Bill ETF,etf,long,7.3869,7.3869,7.3869,7.3869,etf,0.011836296373208427,0.011836296373208427,0.011836296373208427,Fixed Income & Liquid Credit,Treasury Bills,Fixed Income / Sovereign,Treasury Bills,North America,Non-classifiable,Liquid,BIL,benchmark_proxy,proxy
2023-06-30,H_BRKB,H_BRKB,Berkshire Hathaway Class B,equity,long,9.0786,9.0786,9.0786,9.0786,equity,0.014546968316047331,0.014546968316047331,0.014546968316047331,Global Public Equities,US Quality Compounder,Financials,Multi-Sector Holdings,North America,Mega Cap,Liquid,BRK.B,direct,direct
2023-06-30,H_CASH_HKD,H_CASH_HKD,HKD Working Capital,cash,long,2.2958,2.2958,2.2958,2.2958,cash,0.003678643167446684,0.003678643167446684,0.003678643167446684,Cash & Liquidity,Cash Accounts,Cash,Cash,Global / Multi-region,Non-classifiable,Cash,,direct,direct
2023-06-30,H_CASH_JPY,H_CASH_JPY,JPY Treasury Buffer,cash,long,1.5305,1.5305,1.5305,1.5305,cash,0.0024523753670951955,0.0024523753670951955,0.0024523753670951955,Cash & Liquidity,Cash Accounts,Cash,Cash,Global / Multi-region,Non-classifiable,Cash,,direct,direct
2023-06-30,H_CASH_OPS_USD,H_CASH_OPS_USD,USD Operating Cash,cash,long,11.4788,11.4788,11.4788,11.4788,cash,0.018392895370017856,0.018392895370017856,0.018392895370017856,Cash & Liquidity,Cash Accounts,Cash,Cash,Global / Multi-region,Non-classifiable,Cash,,direct,direct
2023-06-30,H_CASH_RESERVE_USD,H_CASH_RESERVE_USD,USD Liquidity Reserve,cash,long,4.3046,4.3046,4.3046,4.3046,cash,0.006897415880560587,0.006897415880560587,0.006897415880560587,Cash & Liquidity,Cash Accounts,Cash,Cash,Global / Multi-region,Non-classifiable,Cash,,direct,direct
2023-06-30,H_CASH_SGD,H_CASH_SGD,SGD Near-Term Reserve,cash,long,1.9131,1.9131,1.9131,1.9131,cash,0.003065429150467049,0.003065429150467049,0.003065429150467049,Cash & Liquidity,Cash Accounts,Cash,Cash,Global / Multi-region,Non-classifiable,Cash,,direct,direct
2023-06-30,H_CNYA,H_CNYA,iShares MSCI China A ETF,etf,long,7.2638,7.2638,7.2638,7.2638,etf,0.011639048802029454,0.011639048802029454,0.011639048802029454,Global Public Equities,China A-Shares,Multi-Sector / Diversified,China A-Shares ETF,Greater China,All Cap,Liquid,CNYA,lookthrough,lookthrough
2023-06-30,H_DBC,H_DBC,Broad Commodities ETF Proxy,etf,long,7.1431,7.1431,7.1431,7.1431,etf,0.011445646837437236,0.011445646837437236,0.011445646837437236,Hedge Funds / Absolute Return,Commodities,Commodities,Broad Commodities,Global / Multi-region,Non-classifiable,Liquid,DBC,benchmark_proxy,proxy
2023-06-30,H_DBMF,H_DBMF,Managed Futures ETF Proxy,etf,long,8.9289,8.9289,8.9289,8.9289,etf,0.014307098605198493,0.014307098605198493,0.014307098605198493,Hedge Funds / Absolute Return,Managed Futures,Multi-Strategy,Managed Futures,Global / Multi-region,Non-classifiable,Liquid,DBMF,benchmark_proxy,proxy
2023-06-30,H_EEM,H_EEM,iShares MSCI Emerging Markets ETF,etf,long,5.5178,5.5178,5.5178,5.5178,etf,0.00884137001016522,0.00884137001016522,0.00884137001016522,Global Public Equities,Emerging Markets Core,Multi-Sector / Diversified,EM Equity ETF,Global / Multi-region,All Cap,Liquid,EEM,lookthrough,lookthrough
2023-06-30,H_EMB,H_EMB,iShares Emerging Markets Bond ETF,etf,long,7.3869,7.3869,7.3869,7.3869,etf,0.011836296373208427,0.011836296373208427,0.011836296373208427,Fixed Income & Liquid Credit,EM Sovereign / Credit,Fixed Income / Credit,EM Debt,Global / Multi-region,Non-classifiable,Liquid,EMB,benchmark_proxy,proxy
2023-06-30,H_ES_SHORT,H_ES_SHORT,S&P 500 Overlay Short Future,future,short,2.2696,-13.617600000000001,13.617600000000001,-13.617600000000001,signed_notional,0.0036366619622079425,0.021819971773247654,-0.021819971773247654,Global Public Equities,Equity Index Overlay,Multi-Sector / Diversified,Equity Index Future,North America,Multi Cap,Liquid,SPY,underlying_proxy,proxy
2023-06-30,H_EWJ,H_EWJ,iShares MSCI Japan ETF,etf,long,5.6375,5.6375,5.6375,5.6375,etf,0.009033169638679624,0.009033169638679624,0.009033169638679624,Global Public Equities,Japan Equities,Multi-Sector / Diversified,Japan Equity ETF,Japan,Large Cap,Liquid,EWJ,lookthrough,lookthrough
2023-06-30,H_EWS,H_EWS,iShares MSCI Singapore ETF,etf,long,2.3998,2.3998,2.3998,2.3998,etf,0.0038452861195393986,0.0038452861195393986,0.0038452861195393986,Global Public Equities,Southeast Asia Equities,Multi-Sector / Diversified,Southeast Asia Equity ETF,Southeast Asia,Large Cap,Liquid,EWS,lookthrough,lookthrough
2023-06-30,H_EWY,H_EWY,iShares MSCI South Korea ETF,etf,long,4.1636,4.1636,4.1636,4.1636,etf,0.006671486493588732,0.006671486493588732,0.006671486493588732,Global Public Equities,Korea Equities,Multi-Sector / Diversified,Korea Equity ETF,Korea,Large Cap,Liquid,EWY,lookthrough,lookthrough
2023-06-30,H_GLD,H_GLD,SPDR Gold Shares,etf,long,8.7407,8.7407,8.7407,8.7407,etf,0.01400553895535379,0.01400553895535379,0.01400553895535379,Hedge Funds / Absolute Return,Gold / Defensive,Commodities / Precious Metals,Gold,Global / Multi-region,Non-classifiable,Liquid,GLD,benchmark_proxy,proxy
2023-06-30,H_GMACRO,H_GMACRO,Global Macro Hedge Fund Sleeve,fund,long,16.072,16.072,16.072,16.072,fund,0.025752745442635727,0.025752745442635727,0.025752745442635727,Hedge Funds / Absolute Return,Global Macro,Multi-Strategy,Global Macro,Global / Multi-region,Non-classifiable,Semi-Liquid,GMACRO,mandate_proxy,proxy
2023-06-30,H_GOOGL,H_GOOGL,Alphabet Class A,equity,long,6.8089,6.8089,6.8089,6.8089,equity,0.010910146120231608,0.010910146120231608,0.010910146120231608,Global Public Equities,US Mega-cap Technology,Communication Services,Interactive Media,North America,Mega Cap,Liquid,GOOGL,direct,direct
2023-06-30,H_HSI_FUT,H_HSI_FUT,Hang Seng Index Tactical Long Future,future,long,2.2699,8.171639999999998,8.171639999999998,8.171639999999998,signed_notional,0.0036371426630312865,0.01309371358691263,0.01309371358691263,Global Public Equities,Greater China Tactical Overlay,Multi-Sector / Diversified,Equity Index Future,Greater China,Large Cap,Liquid,2800.HK,underlying_proxy,proxy
2023-06-30,H_HSTECH,H_HSTECH,Hang Seng TECH ETF-style Exposure,etf,long,9.0797,9.0797,9.0797,9.0797,etf,0.014548730885732929,0.014548730885732929,0.014548730885732929,Global Public Equities,Hong Kong / China Technology,Information Technology,Technology ETF,Greater China,Large Cap,Liquid,3067.HK,lookthrough,lookthrough
2023-06-30,H_HYG,H_HYG,iShares High Yield Corporate Bond ETF,etf,long,8.3103,8.3103,8.3103,8.3103,etf,0.013315893507462399,0.013315893507462399,0.013315893507462399,Fixed Income & Liquid Credit,High Yield Credit,Fixed Income / Credit,High Yield Credit,North America,Non-classifiable,Liquid,HYG,benchmark_proxy,proxy
2023-06-30,H_IGIB,H_IGIB,iShares 5-10 Year Investment Grade Corporate Bond ETF,etf,long,11.0804,11.0804,11.0804,11.0804,etf,0.01775452467661653,0.01775452467661653,0.01775452467661653,Fixed Income & Liquid Credit,Investment Grade Credit,Fixed Income / Credit,Investment Grade Credit,North America,Non-classifiable,Liquid,IGIB,benchmark_proxy,proxy
2023-06-30,H_INDA,H_INDA,iShares MSCI India ETF,etf,long,5.1344,5.1344,5.1344,5.1344,etf,0.008227034357931115,0.008227034357931115,0.008227034357931115,Global Public Equities,India Equities,Multi-Sector / Diversified,India Equity ETF,India,All Cap,Liquid,INDA,lookthrough,lookthrough
2023-06-30,H_JD,H_JD,JD.com ADR,equity,long,4.5399,4.5399,4.5399,4.5399,equity,0.007274445559670355,0.007274445559670355,0.007274445559670355,Global Public Equities,China E-commerce ADR,Consumer Discretionary,Broadline Retail,Greater China,Large Cap,Liquid,JD,direct,direct
2023-06-30,H_LQD,H_LQD,iShares Investment Grade Corporate Bond ETF,etf,long,7.3869,7.3869,7.3869,7.3869,etf,0.011836296373208427,0.011836296373208427,0.011836296373208427,Fixed Income & Liquid Credit,Investment Grade Credit,Fixed Income / Credit,Investment Grade Credit,North America,Non-classifiable,Liquid,LQD,benchmark_proxy,proxy
2023-06-30,H_MKTNEUT,H_MKTNEUT,Equity Market Neutral Fund Sleeve,fund,long,14.2862,14.2862,14.2862,14.2862,fund,0.022891293674874472,0.022891293674874472,0.022891293674874472,Hedge Funds / Absolute Return,Equity Market Neutral,Multi-Strategy,Equity Market Neutral,Global / Multi-region,Non-classifiable,Semi-Liquid,MKTNEUT,mandate_proxy,proxy
2023-06-30,H_MSFT,H_MSFT,Microsoft,equity,long,7.5655,7.5655,7.5655,7.5655,equity,0.01212247359670611,0.01212247359670611,0.01212247359670611,Global Public Equities,US Mega-cap Technology,Information Technology,Software,North America,Mega Cap,Liquid,MSFT,direct,direct
2023-06-30,H_NQ_SHORT,H_NQ_SHORT,Nasdaq Overlay Short Future,future,short,1.5131,-9.0786,9.0786,-9.0786,signed_notional,0.0024244947193412217,0.014546968316047331,-0.014546968316047331,Global Public Equities,Technology Overlay,Information Technology,Equity Index Future,North America,Mega Cap,Liquid,QQQ,underlying_proxy,proxy
2023-06-30,H_NVDA,H_NVDA,NVIDIA,equity,long,6.0524,6.0524,6.0524,6.0524,equity,0.009697978877364887,0.009697978877364887,0.009697978877364887,Global Public Equities,US Semiconductor Growth,Information Technology,Semiconductors,North America,Mega Cap,Liquid,NVDA,direct,direct
2023-06-30,H_PDD,H_PDD,PDD Holdings ADR,equity,long,5.4478,5.4478,5.4478,5.4478,equity,0.008729206484718201,0.008729206484718201,0.008729206484718201,Global Public Equities,China Internet ADR,Consumer Discretionary,Broadline Retail,Greater China,Large Cap,Liquid,PDD,direct,direct
2023-06-30,H_PF_APAC_LOGISTICS,H_PF_APAC_LOGISTICS,APAC Logistics Real Estate Fund,private_fund,long,6.7921,6.7921,6.7921,6.7921,private_fund,0.010883226874124323,0.010883226874124323,0.010883226874124323,Real Estate,APAC Logistics,Industrial Real Estate,APAC Logistics,Japan,Non-classifiable,Illiquid,,mandate_proxy,proxy
2023-06-30,H_PF_APEX_SECONDARIES_II,H_PF_APEX_SECONDARIES_II,Apex Secondaries Fund II,private_fund,long,15.8992,15.8992,15.8992,15.8992,private_fund,0.025475861768389372,0.025475861768389372,0.025475861768389372,Private Equity,Secondaries,Diversified / Secondaries,Secondaries,Global / Multi-region,Non-classifiable,Illiquid,,mandate_proxy,proxy
2023-06-30,H_PF_ATLAS_COINV_I,H_PF_ATLAS_COINV_I,Atlas Co-Investment Fund I,private_fund,long,17.4891,17.4891,17.4891,17.4891,private_fund,0.02802341589850675,0.02802341589850675,0.02802341589850675,Private Equity,Co-investment,Business Services,Co-investment,North America,Non-classifiable,Illiquid,,mandate_proxy,proxy
2023-06-30,H_PF_BLUE_HORIZON_III,H_PF_BLUE_HORIZON_III,Blue Horizon Ventures III,private_fund,long,14.0389,14.0389,14.0389,14.0389,private_fund,0.02249503596283093,0.02249503596283093,0.02249503596283093,Venture Capital / Growth,US Technology VC,Information Technology,US Technology VC,North America,Non-classifiable,Illiquid,,mandate_proxy,proxy
2023-06-30,H_PF_CLIMATE_ALPHA,H_PF_CLIMATE_ALPHA,Climate Alpha Fund,private_fund,long,11.6991,11.6991,11.6991,11.6991,private_fund,0.018745890007960404,0.018745890007960404,0.018745890007960404,Venture Capital / Growth,Climate Technology,Climate / Industrials,Climate Technology,Global / Multi-region,Non-classifiable,Illiquid,,mandate_proxy,proxy
2023-06-30,H_PF_COVE_SPECIALTY_FIN,H_PF_COVE_SPECIALTY_FIN,Cove Specialty Finance Fund,private_fund,long,11.6076,11.6076,11.6076,11.6076,private_fund,0.018599276256840373,0.018599276256840373,0.018599276256840373,Private Credit,Specialty Finance,Financials,Specialty Finance,North America,Non-classifiable,Illiquid,,mandate_proxy,proxy
2023-06-30,H_PF_CRESCENT_DIRECT_LEND,H_PF_CRESCENT_DIRECT_LEND,Crescent Direct Lending Fund,private_fund,long,16.5823,16.5823,16.5823,16.5823,private_fund,0.0265704175431445,0.0265704175431445,0.0265704175431445,Private Credit,Senior Direct Lending,Diversified Credit,Senior Direct Lending,North America,Non-classifiable,Illiquid,,mandate_proxy,proxy
2023-06-30,H_PF_DIGITAL_INFRA,H_PF_DIGITAL_INFRA,Horizon Digital Infrastructure Fund,private_fund,long,6.6944,6.6944,6.6944,6.6944,private_fund,0.01072667863932184,0.01072667863932184,0.01072667863932184,Infrastructure,Digital Infrastructure,Diversified,Digital Infrastructure,Global / Multi-region,Non-classifiable,Illiquid,,mandate_proxy,proxy
2023-06-30,H_PF_DRAGONBRIDGE,H_PF_DRAGONBRIDGE,DragonBridge Greater China Fund,private_fund,long,22.2589,22.2589,22.2589,22.2589,private_fund,0.03566623852246668,0.03566623852246668,0.03566623852246668,Private Equity,Asia Buyout / Greater China,Consumer / Industrials,Asia Buyout / Greater China,Greater China,Non-classifiable,Illiquid,,mandate_proxy,proxy
2023-06-30,H_PF_GLOBAL_GROWTH_II,H_PF_GLOBAL_GROWTH_II,Redwood Growth Fund II,private_fund,long,15.5988,15.5988,15.5988,15.5988,private_fund,0.024994520010613877,0.024994520010613877,0.024994520010613877,Venture Capital / Growth,Global Growth Equity,Information Technology / Consumer,Global Growth Equity,Global / Multi-region,Non-classifiable,Illiquid,,mandate_proxy,proxy
2023-06-30,H_PF_HARBOR_PEAK_V,H_PF_HARBOR_PEAK_V,Harbor Peak Partners V,private_fund,long,23.8488,23.8488,23.8488,23.8488,private_fund,0.03821379265258406,0.03821379265258406,0.03821379265258406,Private Equity,Secondaries,Diversified / Secondaries,Secondaries,Global / Multi-region,Non-classifiable,Illiquid,,mandate_proxy,proxy
2023-06-30,H_PF_HARBOUR_CORE_RE,H_PF_HARBOUR_CORE_RE,Harbour Core Real Estate Fund,private_fund,long,16.9802,16.9802,16.9802,16.9802,private_fund,0.02720798706850692,0.02720798706850692,0.02720798706850692,Real Estate,Core Real Estate,Real Estate,Core Real Estate,Global / Multi-region,Non-classifiable,Illiquid,,mandate_proxy,proxy
2023-06-30,H_PF_HOME_MULTIFAMILY,H_PF_HOME_MULTIFAMILY,HomeStone Multifamily Fund,private_fund,long,10.1881,10.1881,10.1881,10.1881,private_fund,0.016324760194382594,0.016324760194382594,0.016324760194382594,Real Estate,US Multifamily,Residential Real Estate,US Multifamily,North America,Non-classifiable,Illiquid,,mandate_proxy,proxy
2023-06-30,H_PF_INDIA_DIGITAL,H_PF_INDIA_DIGITAL,Indigo India Digital Growth Fund,private_fund,long,9.3593,9.3593,9.3593,9.3593,private_fund,0.014996744053089879,0.014996744053089879,0.014996744053089879,Venture Capital / Growth,India Digital Growth,Information Technology,India Digital Growth,India,Non-classifiable,Illiquid,,mandate_proxy,proxy
2023-06-30,H_PF_INFRA_CORE,H_PF_INFRA_CORE,Evergreen Core Infrastructure Fund,private_fund,long,10.0416,10.0416,10.0416,10.0416,private_fund,0.016090017958982763,0.016090017958982763,0.016090017958982763,Infrastructure,Core Infrastructure,Infrastructure,Core Infrastructure,Global / Multi-region,Non-classifiable,Illiquid,,mandate_proxy,proxy
2023-06-30,H_PF_LIONROCK_CREDIT,H_PF_LIONROCK_CREDIT,LionRock Asia Private Credit Fund,private_fund,long,13.6804,13.6804,13.6804,13.6804,private_fund,0.02192059847893441,0.02192059847893441,0.02192059847893441,Private Credit,Asia Private Credit,Diversified Credit,Asia Private Credit,Southeast Asia,Non-classifiable,Illiquid,,mandate_proxy,proxy
2023-06-30,H_PF_METRO_LOGISTICS,H_PF_METRO_LOGISTICS,Metro Logistics Fund,private_fund,long,10.6126,10.6126,10.6126,10.6126,private_fund,0.01700495185941488,0.01700495185941488,0.01700495185941488,Real Estate,Logistics Real Estate,Industrial Real Estate,Logistics Real Estate,Southeast Asia,Non-classifiable,Illiquid,,mandate_proxy,proxy
2023-06-30,H_PF_NORTHSTAR_IV,H_PF_NORTHSTAR_IV,Northstar Buyout Fund IV,private_fund,long,27.8236,27.8236,27.8236,27.8236,private_fund,0.044582758094681395,0.044582758094681395,0.044582758094681395,Private Equity,Buyout,Industrials,Buyout,North America,Non-classifiable,Illiquid,,mandate_proxy,proxy
2023-06-30,H_PF_RENEWABLES_II,H_PF_RENEWABLES_II,SolarBridge Renewables Fund II,private_fund,long,8.368,8.368,8.368,8.368,private_fund,0.0134083482991523,0.0134083482991523,0.0134083482991523,Infrastructure,Renewables,Utilities / Infrastructure,Renewables,Global / Multi-region,Non-classifiable,Illiquid,,mandate_proxy,proxy
2023-06-30,H_PF_SEEDSPRING_I,H_PF_SEEDSPRING_I,SeedSpring Southeast Asia VC Fund I,private_fund,long,7.7994,7.7994,7.7994,7.7994,private_fund,0.012497260005306939,0.012497260005306939,0.012497260005306939,Venture Capital / Growth,Southeast Asia VC,Information Technology / Consumer,Southeast Asia VC,Southeast Asia,Non-classifiable,Illiquid,,mandate_proxy,proxy
2023-06-30,H_PF_SPRING_OPP_CREDIT,H_PF_SPRING_OPP_CREDIT,Spring Point Opportunistic Credit Fund,private_fund,long,14.095,14.094999999999999,14.094999999999999,14.094999999999999,private_fund,0.02258492701679633,0.022584927016796326,0.022584927016796326,Private Credit,Opportunistic Credit,Special Situations Credit,Opportunistic Credit,Global / Multi-region,Non-classifiable,Illiquid,,mandate_proxy,proxy
2023-06-30,H_QAI,H_QAI,Multi-Strategy Liquid Alternatives ETF Proxy,etf,long,6.2502,6.2502,6.2502,6.2502,etf,0.01001492095355661,0.01001492095355661,0.01001492095355661,Hedge Funds / Absolute Return,Multi-Strategy Absolute Return,Multi-Strategy,Absolute Return,Global / Multi-region,Non-classifiable,Liquid,QAI,benchmark_proxy,proxy
2023-06-30,H_QQQ,H_QQQ,Invesco QQQ Trust,etf,long,18.1571,18.1571,18.1571,18.1571,etf,0.02909377639848688,0.02909377639848688,0.02909377639848688,Global Public Equities,US Technology / Growth,Information Technology,Growth / Technology ETF,North America,Mega Cap,Liquid,QQQ,lookthrough,lookthrough
2023-06-30,H_SPY,H_SPY,SPDR S&P 500 ETF,etf,long,30.2619,30.2619,30.2619,30.2619,etf,0.04848973415321666,0.04848973415321666,0.04848973415321666,Global Public Equities,US Large Cap Core,Multi-Sector / Diversified,Broad Market ETF,North America,Multi Cap,Liquid,SPY,lookthrough,lookthrough
2023-06-30,H_SPY_PUT,H_SPY_PUT,S&P 500 Protective Put Overlay,listed_option,long,1.5131,-6.0524,9.0786,-6.0524,delta_adjusted_exposure,0.0024244947193412217,0.014546968316047331,-0.009697978877364887,Global Public Equities,Options Overlay,Multi-Sector / Diversified,Equity Index Option,North America,Multi Cap,Liquid,SPY,underlying_proxy,proxy
2023-06-30,H_TLT,H_TLT,iShares 20+ Year Treasury Bond ETF,etf,long,12.9271,12.9271,12.9271,12.9271,etf,0.020713558711516693,0.020713558711516693,0.020713558711516693,Fixed Income & Liquid Credit,Long Duration Treasuries,Fixed Income / Sovereign,Government Bonds,North America,Non-classifiable,Liquid,TLT,benchmark_proxy,proxy
2023-06-30,H_VNQ,H_VNQ,US Listed REIT ETF Proxy,etf,long,5.3573,5.3573,5.3573,5.3573,etf,0.008584195069675983,0.008584195069675983,0.008584195069675983,Hedge Funds / Absolute Return,Listed Real Estate,Real Estate,REITs,North America,Mid Cap,Liquid,VNQ,lookthrough,lookthrough
2023-07-31,H_2800HK,H_2800HK,Tracker Fund of Hong Kong ETF,etf,long,11.071,11.071,11.071,11.071,etf,0.017508000053768583,0.017508000053768583,0.017508000053768583,Global Public Equities,Hong Kong Broad Market,Multi-Sector / Diversified,Hong Kong Equity ETF,Greater China,Large Cap,Liquid,2800.HK,lookthrough,lookthrough
2023-07-31,H_ACWI,H_ACWI,iShares MSCI ACWI ETF,etf,long,16.0633,16.0633,16.0633,16.0633,etf,0.025402967867735608,0.025402967867735608,0.025402967867735608,Global Public Equities,Global Equity Core,Multi-Sector / Diversified,Broad Market ETF,Global / Multi-region,Multi Cap,Liquid,ACWI,lookthrough,lookthrough
2023-07-31,H_AGG,H_AGG,iShares Core US Aggregate Bond ETF,etf,long,22.3694,22.3694,22.3694,22.3694,etf,0.03537561705381365,0.03537561705381365,0.03537561705381365,Fixed Income & Liquid Credit,US Aggregate Bonds,Fixed Income / Credit,Aggregate Bonds,North America,Non-classifiable,Liquid,AGG,benchmark_proxy,proxy
2023-07-31,H_BABA,H_BABA,Alibaba ADR,equity,long,6.4581,6.4581,6.4581,6.4581,equity,0.010213026388514398,0.010213026388514398,0.010213026388514398,Global Public Equities,China Internet ADR,Consumer Discretionary,Broadline Retail,Greater China,Large Cap,Liquid,BABA,direct,direct
2023-07-31,H_BIL,H_BIL,SPDR 1-3 Month T-Bill ETF,etf,long,7.4565,7.4565,7.4565,7.4565,etf,0.011791925065569997,0.011791925065569997,0.011791925065569997,Fixed Income & Liquid Credit,Treasury Bills,Fixed Income / Sovereign,Treasury Bills,North America,Non-classifiable,Liquid,BIL,benchmark_proxy,proxy
2023-07-31,H_BRKB,H_BRKB,Berkshire Hathaway Class B,equity,long,9.3073,9.3073,9.3073,9.3073,equity,0.01471883379102523,0.01471883379102523,0.01471883379102523,Global Public Equities,US Quality Compounder,Financials,Multi-Sector Holdings,North America,Mega Cap,Liquid,BRK.B,direct,direct
2023-07-31,H_CASH_HKD,H_CASH_HKD,HKD Working Capital,cash,long,2.3036,2.3036,2.3036,2.3036,cash,0.0036429797600814116,0.0036429797600814116,0.0036429797600814116,Cash & Liquidity,Cash Accounts,Cash,Cash,Global / Multi-region,Non-classifiable,Cash,,direct,direct
2023-07-31,H_CASH_JPY,H_CASH_JPY,JPY Treasury Buffer,cash,long,1.5357,1.5357,1.5357,1.5357,cash,0.002428600459088828,0.002428600459088828,0.002428600459088828,Cash & Liquidity,Cash Accounts,Cash,Cash,Global / Multi-region,Non-classifiable,Cash,,direct,direct
2023-07-31,H_CASH_OPS_USD,H_CASH_OPS_USD,USD Operating Cash,cash,long,11.5181,11.5181,11.5181,11.5181,cash,0.018215056943303398,0.018215056943303398,0.018215056943303398,Cash & Liquidity,Cash Accounts,Cash,Cash,Global / Multi-region,Non-classifiable,Cash,,direct,direct
2023-07-31,H_CASH_RESERVE_USD,H_CASH_RESERVE_USD,USD Liquidity Reserve,cash,long,4.3193,4.3193,4.3193,4.3193,cash,0.006830666121600817,0.006830666121600817,0.006830666121600817,Cash & Liquidity,Cash Accounts,Cash,Cash,Global / Multi-region,Non-classifiable,Cash,,direct,direct
2023-07-31,H_CASH_SGD,H_CASH_SGD,SGD Near-Term Reserve,cash,long,1.9197,1.9197,1.9197,1.9197,cash,0.0030358691810332896,0.0030358691810332896,0.0030358691810332896,Cash & Liquidity,Cash Accounts,Cash,Cash,Global / Multi-region,Non-classifiable,Cash,,direct,direct
2023-07-31,H_CNYA,H_CNYA,iShares MSCI China A ETF,etf,long,7.3807,7.3807,7.3807,7.3807,etf,0.011672052750144503,0.011672052750144503,0.011672052750144503,Global Public Equities,China A-Shares,Multi-Sector / Diversified,China A-Shares ETF,Greater China,All Cap,Liquid,CNYA,lookthrough,lookthrough
2023-07-31,H_DBC,H_DBC,Broad Commodities ETF Proxy,etf,long,7.2235,7.2235,7.2235,7.2235,etf,0.011423452117098488,0.011423452117098488,0.011423452117098488,Hedge Funds / Absolute Return,Commodities,Commodities,Broad Commodities,Global / Multi-region,Non-classifiable,Liquid,DBC,benchmark_proxy,proxy
2023-07-31,H_DBMF,H_DBMF,Managed Futures ETF Proxy,etf,long,9.0294,9.0294,9.0294,9.0294,etf,0.014279354682097196,0.014279354682097196,0.014279354682097196,Hedge Funds / Absolute Return,Managed Futures,Multi-Strategy,Managed Futures,Global / Multi-region,Non-classifiable,Liquid,DBMF,benchmark_proxy,proxy
2023-07-31,H_EEM,H_EEM,iShares MSCI Emerging Markets ETF,etf,long,5.6222,5.6222,5.6222,5.6222,etf,0.008891109918010814,0.008891109918010814,0.008891109918010814,Global Public Equities,Emerging Markets Core,Multi-Sector / Diversified,EM Equity ETF,Global / Multi-region,All Cap,Liquid,EEM,lookthrough,lookthrough
2023-07-31,H_EMB,H_EMB,iShares Emerging Markets Bond ETF,etf,long,7.4565,7.4565,7.4565,7.4565,etf,0.011791925065569997,0.011791925065569997,0.011791925065569997,Fixed Income & Liquid Credit,EM Sovereign / Credit,Fixed Income / Credit,EM Debt,Global / Multi-region,Non-classifiable,Liquid,EMB,benchmark_proxy,proxy
2023-07-31,H_ES_SHORT,H_ES_SHORT,S&P 500 Overlay Short Future,future,short,2.3268,-13.960799999999999,13.960799999999999,-13.960799999999999,signed_notional,0.003679668912032223,0.022078013472193337,-0.022078013472193337,Global Public Equities,Equity Index Overlay,Multi-Sector / Diversified,Equity Index Future,North America,Multi Cap,Liquid,SPY,underlying_proxy,proxy
2023-07-31,H_EWJ,H_EWJ,iShares MSCI Japan ETF,etf,long,5.7286,5.7286,5.7286,5.7286,etf,0.00905937395971626,0.00905937395971626,0.00905937395971626,Global Public Equities,Japan Equities,Multi-Sector / Diversified,Japan Equity ETF,Japan,Large Cap,Liquid,EWJ,lookthrough,lookthrough
2023-07-31,H_EWS,H_EWS,iShares MSCI Singapore ETF,etf,long,2.4245,2.4245,2.4245,2.4245,etf,0.0038341745217561137,0.0038341745217561137,0.0038341745217561137,Global Public Equities,Southeast Asia Equities,Multi-Sector / Diversified,Southeast Asia Equity ETF,Southeast Asia,Large Cap,Liquid,EWS,lookthrough,lookthrough
2023-07-31,H_EWY,H_EWY,iShares MSCI South Korea ETF,etf,long,4.2211,4.2211,4.2211,4.2211,etf,0.0066753697973952275,0.0066753697973952275,0.0066753697973952275,Global Public Equities,Korea Equities,Multi-Sector / Diversified,Korea Equity ETF,Korea,Large Cap,Liquid,EWY,lookthrough,lookthrough
2023-07-31,H_GLD,H_GLD,SPDR Gold Shares,etf,long,8.9054,8.9054,8.9054,8.9054,etf,0.014083257490635962,0.014083257490635962,0.014083257490635962,Hedge Funds / Absolute Return,Gold / Defensive,Commodities / Precious Metals,Gold,Global / Multi-region,Non-classifiable,Liquid,GLD,benchmark_proxy,proxy
2023-07-31,H_GMACRO,H_GMACRO,Global Macro Hedge Fund Sleeve,fund,long,16.2529,16.2529,16.2529,16.2529,fund,0.025702806799195684,0.025702806799195684,0.025702806799195684,Hedge Funds / Absolute Return,Global Macro,Multi-Strategy,Global Macro,Global / Multi-region,Non-classifiable,Semi-Liquid,GMACRO,mandate_proxy,proxy
2023-07-31,H_GOOGL,H_GOOGL,Alphabet Class A,equity,long,6.9805,6.9805,6.9805,6.9805,equity,0.01103916487899301,0.01103916487899301,0.01103916487899301,Global Public Equities,US Mega-cap Technology,Communication Services,Interactive Media,North America,Mega Cap,Liquid,GOOGL,direct,direct
2023-07-31,H_HSI_FUT,H_HSI_FUT,Hang Seng Index Tactical Long Future,future,long,2.3065,8.3034,8.3034,8.3034,signed_notional,0.0036475659040752636,0.013131237254670946,0.013131237254670946,Global Public Equities,Greater China Tactical Overlay,Multi-Sector / Diversified,Equity Index Future,Greater China,Large Cap,Liquid,2800.HK,underlying_proxy,proxy
2023-07-31,H_HSTECH,H_HSTECH,Hang Seng TECH ETF-style Exposure,etf,long,9.2258,9.2258,9.2258,9.2258,etf,0.014589947330508373,0.014589947330508373,0.014589947330508373,Global Public Equities,Hong Kong / China Technology,Information Technology,Technology ETF,Greater China,Large Cap,Liquid,3067.HK,lookthrough,lookthrough
2023-07-31,H_HYG,H_HYG,iShares High Yield Corporate Bond ETF,etf,long,8.3885,8.3885,8.3885,8.3885,etf,0.013265816859456036,0.013265816859456036,0.013265816859456036,Fixed Income & Liquid Credit,High Yield Credit,Fixed Income / Credit,High Yield Credit,North America,Non-classifiable,Liquid,HYG,benchmark_proxy,proxy
2023-07-31,H_IGIB,H_IGIB,iShares 5-10 Year Investment Grade Corporate Bond ETF,etf,long,11.1847,11.1847,11.1847,11.1847,etf,0.017687808526906827,0.017687808526906827,0.017687808526906827,Fixed Income & Liquid Credit,Investment Grade Credit,Fixed Income / Credit,Investment Grade Credit,North America,Non-classifiable,Liquid,IGIB,benchmark_proxy,proxy
2023-07-31,H_INDA,H_INDA,iShares MSCI India ETF,etf,long,5.2715,5.2715,5.2715,5.2715,etf,0.008336502780547473,0.008336502780547473,0.008336502780547473,Global Public Equities,India Equities,Multi-Sector / Diversified,India Equity ETF,India,All Cap,Liquid,INDA,lookthrough,lookthrough
2023-07-31,H_JD,H_JD,JD.com ADR,equity,long,4.6129,4.6129,4.6129,4.6129,equity,0.0072949736652541865,0.0072949736652541865,0.0072949736652541865,Global Public Equities,China E-commerce ADR,Consumer Discretionary,Broadline Retail,Greater China,Large Cap,Liquid,JD,direct,direct
2023-07-31,H_LQD,H_LQD,iShares Investment Grade Corporate Bond ETF,etf,long,7.4565,7.4565,7.4565,7.4565,etf,0.011791925065569997,0.011791925065569997,0.011791925065569997,Fixed Income & Liquid Credit,Investment Grade Credit,Fixed Income / Credit,Investment Grade Credit,North America,Non-classifiable,Liquid,LQD,benchmark_proxy,proxy
2023-07-31,H_MKTNEUT,H_MKTNEUT,Equity Market Neutral Fund Sleeve,fund,long,14.447,14.447,14.447,14.447,fund,0.022846904234196976,0.022846904234196976,0.022846904234196976,Hedge Funds / Absolute Return,Equity Market Neutral,Multi-Strategy,Equity Market Neutral,Global / Multi-region,Non-classifiable,Semi-Liquid,MKTNEUT,mandate_proxy,proxy
2023-07-31,H_MSFT,H_MSFT,Microsoft,equity,long,7.7561,7.7561,7.7561,7.7561,equity,0.01226572118300375,0.01226572118300375,0.01226572118300375,Global Public Equities,US Mega-cap Technology,Information Technology,Software,North America,Mega Cap,Liquid,MSFT,direct,direct
2023-07-31,H_NQ_SHORT,H_NQ_SHORT,Nasdaq Overlay Short Future,future,short,1.5512,-9.3072,9.3072,-9.3072,signed_notional,0.002453112608021482,0.014718675648128891,-0.014718675648128891,Global Public Equities,Technology Overlay,Information Technology,Equity Index Future,North America,Mega Cap,Liquid,QQQ,underlying_proxy,proxy
2023-07-31,H_NVDA,H_NVDA,NVIDIA,equity,long,6.2049,6.2049,6.2049,6.2049,equity,0.009812608574982269,0.009812608574982269,0.009812608574982269,Global Public Equities,US Semiconductor Growth,Information Technology,Semiconductors,North America,Mega Cap,Liquid,NVDA,direct,direct
2023-07-31,H_PDD,H_PDD,PDD Holdings ADR,equity,long,5.5355,5.5355,5.5355,5.5355,equity,0.008754000026884291,0.008754000026884291,0.008754000026884291,Global Public Equities,China Internet ADR,Consumer Discretionary,Broadline Retail,Greater China,Large Cap,Liquid,PDD,direct,direct
2023-07-31,H_PF_APAC_LOGISTICS,H_PF_APAC_LOGISTICS,APAC Logistics Real Estate Fund,private_fund,long,6.8377,6.8377,6.8377,6.8377,private_fund,0.010813336823019912,0.010813336823019912,0.010813336823019912,Real Estate,APAC Logistics,Industrial Real Estate,APAC Logistics,Japan,Non-classifiable,Illiquid,,mandate_proxy,proxy
2023-07-31,H_PF_APEX_SECONDARIES_II,H_PF_APEX_SECONDARIES_II,Apex Secondaries Fund II,private_fund,long,16.1122,16.1122,16.1122,16.1122,private_fund,0.025480299744045722,0.025480299744045722,0.025480299744045722,Private Equity,Secondaries,Diversified / Secondaries,Secondaries,Global / Multi-region,Non-classifiable,Illiquid,,mandate_proxy,proxy
2023-07-31,H_PF_ATLAS_COINV_I,H_PF_ATLAS_COINV_I,Atlas Co-Investment Fund I,private_fund,long,17.7235,17.7235,17.7235,17.7235,private_fund,0.028028456232767368,0.028028456232767368,0.028028456232767368,Private Equity,Co-investment,Business Services,Co-investment,North America,Non-classifiable,Illiquid,,mandate_proxy,proxy
2023-07-31,H_PF_BLUE_HORIZON_III,H_PF_BLUE_HORIZON_III,Blue Horizon Ventures III,private_fund,long,14.2323,14.232300000000002,14.232300000000002,14.232300000000002,private_fund,0.022507371435755635,0.022507371435755635,0.022507371435755635,Venture Capital / Growth,US Technology VC,Information Technology,US Technology VC,North America,Non-classifiable,Illiquid,,mandate_proxy,proxy
2023-07-31,H_PF_CLIMATE_ALPHA,H_PF_CLIMATE_ALPHA,Climate Alpha Fund,private_fund,long,11.8603,11.8603,11.8603,11.8603,private_fund,0.018756221934577863,0.018756221934577863,0.018756221934577863,Venture Capital / Growth,Climate Technology,Climate / Industrials,Climate Technology,Global / Multi-region,Non-classifiable,Illiquid,,mandate_proxy,proxy
2023-07-31,H_PF_COVE_SPECIALTY_FIN,H_PF_COVE_SPECIALTY_FIN,Cove Specialty Finance Fund,private_fund,long,11.6915,11.6915,11.6915,11.6915,private_fund,0.018489276725556444,0.018489276725556444,0.018489276725556444,Private Credit,Specialty Finance,Financials,Specialty Finance,North America,Non-classifiable,Illiquid,,mandate_proxy,proxy
2023-07-31,H_PF_CRESCENT_DIRECT_LEND,H_PF_CRESCENT_DIRECT_LEND,Crescent Direct Lending Fund,private_fund,long,16.7021,16.7021,16.7021,16.7021,private_fund,0.026413184689553636,0.026413184689553636,0.026413184689553636,Private Credit,Senior Direct Lending,Diversified Credit,Senior Direct Lending,North America,Non-classifiable,Illiquid,,mandate_proxy,proxy
2023-07-31,H_PF_DIGITAL_INFRA,H_PF_DIGITAL_INFRA,Horizon Digital Infrastructure Fund,private_fund,long,6.7323,6.7323,6.7323,6.7323,private_fund,0.010646654210277865,0.010646654210277865,0.010646654210277865,Infrastructure,Digital Infrastructure,Diversified,Digital Infrastructure,Global / Multi-region,Non-classifiable,Illiquid,,mandate_proxy,proxy
2023-07-31,H_PF_DRAGONBRIDGE,H_PF_DRAGONBRIDGE,DragonBridge Greater China Fund,private_fund,long,22.5571,22.5571,22.5571,22.5571,private_fund,0.03567245127024327,0.03567245127024327,0.03567245127024327,Private Equity,Asia Buyout / Greater China,Consumer / Industrials,Asia Buyout / Greater China,Greater China,Non-classifiable,Illiquid,,mandate_proxy,proxy
2023-07-31,H_PF_GLOBAL_GROWTH_II,H_PF_GLOBAL_GROWTH_II,Redwood Growth Fund II,private_fund,long,15.8137,15.8137,15.8137,15.8137,private_fund,0.025008243198471707,0.025008243198471707,0.025008243198471707,Venture Capital / Growth,Global Growth Equity,Information Technology / Consumer,Global Growth Equity,Global / Multi-region,Non-classifiable,Illiquid,,mandate_proxy,proxy
2023-07-31,H_PF_HARBOR_PEAK_V,H_PF_HARBOR_PEAK_V,Harbor Peak Partners V,private_fund,long,24.1684,24.1684,24.1684,24.1684,private_fund,0.038220607758964915,0.038220607758964915,0.038220607758964915,Private Equity,Secondaries,Diversified / Secondaries,Secondaries,Global / Multi-region,Non-classifiable,Illiquid,,mandate_proxy,proxy
2023-07-31,H_PF_HARBOUR_CORE_RE,H_PF_HARBOUR_CORE_RE,Harbour Core Real Estate Fund,private_fund,long,17.0943,17.0943,17.0943,17.0943,private_fund,0.02703342112899795,0.02703342112899795,0.02703342112899795,Real Estate,Core Real Estate,Real Estate,Core Real Estate,Global / Multi-region,Non-classifiable,Illiquid,,mandate_proxy,proxy
2023-07-31,H_PF_HOME_MULTIFAMILY,H_PF_HOME_MULTIFAMILY,HomeStone Multifamily Fund,private_fund,long,10.2566,10.2566,10.2566,10.2566,private_fund,0.016220084305978037,0.016220084305978037,0.016220084305978037,Real Estate,US Multifamily,Residential Real Estate,US Multifamily,North America,Non-classifiable,Illiquid,,mandate_proxy,proxy
2023-07-31,H_PF_INDIA_DIGITAL,H_PF_INDIA_DIGITAL,Indigo India Digital Growth Fund,private_fund,long,9.4882,9.4882,9.4882,9.4882,private_fund,0.015004914290503756,0.015004914290503756,0.015004914290503756,Venture Capital / Growth,India Digital Growth,Information Technology,India Digital Growth,India,Non-classifiable,Illiquid,,mandate_proxy,proxy
2023-07-31,H_PF_INFRA_CORE,H_PF_INFRA_CORE,Evergreen Core Infrastructure Fund,private_fund,long,10.0984,10.0984,10.0984,10.0984,private_fund,0.015969902243968628,0.015969902243968628,0.015969902243968628,Infrastructure,Core Infrastructure,Infrastructure,Core Infrastructure,Global / Multi-region,Non-classifiable,Illiquid,,mandate_proxy,proxy
2023-07-31,H_PF_LIONROCK_CREDIT,H_PF_LIONROCK_CREDIT,LionRock Asia Private Credit Fund,private_fund,long,13.7793,13.7793,13.7793,13.7793,private_fund,0.021790984115336774,0.021790984115336774,0.021790984115336774,Private Credit,Asia Private Credit,Diversified Credit,Asia Private Credit,Southeast Asia,Non-classifiable,Illiquid,,mandate_proxy,proxy
2023-07-31,H_PF_METRO_LOGISTICS,H_PF_METRO_LOGISTICS,Metro Logistics Fund,private_fund,long,10.6839,10.6839,10.6839,10.6839,private_fund,0.01689582890203759,0.01689582890203759,0.01689582890203759,Real Estate,Logistics Real Estate,Industrial Real Estate,Logistics Real Estate,Southeast Asia,Non-classifiable,Illiquid,,mandate_proxy,proxy
2023-07-31,H_PF_NORTHSTAR_IV,H_PF_NORTHSTAR_IV,Northstar Buyout Fund IV,private_fund,long,28.1964,28.196399999999997,28.196399999999997,28.196399999999997,private_fund,0.04459060362352818,0.04459060362352817,0.04459060362352817,Private Equity,Buyout,Industrials,Buyout,North America,Non-classifiable,Illiquid,,mandate_proxy,proxy
2023-07-31,H_PF_RENEWABLES_II,H_PF_RENEWABLES_II,SolarBridge Renewables Fund II,private_fund,long,8.4154,8.4154,8.4154,8.4154,private_fund,0.013308357298571416,0.013308357298571416,0.013308357298571416,Infrastructure,Renewables,Utilities / Infrastructure,Renewables,Global / Multi-region,Non-classifiable,Illiquid,,mandate_proxy,proxy
2023-07-31,H_PF_SEEDSPRING_I,H_PF_SEEDSPRING_I,SeedSpring Southeast Asia VC Fund I,private_fund,long,7.9068,7.9068,7.9068,7.9068,private_fund,0.012504042527787682,0.012504042527787682,0.012504042527787682,Venture Capital / Growth,Southeast Asia VC,Information Technology / Consumer,Southeast Asia VC,Southeast Asia,Non-classifiable,Illiquid,,mandate_proxy,proxy
2023-07-31,H_PF_SPRING_OPP_CREDIT,H_PF_SPRING_OPP_CREDIT,Spring Point Opportunistic Credit Fund,private_fund,long,14.1968,14.1968,14.1968,14.1968,private_fund,0.022451230707555038,0.022451230707555038,0.022451230707555038,Private Credit,Opportunistic Credit,Special Situations Credit,Opportunistic Credit,Global / Multi-region,Non-classifiable,Illiquid,,mandate_proxy,proxy
2023-07-31,H_QAI,H_QAI,Multi-Strategy Liquid Alternatives ETF Proxy,etf,long,6.3206,6.3206,6.3206,6.3206,etf,0.009995579906047304,0.009995579906047304,0.009995579906047304,Hedge Funds / Absolute Return,Multi-Strategy Absolute Return,Multi-Strategy,Absolute Return,Global / Multi-region,Non-classifiable,Liquid,QAI,benchmark_proxy,proxy
2023-07-31,H_QQQ,H_QQQ,Invesco QQQ Trust,etf,long,18.6146,18.6146,18.6146,18.6146,etf,0.02943766758205046,0.02943766758205046,0.02943766758205046,Global Public Equities,US Technology / Growth,Information Technology,Growth / Technology ETF,North America,Mega Cap,Liquid,QQQ,lookthrough,lookthrough
2023-07-31,H_SPY,H_SPY,SPDR S&P 500 ETF,etf,long,31.0243,31.0243,31.0243,31.0243,etf,0.04906272658911866,0.04906272658911866,0.04906272658911866,Global Public Equities,US Large Cap Core,Multi-Sector / Diversified,Broad Market ETF,North America,Multi Cap,Liquid,SPY,lookthrough,lookthrough
2023-07-31,H_SPY_PUT,H_SPY_PUT,S&P 500 Protective Put Overlay,listed_option,long,1.5512,-6.2048,9.3072,-6.2048,delta_adjusted_exposure,0.002453112608021482,0.014718675648128891,-0.009812450432085928,Global Public Equities,Options Overlay,Multi-Sector / Diversified,Equity Index Option,North America,Multi Cap,Liquid,SPY,underlying_proxy,proxy
2023-07-31,H_TLT,H_TLT,iShares 20+ Year Treasury Bond ETF,etf,long,13.0488,13.0488,13.0488,13.0488,etf,0.02063575025757524,0.02063575025757524,0.02063575025757524,Fixed Income & Liquid Credit,Long Duration Treasuries,Fixed Income / Sovereign,Government Bonds,North America,Non-classifiable,Liquid,TLT,benchmark_proxy,proxy
2023-07-31,H_VNQ,H_VNQ,US Listed REIT ETF Proxy,etf,long,5.4176,5.4176,5.4176,5.4176,etf,0.008567549552099782,0.008567549552099782,0.008567549552099782,Hedge Funds / Absolute Return,Listed Real Estate,Real Estate,REITs,North America,Mid Cap,Liquid,VNQ,lookthrough,lookthrough
2023-08-31,H_2800HK,H_2800HK,Tracker Fund of Hong Kong ETF,etf,long,11.1312,11.1312,11.1312,11.1312,etf,0.01743855139956313,0.01743855139956313,0.01743855139956313,Global Public Equities,Hong Kong Broad Market,Multi-Sector / Diversified,Hong Kong Equity ETF,Greater China,Large Cap,Liquid,2800.HK,lookthrough,lookthrough
2023-08-31,H_ACWI,H_ACWI,iShares MSCI ACWI ETF,etf,long,16.2789,16.2789,16.2789,16.2789,etf,0.025503129436030995,0.025503129436030995,0.025503129436030995,Global Public Equities,Global Equity Core,Multi-Sector / Diversified,Broad Market ETF,Global / Multi-region,Multi Cap,Liquid,ACWI,lookthrough,lookthrough
2023-08-31,H_AGG,H_AGG,iShares Core US Aggregate Bond ETF,etf,long,22.51,22.51,22.51,22.51,etf,0.03526500215647604,0.03526500215647604,0.03526500215647604,Fixed Income & Liquid Credit,US Aggregate Bonds,Fixed Income / Credit,Aggregate Bonds,North America,Non-classifiable,Liquid,AGG,benchmark_proxy,proxy
2023-08-31,H_BABA,H_BABA,Alibaba ADR,equity,long,6.4932,6.4932,6.4932,6.4932,equity,0.010172488316411824,0.010172488316411824,0.010172488316411824,Global Public Equities,China Internet ADR,Consumer Discretionary,Broadline Retail,Greater China,Large Cap,Liquid,BABA,direct,direct
2023-08-31,H_BIL,H_BIL,SPDR 1-3 Month T-Bill ETF,etf,long,7.5033,7.5033,7.5033,7.5033,etf,0.011754948497587145,0.011754948497587145,0.011754948497587145,Fixed Income & Liquid Credit,Treasury Bills,Fixed Income / Sovereign,Treasury Bills,North America,Non-classifiable,Liquid,BIL,benchmark_proxy,proxy
2023-08-31,H_BRKB,H_BRKB,Berkshire Hathaway Class B,equity,long,9.4906,9.4906,9.4906,9.4906,equity,0.01486832649783436,0.01486832649783436,0.01486832649783436,Global Public Equities,US Quality Compounder,Financials,Multi-Sector Holdings,North America,Mega Cap,Liquid,BRK.B,direct,direct
2023-08-31,H_CASH_HKD,H_CASH_HKD,HKD Working Capital,cash,long,2.3101,2.3101,2.3101,2.3101,cash,0.0036190884709762453,0.0036190884709762453,0.0036190884709762453,Cash & Liquidity,Cash Accounts,Cash,Cash,Global / Multi-region,Non-classifiable,Cash,,direct,direct
2023-08-31,H_CASH_JPY,H_CASH_JPY,JPY Treasury Buffer,cash,long,1.5401,1.5401,1.5401,1.5401,cash,0.002412777868555697,0.002412777868555697,0.002412777868555697,Cash & Liquidity,Cash Accounts,Cash,Cash,Global / Multi-region,Non-classifiable,Cash,,direct,direct
2023-08-31,H_CASH_OPS_USD,H_CASH_OPS_USD,USD Operating Cash,cash,long,11.5506,11.5506,11.5506,11.5506,cash,0.018095599018595827,0.018095599018595827,0.018095599018595827,Cash & Liquidity,Cash Accounts,Cash,Cash,Global / Multi-region,Non-classifiable,Cash,,direct,direct
2023-08-31,H_CASH_RESERVE_USD,H_CASH_RESERVE_USD,USD Liquidity Reserve,cash,long,4.3315,4.3315,4.3315,4.3315,cash,0.006785888797902085,0.006785888797902085,0.006785888797902085,Cash & Liquidity,Cash Accounts,Cash,Cash,Global / Multi-region,Non-classifiable,Cash,,direct,direct
2023-08-31,H_CASH_SGD,H_CASH_SGD,SGD Near-Term Reserve,cash,long,1.9251,1.9251,1.9251,1.9251,cash,0.0030159331697659714,0.0030159331697659714,0.0030159331697659714,Cash & Liquidity,Cash Accounts,Cash,Cash,Global / Multi-region,Non-classifiable,Cash,,direct,direct
2023-08-31,H_CNYA,H_CNYA,iShares MSCI China A ETF,etf,long,7.4208,7.4208,7.4208,7.4208,etf,0.011625700933042086,0.011625700933042086,0.011625700933042086,Global Public Equities,China A-Shares,Multi-Sector / Diversified,China A-Shares ETF,Greater China,All Cap,Liquid,CNYA,lookthrough,lookthrough
2023-08-31,H_DBC,H_DBC,Broad Commodities ETF Proxy,etf,long,7.271,7.271,7.271,7.271,etf,0.011391018688571179,0.011391018688571179,0.011391018688571179,Hedge Funds / Absolute Return,Commodities,Commodities,Broad Commodities,Global / Multi-region,Non-classifiable,Liquid,DBC,benchmark_proxy,proxy
2023-08-31,H_DBMF,H_DBMF,Managed Futures ETF Proxy,etf,long,9.0887,9.0887,9.0887,9.0887,etf,0.014238695028856673,0.014238695028856673,0.014238695028856673,Hedge Funds / Absolute Return,Managed Futures,Multi-Strategy,Managed Futures,Global / Multi-region,Non-classifiable,Liquid,DBMF,benchmark_proxy,proxy
2023-08-31,H_EEM,H_EEM,iShares MSCI Emerging Markets ETF,etf,long,5.6976,5.6976,5.6976,5.6976,etf,0.008926071803053659,0.008926071803053659,0.008926071803053659,Global Public Equities,Emerging Markets Core,Multi-Sector / Diversified,EM Equity ETF,Global / Multi-region,All Cap,Liquid,EEM,lookthrough,lookthrough
2023-08-31,H_EMB,H_EMB,iShares Emerging Markets Bond ETF,etf,long,7.5033,7.5033,7.5033,7.5033,etf,0.011754948497587145,0.011754948497587145,0.011754948497587145,Fixed Income & Liquid Credit,EM Sovereign / Credit,Fixed Income / Credit,EM Debt,Global / Multi-region,Non-classifiable,Liquid,EMB,benchmark_proxy,proxy
2023-08-31,H_ES_SHORT,H_ES_SHORT,S&P 500 Overlay Short Future,future,short,2.3726,-14.235599999999998,14.235599999999998,-14.235599999999998,signed_notional,0.0037170032926012895,0.022302019755607735,-0.022302019755607735,Global Public Equities,Equity Index Overlay,Multi-Sector / Diversified,Equity Index Future,North America,Multi Cap,Liquid,SPY,underlying_proxy,proxy
2023-08-31,H_EWJ,H_EWJ,iShares MSCI Japan ETF,etf,long,5.7848,5.7848,5.7848,5.7848,etf,0.00906268256218492,0.00906268256218492,0.00906268256218492,Global Public Equities,Japan Equities,Multi-Sector / Diversified,Japan Equity ETF,Japan,Large Cap,Liquid,EWJ,lookthrough,lookthrough
2023-08-31,H_EWS,H_EWS,iShares MSCI Singapore ETF,etf,long,2.4303,2.4303,2.4303,2.4303,etf,0.003807398255925531,0.003807398255925531,0.003807398255925531,Global Public Equities,Southeast Asia Equities,Multi-Sector / Diversified,Southeast Asia Equity ETF,Southeast Asia,Large Cap,Liquid,EWS,lookthrough,lookthrough
2023-08-31,H_EWY,H_EWY,iShares MSCI South Korea ETF,etf,long,4.2454,4.2454,4.2454,4.2454,etf,0.006651001339631424,0.006651001339631424,0.006651001339631424,Global Public Equities,Korea Equities,Multi-Sector / Diversified,Korea Equity ETF,Korea,Large Cap,Liquid,EWY,lookthrough,lookthrough
2023-08-31,H_GLD,H_GLD,SPDR Gold Shares,etf,long,9.0257,9.0257,9.0257,9.0257,etf,0.01413999688865863,0.01413999688865863,0.01413999688865863,Hedge Funds / Absolute Return,Gold / Defensive,Commodities / Precious Metals,Gold,Global / Multi-region,Non-classifiable,Liquid,GLD,benchmark_proxy,proxy
2023-08-31,H_GMACRO,H_GMACRO,Global Macro Hedge Fund Sleeve,fund,long,16.3597,16.3597,16.3597,16.3597,fund,0.02562971371742785,0.02562971371742785,0.02562971371742785,Hedge Funds / Absolute Return,Global Macro,Multi-Strategy,Global Macro,Global / Multi-region,Non-classifiable,Semi-Liquid,GMACRO,mandate_proxy,proxy
2023-08-31,H_GOOGL,H_GOOGL,Alphabet Class A,equity,long,7.1179,7.117900000000001,7.117900000000001,7.117900000000001,equity,0.01115116654151847,0.011151166541518471,0.011151166541518471,Global Public Equities,US Mega-cap Technology,Communication Services,Interactive Media,North America,Mega Cap,Liquid,GOOGL,direct,direct
2023-08-31,H_HSI_FUT,H_HSI_FUT,Hang Seng Index Tactical Long Future,future,long,2.319,8.3484,8.3484,8.3484,signed_notional,0.0036330315415756516,0.013078913549672345,0.013078913549672345,Global Public Equities,Greater China Tactical Overlay,Multi-Sector / Diversified,Equity Index Future,Greater China,Large Cap,Liquid,2800.HK,underlying_proxy,proxy
2023-08-31,H_HSTECH,H_HSTECH,Hang Seng TECH ETF-style Exposure,etf,long,9.276,9.276,9.276,9.276,etf,0.014532126166302606,0.014532126166302606,0.014532126166302606,Global Public Equities,Hong Kong / China Technology,Information Technology,Technology ETF,Greater China,Large Cap,Liquid,3067.HK,lookthrough,lookthrough
2023-08-31,H_HYG,H_HYG,iShares High Yield Corporate Bond ETF,etf,long,8.4412,8.4412,8.4412,8.4412,etf,0.013224297476821212,0.013224297476821212,0.013224297476821212,Fixed Income & Liquid Credit,High Yield Credit,Fixed Income / Credit,High Yield Credit,North America,Non-classifiable,Liquid,HYG,benchmark_proxy,proxy
2023-08-31,H_IGIB,H_IGIB,iShares 5-10 Year Investment Grade Corporate Bond ETF,etf,long,11.255,11.255,11.255,11.255,etf,0.01763250107823802,0.01763250107823802,0.01763250107823802,Fixed Income & Liquid Credit,Investment Grade Credit,Fixed Income / Credit,Investment Grade Credit,North America,Non-classifiable,Liquid,IGIB,benchmark_proxy,proxy
2023-08-31,H_INDA,H_INDA,iShares MSCI India ETF,etf,long,5.3739,5.3739,5.3739,5.3739,etf,0.008418951358893227,0.008418951358893227,0.008418951358893227,Global Public Equities,India Equities,Multi-Sector / Diversified,India Equity ETF,India,All Cap,Liquid,INDA,lookthrough,lookthrough
2023-08-31,H_JD,H_JD,JD.com ADR,equity,long,4.638,4.638,4.638,4.638,equity,0.007266063083151303,0.007266063083151303,0.007266063083151303,Global Public Equities,China E-commerce ADR,Consumer Discretionary,Broadline Retail,Greater China,Large Cap,Liquid,JD,direct,direct
2023-08-31,H_LQD,H_LQD,iShares Investment Grade Corporate Bond ETF,etf,long,7.5033,7.5033,7.5033,7.5033,etf,0.011754948497587145,0.011754948497587145,0.011754948497587145,Fixed Income & Liquid Credit,Investment Grade Credit,Fixed Income / Credit,Investment Grade Credit,North America,Non-classifiable,Liquid,LQD,benchmark_proxy,proxy
2023-08-31,H_MKTNEUT,H_MKTNEUT,Equity Market Neutral Fund Sleeve,fund,long,14.542,14.542,14.542,14.542,fund,0.022782037377142357,0.022782037377142357,0.022782037377142357,Hedge Funds / Absolute Return,Equity Market Neutral,Multi-Strategy,Equity Market Neutral,Global / Multi-region,Non-classifiable,Semi-Liquid,MKTNEUT,mandate_proxy,proxy
2023-08-31,H_MSFT,H_MSFT,Microsoft,equity,long,7.9088,7.9088,7.9088,7.9088,equity,0.012390219860290434,0.012390219860290434,0.012390219860290434,Global Public Equities,US Mega-cap Technology,Information Technology,Software,North America,Mega Cap,Liquid,MSFT,direct,direct
2023-08-31,H_NQ_SHORT,H_NQ_SHORT,Nasdaq Overlay Short Future,future,short,1.5818,-9.4908,9.4908,-9.4908,signed_notional,0.002478106637543927,0.01486863982526356,-0.01486863982526356,Global Public Equities,Technology Overlay,Information Technology,Equity Index Future,North America,Mega Cap,Liquid,QQQ,underlying_proxy,proxy
2023-08-31,H_NVDA,H_NVDA,NVIDIA,equity,long,6.3271,6.3271,6.3271,6.3271,equity,0.009912269886461106,0.009912269886461106,0.009912269886461106,Global Public Equities,US Semiconductor Growth,Information Technology,Semiconductors,North America,Mega Cap,Liquid,NVDA,direct,direct
2023-08-31,H_PDD,H_PDD,PDD Holdings ADR,equity,long,5.5656,5.5656,5.5656,5.5656,equity,0.008719275699781565,0.008719275699781565,0.008719275699781565,Global Public Equities,China Internet ADR,Consumer Discretionary,Broadline Retail,Greater China,Large Cap,Liquid,PDD,direct,direct
2023-08-31,H_PF_APAC_LOGISTICS,H_PF_APAC_LOGISTICS,APAC Logistics Real Estate Fund,private_fund,long,6.8683,6.8683,6.8683,6.8683,private_fund,0.010760133909876691,0.010760133909876691,0.010760133909876691,Real Estate,APAC Logistics,Industrial Real Estate,APAC Logistics,Japan,Non-classifiable,Illiquid,,mandate_proxy,proxy
2023-08-31,H_PF_APEX_SECONDARIES_II,H_PF_APEX_SECONDARIES_II,Apex Secondaries Fund II,private_fund,long,16.298,16.298,16.298,16.298,private_fund,0.025533052205519605,0.025533052205519605,0.025533052205519605,Private Equity,Secondaries,Diversified / Secondaries,Secondaries,Global / Multi-region,Non-classifiable,Illiquid,,mandate_proxy,proxy
2023-08-31,H_PF_ATLAS_COINV_I,H_PF_ATLAS_COINV_I,Atlas Co-Investment Fund I,private_fund,long,17.9278,17.9278,17.9278,17.9278,private_fund,0.02808635742607157,0.02808635742607157,0.02808635742607157,Private Equity,Co-investment,Business Services,Co-investment,North America,Non-classifiable,Illiquid,,mandate_proxy,proxy
2023-08-31,H_PF_BLUE_HORIZON_III,H_PF_BLUE_HORIZON_III,Blue Horizon Ventures III,private_fund,long,14.3821,14.3821,14.3821,14.3821,private_fund,0.022531532097496844,0.022531532097496844,0.022531532097496844,Venture Capital / Growth,US Technology VC,Information Technology,US Technology VC,North America,Non-classifiable,Illiquid,,mandate_proxy,proxy
2023-08-31,H_PF_CLIMATE_ALPHA,H_PF_CLIMATE_ALPHA,Climate Alpha Fund,private_fund,long,11.9851,11.9851,11.9851,11.9851,private_fund,0.018776302858533135,0.018776302858533135,0.018776302858533135,Venture Capital / Growth,Climate Technology,Climate / Industrials,Climate Technology,Global / Multi-region,Non-classifiable,Illiquid,,mandate_proxy,proxy
2023-08-31,H_PF_COVE_SPECIALTY_FIN,H_PF_COVE_SPECIALTY_FIN,Cove Specialty Finance Fund,private_fund,long,11.7599,11.7599,11.7599,11.7599,private_fund,0.018423496173253777,0.018423496173253777,0.018423496173253777,Private Credit,Specialty Finance,Financials,Specialty Finance,North America,Non-classifiable,Illiquid,,mandate_proxy,proxy
2023-08-31,H_PF_CRESCENT_DIRECT_LEND,H_PF_CRESCENT_DIRECT_LEND,Crescent Direct Lending Fund,private_fund,long,16.7999,16.7999,16.7999,16.7999,private_fund,0.02631934738909737,0.02631934738909737,0.02631934738909737,Private Credit,Senior Direct Lending,Diversified Credit,Senior Direct Lending,North America,Non-classifiable,Illiquid,,mandate_proxy,proxy
2023-08-31,H_PF_DIGITAL_INFRA,H_PF_DIGITAL_INFRA,Horizon Digital Infrastructure Fund,private_fund,long,6.7578,6.7578,6.7578,6.7578,private_fund,0.010587020505243613,0.010587020505243613,0.010587020505243613,Infrastructure,Digital Infrastructure,Diversified,Digital Infrastructure,Global / Multi-region,Non-classifiable,Illiquid,,mandate_proxy,proxy
2023-08-31,H_PF_DRAGONBRIDGE,H_PF_DRAGONBRIDGE,DragonBridge Greater China Fund,private_fund,long,22.8172,22.8172,22.8172,22.8172,private_fund,0.03574627308772745,0.03574627308772745,0.03574627308772745,Private Equity,Asia Buyout / Greater China,Consumer / Industrials,Asia Buyout / Greater China,Greater China,Non-classifiable,Illiquid,,mandate_proxy,proxy
2023-08-31,H_PF_GLOBAL_GROWTH_II,H_PF_GLOBAL_GROWTH_II,Redwood Growth Fund II,private_fund,long,15.9801,15.9801,15.9801,15.9801,private_fund,0.025035018256805982,0.025035018256805982,0.025035018256805982,Venture Capital / Growth,Global Growth Equity,Information Technology / Consumer,Global Growth Equity,Global / Multi-region,Non-classifiable,Illiquid,,mandate_proxy,proxy
2023-08-31,H_PF_HARBOR_PEAK_V,H_PF_HARBOR_PEAK_V,Harbor Peak Partners V,private_fund,long,24.447,24.447,24.447,24.447,private_fund,0.03829957830827941,0.03829957830827941,0.03829957830827941,Private Equity,Secondaries,Diversified / Secondaries,Secondaries,Global / Multi-region,Non-classifiable,Illiquid,,mandate_proxy,proxy
2023-08-31,H_PF_HARBOUR_CORE_RE,H_PF_HARBOUR_CORE_RE,Harbour Core Real Estate Fund,private_fund,long,17.1708,17.1708,17.1708,17.1708,private_fund,0.02690041310654903,0.02690041310654903,0.02690041310654903,Real Estate,Core Real Estate,Real Estate,Core Real Estate,Global / Multi-region,Non-classifiable,Illiquid,,mandate_proxy,proxy
2023-08-31,H_PF_HOME_MULTIFAMILY,H_PF_HOME_MULTIFAMILY,HomeStone Multifamily Fund,private_fund,long,10.3025,10.3025,10.3025,10.3025,private_fund,0.01614027919667234,0.01614027919667234,0.01614027919667234,Real Estate,US Multifamily,Residential Real Estate,US Multifamily,North America,Non-classifiable,Illiquid,,mandate_proxy,proxy
2023-08-31,H_PF_INDIA_DIGITAL,H_PF_INDIA_DIGITAL,Indigo India Digital Growth Fund,private_fund,long,9.5881,9.5881,9.5881,9.5881,private_fund,0.01502107361956943,0.01502107361956943,0.01502107361956943,Venture Capital / Growth,India Digital Growth,Information Technology,India Digital Growth,India,Non-classifiable,Illiquid,,mandate_proxy,proxy
2023-08-31,H_PF_INFRA_CORE,H_PF_INFRA_CORE,Evergreen Core Infrastructure Fund,private_fund,long,10.1366,10.1366,10.1366,10.1366,private_fund,0.01588037409415082,0.01588037409415082,0.01588037409415082,Infrastructure,Core Infrastructure,Infrastructure,Core Infrastructure,Global / Multi-region,Non-classifiable,Illiquid,,mandate_proxy,proxy
2023-08-31,H_PF_LIONROCK_CREDIT,H_PF_LIONROCK_CREDIT,LionRock Asia Private Credit Fund,private_fund,long,13.8599,13.8599,13.8599,13.8599,private_fund,0.02171343417985527,0.02171343417985527,0.02171343417985527,Private Credit,Asia Private Credit,Diversified Credit,Asia Private Credit,Southeast Asia,Non-classifiable,Illiquid,,mandate_proxy,proxy
2023-08-31,H_PF_METRO_LOGISTICS,H_PF_METRO_LOGISTICS,Metro Logistics Fund,private_fund,long,10.7317,10.7317,10.7317,10.7317,private_fund,0.016812679859735846,0.016812679859735846,0.016812679859735846,Real Estate,Logistics Real Estate,Industrial Real Estate,Logistics Real Estate,Southeast Asia,Non-classifiable,Illiquid,,mandate_proxy,proxy
2023-08-31,H_PF_NORTHSTAR_IV,H_PF_NORTHSTAR_IV,Northstar Buyout Fund IV,private_fund,long,28.5215,28.5215,28.5215,28.5215,private_fund,0.04468284135965932,0.04468284135965932,0.04468284135965932,Private Equity,Buyout,Industrials,Buyout,North America,Non-classifiable,Illiquid,,mandate_proxy,proxy
2023-08-31,H_PF_RENEWABLES_II,H_PF_RENEWABLES_II,SolarBridge Renewables Fund II,private_fund,long,8.4472,8.4472,8.4472,8.4472,private_fund,0.013233697299697218,0.013233697299697218,0.013233697299697218,Infrastructure,Renewables,Utilities / Infrastructure,Renewables,Global / Multi-region,Non-classifiable,Illiquid,,mandate_proxy,proxy
2023-08-31,H_PF_SEEDSPRING_I,H_PF_SEEDSPRING_I,SeedSpring Southeast Asia VC Fund I,private_fund,long,7.99,7.99,7.99,7.99,private_fund,0.012517430796545692,0.012517430796545692,0.012517430796545692,Venture Capital / Growth,Southeast Asia VC,Information Technology / Consumer,Southeast Asia VC,Southeast Asia,Non-classifiable,Illiquid,,mandate_proxy,proxy
2023-08-31,H_PF_SPRING_OPP_CREDIT,H_PF_SPRING_OPP_CREDIT,Spring Point Opportunistic Credit Fund,private_fund,long,14.2799,14.2799,14.2799,14.2799,private_fund,0.02237142178117557,0.02237142178117557,0.02237142178117557,Private Credit,Opportunistic Credit,Special Situations Credit,Opportunistic Credit,Global / Multi-region,Non-classifiable,Illiquid,,mandate_proxy,proxy
2023-08-31,H_QAI,H_QAI,Multi-Strategy Liquid Alternatives ETF Proxy,etf,long,6.3621,6.3621,6.3621,6.3621,etf,0.009967102186571132,0.009967102186571132,0.009967102186571132,Hedge Funds / Absolute Return,Multi-Strategy Absolute Return,Multi-Strategy,Absolute Return,Global / Multi-region,Non-classifiable,Liquid,QAI,benchmark_proxy,proxy
2023-08-31,H_QQQ,H_QQQ,Invesco QQQ Trust,etf,long,18.9812,18.9812,18.9812,18.9812,etf,0.02973665299566872,0.02973665299566872,0.02973665299566872,Global Public Equities,US Technology / Growth,Information Technology,Growth / Technology ETF,North America,Mega Cap,Liquid,QQQ,lookthrough,lookthrough
2023-08-31,H_SPY,H_SPY,SPDR S&P 500 ETF,etf,long,31.6353,31.6353,31.6353,31.6353,etf,0.04956103610487633,0.04956103610487633,0.04956103610487633,Global Public Equities,US Large Cap Core,Multi-Sector / Diversified,Broad Market ETF,North America,Multi Cap,Liquid,SPY,lookthrough,lookthrough
2023-08-31,H_SPY_PUT,H_SPY_PUT,S&P 500 Protective Put Overlay,listed_option,long,1.5818,-6.3272,9.4908,-6.3272,delta_adjusted_exposure,0.002478106637543927,0.01486863982526356,-0.009912426550175707,Global Public Equities,Options Overlay,Multi-Sector / Diversified,Equity Index Option,North America,Multi Cap,Liquid,SPY,underlying_proxy,proxy
2023-08-31,H_TLT,H_TLT,iShares 20+ Year Treasury Bond ETF,etf,long,13.1308,13.1308,13.1308,13.1308,etf,0.020571199036706154,0.020571199036706154,0.020571199036706154,Fixed Income & Liquid Credit,Long Duration Treasuries,Fixed Income / Sovereign,Government Bonds,North America,Non-classifiable,Liquid,TLT,benchmark_proxy,proxy
2023-08-31,H_VNQ,H_VNQ,US Listed REIT ETF Proxy,etf,long,5.4532,5.4532,5.4532,5.4532,etf,0.008543185684571084,0.008543185684571084,0.008543185684571084,Hedge Funds / Absolute Return,Listed Real Estate,Real Estate,REITs,North America,Mid Cap,Liquid,VNQ,lookthrough,lookthrough
2023-09-30,H_2800HK,H_2800HK,Tracker Fund of Hong Kong ETF,etf,long,11.0851,11.0851,11.0851,11.0851,etf,0.017266674963734078,0.017266674963734078,0.017266674963734078,Global Public Equities,Hong Kong Broad Market,Multi-Sector / Diversified,Hong Kong Equity ETF,Greater China,Large Cap,Liquid,2800.HK,lookthrough,lookthrough
2023-09-30,H_ACWI,H_ACWI,iShares MSCI ACWI ETF,etf,long,16.409,16.409,16.409,16.409,etf,0.025559432885577257,0.025559432885577257,0.025559432885577257,Global Public Equities,Global Equity Core,Multi-Sector / Diversified,Broad Market ETF,Global / Multi-region,Multi Cap,Liquid,ACWI,lookthrough,lookthrough
2023-09-30,H_AGG,H_AGG,iShares Core US Aggregate Bond ETF,etf,long,22.5825,22.5825,22.5825,22.5825,etf,0.03517556786754516,0.03517556786754516,0.03517556786754516,Fixed Income & Liquid Credit,US Aggregate Bonds,Fixed Income / Credit,Aggregate Bonds,North America,Non-classifiable,Liquid,AGG,benchmark_proxy,proxy
2023-09-30,H_BABA,H_BABA,Alibaba ADR,equity,long,6.4663,6.4663,6.4663,6.4663,equity,0.010072214081784889,0.010072214081784889,0.010072214081784889,Global Public Equities,China Internet ADR,Consumer Discretionary,Broadline Retail,Greater China,Large Cap,Liquid,BABA,direct,direct
2023-09-30,H_BIL,H_BIL,SPDR 1-3 Month T-Bill ETF,etf,long,7.5275,7.5275,7.5275,7.5275,etf,0.011725189289181719,0.011725189289181719,0.011725189289181719,Fixed Income & Liquid Credit,Treasury Bills,Fixed Income / Sovereign,Treasury Bills,North America,Non-classifiable,Liquid,BIL,benchmark_proxy,proxy
2023-09-30,H_BRKB,H_BRKB,Berkshire Hathaway Class B,equity,long,9.6232,9.6232,9.6232,9.6232,equity,0.01498955052376666,0.01498955052376666,0.01498955052376666,Global Public Equities,US Quality Compounder,Financials,Multi-Sector Holdings,North America,Mega Cap,Liquid,BRK.B,direct,direct
2023-09-30,H_CASH_HKD,H_CASH_HKD,HKD Working Capital,cash,long,2.3149,2.3149,2.3149,2.3149,cash,0.0036057975005681516,0.0036057975005681516,0.0036057975005681516,Cash & Liquidity,Cash Accounts,Cash,Cash,Global / Multi-region,Non-classifiable,Cash,,direct,direct
2023-09-30,H_CASH_JPY,H_CASH_JPY,JPY Treasury Buffer,cash,long,1.5433,1.5433,1.5433,1.5433,cash,0.002403916921952062,0.002403916921952062,0.002403916921952062,Cash & Liquidity,Cash Accounts,Cash,Cash,Global / Multi-region,Non-classifiable,Cash,,direct,direct
2023-09-30,H_CASH_OPS_USD,H_CASH_OPS_USD,USD Operating Cash,cash,long,11.5747,11.5747,11.5747,11.5747,cash,0.018029299032280524,0.018029299032280524,0.018029299032280524,Cash & Liquidity,Cash Accounts,Cash,Cash,Global / Multi-region,Non-classifiable,Cash,,direct,direct
2023-09-30,H_CASH_RESERVE_USD,H_CASH_RESERVE_USD,USD Liquidity Reserve,cash,long,4.3405,4.3405,4.3405,4.3405,cash,0.00676096766651521,0.00676096766651521,0.00676096766651521,Cash & Liquidity,Cash Accounts,Cash,Cash,Global / Multi-region,Non-classifiable,Cash,,direct,direct
2023-09-30,H_CASH_SGD,H_CASH_SGD,SGD Near-Term Reserve,cash,long,1.9291,1.9291,1.9291,1.9291,cash,0.0030048572112601067,0.0030048572112601067,0.0030048572112601067,Cash & Liquidity,Cash Accounts,Cash,Cash,Global / Multi-region,Non-classifiable,Cash,,direct,direct
2023-09-30,H_CNYA,H_CNYA,iShares MSCI China A ETF,etf,long,7.3901,7.3901,7.3901,7.3901,etf,0.01151116856406268,0.01151116856406268,0.01151116856406268,Global Public Equities,China A-Shares,Multi-Sector / Diversified,China A-Shares ETF,Greater China,All Cap,Liquid,CNYA,lookthrough,lookthrough
2023-09-30,H_DBC,H_DBC,Broad Commodities ETF Proxy,etf,long,7.2873,7.2873,7.2873,7.2873,etf,0.011351042432023107,0.011351042432023107,0.011351042432023107,Hedge Funds / Absolute Return,Commodities,Commodities,Broad Commodities,Global / Multi-region,Non-classifiable,Liquid,DBC,benchmark_proxy,proxy
2023-09-30,H_DBMF,H_DBMF,Managed Futures ETF Proxy,etf,long,9.1091,9.1091,9.1091,9.1091,etf,0.014188764098848913,0.014188764098848913,0.014188764098848913,Hedge Funds / Absolute Return,Managed Futures,Multi-Strategy,Managed Futures,Global / Multi-region,Non-classifiable,Liquid,DBMF,benchmark_proxy,proxy
2023-09-30,H_EEM,H_EEM,iShares MSCI Emerging Markets ETF,etf,long,5.7431,5.7431,5.7431,5.7431,etf,0.008945723627592099,0.008945723627592099,0.008945723627592099,Global Public Equities,Emerging Markets Core,Multi-Sector / Diversified,EM Equity ETF,Global / Multi-region,All Cap,Liquid,EEM,lookthrough,lookthrough
2023-09-30,H_EMB,H_EMB,iShares Emerging Markets Bond ETF,etf,long,7.5275,7.5275,7.5275,7.5275,etf,0.011725189289181719,0.011725189289181719,0.011725189289181719,Fixed Income & Liquid Credit,EM Sovereign / Credit,Fixed Income / Credit,EM Debt,Global / Multi-region,Non-classifiable,Liquid,EMB,benchmark_proxy,proxy
2023-09-30,H_ES_SHORT,H_ES_SHORT,S&P 500 Overlay Short Future,future,short,2.4058,-14.434800000000001,14.434800000000001,-14.434800000000001,signed_notional,0.003747387630941665,0.02248432578564999,-0.02248432578564999,Global Public Equities,Equity Index Overlay,Multi-Sector / Diversified,Equity Index Future,North America,Multi Cap,Liquid,SPY,underlying_proxy,proxy
2023-09-30,H_EWJ,H_EWJ,iShares MSCI Japan ETF,etf,long,5.8068,5.8068,5.8068,5.8068,etf,0.009044945754157476,0.009044945754157476,0.009044945754157476,Global Public Equities,Japan Equities,Multi-Sector / Diversified,Japan Equity ETF,Japan,Large Cap,Liquid,EWJ,lookthrough,lookthrough
2023-09-30,H_EWS,H_EWS,iShares MSCI Singapore ETF,etf,long,2.4202,2.4202,2.4202,2.4202,etf,0.003769817750604795,0.003769817750604795,0.003769817750604795,Global Public Equities,Southeast Asia Equities,Multi-Sector / Diversified,Southeast Asia Equity ETF,Southeast Asia,Large Cap,Liquid,EWS,lookthrough,lookthrough
2023-09-30,H_EWY,H_EWY,iShares MSCI South Korea ETF,etf,long,4.2394,4.2394,4.2394,4.2394,etf,0.006603489534713647,0.006603489534713647,0.006603489534713647,Global Public Equities,Korea Equities,Multi-Sector / Diversified,Korea Equity ETF,Korea,Large Cap,Liquid,EWY,lookthrough,lookthrough
2023-09-30,H_GLD,H_GLD,SPDR Gold Shares,etf,long,9.0972,9.0972,9.0972,9.0972,etf,0.014170228097182856,0.014170228097182856,0.014170228097182856,Hedge Funds / Absolute Return,Gold / Defensive,Commodities / Precious Metals,Gold,Global / Multi-region,Non-classifiable,Liquid,GLD,benchmark_proxy,proxy
2023-09-30,H_GMACRO,H_GMACRO,Global Macro Hedge Fund Sleeve,fund,long,16.3964,16.3964,16.3964,16.3964,fund,0.02553980653087202,0.02553980653087202,0.02553980653087202,Hedge Funds / Absolute Return,Global Macro,Multi-Strategy,Global Macro,Global / Multi-region,Non-classifiable,Semi-Liquid,GMACRO,mandate_proxy,proxy
2023-09-30,H_GOOGL,H_GOOGL,Alphabet Class A,equity,long,7.2174,7.2174,7.2174,7.2174,equity,0.011242162892824993,0.011242162892824993,0.011242162892824993,Global Public Equities,US Mega-cap Technology,Communication Services,Interactive Media,North America,Mega Cap,Liquid,GOOGL,direct,direct
2023-09-30,H_HSI_FUT,H_HSI_FUT,Hang Seng Index Tactical Long Future,future,long,2.3094,8.31384,8.31384,8.31384,signed_notional,0.003597230440974595,0.012950029587508542,0.012950029587508542,Global Public Equities,Greater China Tactical Overlay,Multi-Sector / Diversified,Equity Index Future,Greater China,Large Cap,Liquid,2800.HK,underlying_proxy,proxy
2023-09-30,H_HSTECH,H_HSTECH,Hang Seng TECH ETF-style Exposure,etf,long,9.2376,9.2376,9.2376,9.2376,etf,0.01438892176389838,0.01438892176389838,0.01438892176389838,Global Public Equities,Hong Kong / China Technology,Information Technology,Technology ETF,Greater China,Large Cap,Liquid,3067.HK,lookthrough,lookthrough
2023-09-30,H_HYG,H_HYG,iShares High Yield Corporate Bond ETF,etf,long,8.4684,8.4684,8.4684,8.4684,etf,0.013190779538559478,0.013190779538559478,0.013190779538559478,Fixed Income & Liquid Credit,High Yield Credit,Fixed Income / Credit,High Yield Credit,North America,Non-classifiable,Liquid,HYG,benchmark_proxy,proxy
2023-09-30,H_IGIB,H_IGIB,iShares 5-10 Year Investment Grade Corporate Bond ETF,etf,long,11.2913,11.2913,11.2913,11.2913,etf,0.01758786181613252,0.01758786181613252,0.01758786181613252,Fixed Income & Liquid Credit,Investment Grade Credit,Fixed Income / Credit,Investment Grade Credit,North America,Non-classifiable,Liquid,IGIB,benchmark_proxy,proxy
2023-09-30,H_INDA,H_INDA,iShares MSCI India ETF,etf,long,5.4396,5.4396,5.4396,5.4396,etf,0.008472977702747643,0.008472977702747643,0.008472977702747643,Global Public Equities,India Equities,Multi-Sector / Diversified,India Equity ETF,India,All Cap,Liquid,INDA,lookthrough,lookthrough
2023-09-30,H_JD,H_JD,JD.com ADR,equity,long,4.6188,4.6188,4.6188,4.6188,equity,0.00719446088194919,0.00719446088194919,0.00719446088194919,Global Public Equities,China E-commerce ADR,Consumer Discretionary,Broadline Retail,Greater China,Large Cap,Liquid,JD,direct,direct
2023-09-30,H_LQD,H_LQD,iShares Investment Grade Corporate Bond ETF,etf,long,7.5275,7.5275,7.5275,7.5275,etf,0.011725189289181719,0.011725189289181719,0.011725189289181719,Fixed Income & Liquid Credit,Investment Grade Credit,Fixed Income / Credit,Investment Grade Credit,North America,Non-classifiable,Liquid,LQD,benchmark_proxy,proxy
2023-09-30,H_MKTNEUT,H_MKTNEUT,Equity Market Neutral Fund Sleeve,fund,long,14.5746,14.5746,14.5746,14.5746,fund,0.022702084864046214,0.022702084864046214,0.022702084864046214,Hedge Funds / Absolute Return,Equity Market Neutral,Multi-Strategy,Equity Market Neutral,Global / Multi-region,Non-classifiable,Semi-Liquid,MKTNEUT,mandate_proxy,proxy
2023-09-30,H_MSFT,H_MSFT,Microsoft,equity,long,8.0194,8.0194,8.0194,8.0194,equity,0.012491395946285469,0.012491395946285469,0.012491395946285469,Global Public Equities,US Mega-cap Technology,Information Technology,Software,North America,Mega Cap,Liquid,MSFT,direct,direct
2023-09-30,H_NQ_SHORT,H_NQ_SHORT,Nasdaq Overlay Short Future,future,short,1.6039,-9.6234,9.6234,-9.6234,signed_notional,0.0024983103422010705,0.014989862053206423,-0.014989862053206423,Global Public Equities,Technology Overlay,Information Technology,Equity Index Future,North America,Mega Cap,Liquid,QQQ,underlying_proxy,proxy
2023-09-30,H_NVDA,H_NVDA,NVIDIA,equity,long,6.4155,6.4155,6.4155,6.4155,equity,0.0099930856040844,0.0099930856040844,0.0099930856040844,Global Public Equities,US Semiconductor Growth,Information Technology,Semiconductors,North America,Mega Cap,Liquid,NVDA,direct,direct
2023-09-30,H_PDD,H_PDD,PDD Holdings ADR,equity,long,5.5426,5.5426,5.5426,5.5426,equity,0.00863341536422698,0.00863341536422698,0.00863341536422698,Global Public Equities,China Internet ADR,Consumer Discretionary,Broadline Retail,Greater China,Large Cap,Liquid,PDD,direct,direct
2023-09-30,H_PF_APAC_LOGISTICS,H_PF_APAC_LOGISTICS,APAC Logistics Real Estate Fund,private_fund,long,6.8854,6.8854,6.8854,6.8854,private_fund,0.010725024022813922,0.010725024022813922,0.010725024022813922,Real Estate,APAC Logistics,Industrial Real Estate,APAC Logistics,Japan,Non-classifiable,Illiquid,,mandate_proxy,proxy
2023-09-30,H_PF_APEX_SECONDARIES_II,H_PF_APEX_SECONDARIES_II,Apex Secondaries Fund II,private_fund,long,16.4516,16.4516,16.4516,16.4516,private_fund,0.02562578865624735,0.02562578865624735,0.02562578865624735,Private Equity,Secondaries,Diversified / Secondaries,Secondaries,Global / Multi-region,Non-classifiable,Illiquid,,mandate_proxy,proxy
2023-09-30,H_PF_ATLAS_COINV_I,H_PF_ATLAS_COINV_I,Atlas Co-Investment Fund I,private_fund,long,18.0967,18.0967,18.0967,18.0967,private_fund,0.02818827406304016,0.02818827406304016,0.02818827406304016,Private Equity,Co-investment,Business Services,Co-investment,North America,Non-classifiable,Illiquid,,mandate_proxy,proxy
2023-09-30,H_PF_BLUE_HORIZON_III,H_PF_BLUE_HORIZON_III,Blue Horizon Ventures III,private_fund,long,14.4886,14.4886,14.4886,14.4886,private_fund,0.022568127204946963,0.022568127204946963,0.022568127204946963,Venture Capital / Growth,US Technology VC,Information Technology,US Technology VC,North America,Non-classifiable,Illiquid,,mandate_proxy,proxy
2023-09-30,H_PF_CLIMATE_ALPHA,H_PF_CLIMATE_ALPHA,Climate Alpha Fund,private_fund,long,12.0738,12.0738,12.0738,12.0738,private_fund,0.01880672074921584,0.01880672074921584,0.01880672074921584,Venture Capital / Growth,Climate Technology,Climate / Industrials,Climate Technology,Global / Multi-region,Non-classifiable,Illiquid,,mandate_proxy,proxy
2023-09-30,H_PF_COVE_SPECIALTY_FIN,H_PF_COVE_SPECIALTY_FIN,Cove Specialty Finance Fund,private_fund,long,11.8148,11.8148,11.8148,11.8148,private_fund,0.01840329012471925,0.01840329012471925,0.01840329012471925,Private Credit,Specialty Finance,Financials,Specialty Finance,North America,Non-classifiable,Illiquid,,mandate_proxy,proxy
2023-09-30,H_PF_CRESCENT_DIRECT_LEND,H_PF_CRESCENT_DIRECT_LEND,Crescent Direct Lending Fund,private_fund,long,16.8783,16.8783,16.8783,16.8783,private_fund,0.026290436715987485,0.026290436715987485,0.026290436715987485,Private Credit,Senior Direct Lending,Diversified Credit,Senior Direct Lending,North America,Non-classifiable,Illiquid,,mandate_proxy,proxy
2023-09-30,H_PF_DIGITAL_INFRA,H_PF_DIGITAL_INFRA,Horizon Digital Infrastructure Fund,private_fund,long,6.7731,6.7731,6.7731,6.7731,private_fund,0.01055010024238548,0.01055010024238548,0.01055010024238548,Infrastructure,Digital Infrastructure,Diversified,Digital Infrastructure,Global / Multi-region,Non-classifiable,Illiquid,,mandate_proxy,proxy
2023-09-30,H_PF_DRAGONBRIDGE,H_PF_DRAGONBRIDGE,DragonBridge Greater China Fund,private_fund,long,23.0322,23.0322,23.0322,23.0322,private_fund,0.03587604181285834,0.03587604181285834,0.03587604181285834,Private Equity,Asia Buyout / Greater China,Consumer / Industrials,Asia Buyout / Greater China,Greater China,Non-classifiable,Illiquid,,mandate_proxy,proxy
2023-09-30,H_PF_GLOBAL_GROWTH_II,H_PF_GLOBAL_GROWTH_II,Redwood Growth Fund II,private_fund,long,16.0984,16.0984,16.0984,16.0984,private_fund,0.025075627665621124,0.025075627665621124,0.025075627665621124,Venture Capital / Growth,Global Growth Equity,Information Technology / Consumer,Global Growth Equity,Global / Multi-region,Non-classifiable,Illiquid,,mandate_proxy,proxy
2023-09-30,H_PF_HARBOR_PEAK_V,H_PF_HARBOR_PEAK_V,Harbor Peak Partners V,private_fund,long,24.6774,24.6774,24.6774,24.6774,private_fund,0.03843868298437103,0.03843868298437103,0.03843868298437103,Private Equity,Secondaries,Diversified / Secondaries,Secondaries,Global / Multi-region,Non-classifiable,Illiquid,,mandate_proxy,proxy
2023-09-30,H_PF_HARBOUR_CORE_RE,H_PF_HARBOUR_CORE_RE,Harbour Core Real Estate Fund,private_fund,long,17.2135,17.2135,17.2135,17.2135,private_fund,0.026812560057034807,0.026812560057034807,0.026812560057034807,Real Estate,Core Real Estate,Real Estate,Core Real Estate,Global / Multi-region,Non-classifiable,Illiquid,,mandate_proxy,proxy
2023-09-30,H_PF_HOME_MULTIFAMILY,H_PF_HOME_MULTIFAMILY,HomeStone Multifamily Fund,private_fund,long,10.3281,10.3281,10.3281,10.3281,private_fund,0.016087536034220883,0.016087536034220883,0.016087536034220883,Real Estate,US Multifamily,Residential Real Estate,US Multifamily,North America,Non-classifiable,Illiquid,,mandate_proxy,proxy
2023-09-30,H_PF_INDIA_DIGITAL,H_PF_INDIA_DIGITAL,Indigo India Digital Growth Fund,private_fund,long,9.659,9.659,9.659,9.659,private_fund,0.01504531429348472,0.01504531429348472,0.01504531429348472,Venture Capital / Growth,India Digital Growth,Information Technology,India Digital Growth,India,Non-classifiable,Illiquid,,mandate_proxy,proxy
2023-09-30,H_PF_INFRA_CORE,H_PF_INFRA_CORE,Evergreen Core Infrastructure Fund,private_fund,long,10.1597,10.1597,10.1597,10.1597,private_fund,0.015825228245938162,0.015825228245938162,0.015825228245938162,Infrastructure,Core Infrastructure,Infrastructure,Core Infrastructure,Global / Multi-region,Non-classifiable,Illiquid,,mandate_proxy,proxy
2023-09-30,H_PF_LIONROCK_CREDIT,H_PF_LIONROCK_CREDIT,LionRock Asia Private Credit Fund,private_fund,long,13.9246,13.9246,13.9246,13.9246,private_fund,0.021689614184807672,0.021689614184807672,0.021689614184807672,Private Credit,Asia Private Credit,Diversified Credit,Asia Private Credit,Southeast Asia,Non-classifiable,Illiquid,,mandate_proxy,proxy
2023-09-30,H_PF_METRO_LOGISTICS,H_PF_METRO_LOGISTICS,Metro Logistics Fund,private_fund,long,10.7585,10.7585,10.7585,10.7585,private_fund,0.01675794738859668,0.01675794738859668,0.01675794738859668,Real Estate,Logistics Real Estate,Industrial Real Estate,Logistics Real Estate,Southeast Asia,Non-classifiable,Illiquid,,mandate_proxy,proxy
2023-09-30,H_PF_NORTHSTAR_IV,H_PF_NORTHSTAR_IV,Northstar Buyout Fund IV,private_fund,long,28.7903,28.7903,28.7903,28.7903,private_fund,0.04484513014843287,0.04484513014843287,0.04484513014843287,Private Equity,Buyout,Industrials,Buyout,North America,Non-classifiable,Illiquid,,mandate_proxy,proxy
2023-09-30,H_PF_RENEWABLES_II,H_PF_RENEWABLES_II,SolarBridge Renewables Fund II,private_fund,long,8.4664,8.4664,8.4664,8.4664,private_fund,0.013187664244161821,0.013187664244161821,0.013187664244161821,Infrastructure,Renewables,Utilities / Infrastructure,Renewables,Global / Multi-region,Non-classifiable,Illiquid,,mandate_proxy,proxy
2023-09-30,H_PF_SEEDSPRING_I,H_PF_SEEDSPRING_I,SeedSpring Southeast Asia VC Fund I,private_fund,long,8.0492,8.0492,8.0492,8.0492,private_fund,0.012537813832810562,0.012537813832810562,0.012537813832810562,Venture Capital / Growth,Southeast Asia VC,Information Technology / Consumer,Southeast Asia VC,Southeast Asia,Non-classifiable,Illiquid,,mandate_proxy,proxy
2023-09-30,H_PF_SPRING_OPP_CREDIT,H_PF_SPRING_OPP_CREDIT,Spring Point Opportunistic Credit Fund,private_fund,long,14.3465,14.3465,14.3465,14.3465,private_fund,0.02234678553799343,0.02234678553799343,0.02234678553799343,Private Credit,Opportunistic Credit,Special Situations Credit,Opportunistic Credit,Global / Multi-region,Non-classifiable,Illiquid,,mandate_proxy,proxy
2023-09-30,H_QAI,H_QAI,Multi-Strategy Liquid Alternatives ETF Proxy,etf,long,6.3764,6.3764,6.3764,6.3764,etf,0.009932181598610205,0.009932181598610205,0.009932181598610205,Hedge Funds / Absolute Return,Multi-Strategy Absolute Return,Multi-Strategy,Absolute Return,Global / Multi-region,Non-classifiable,Liquid,QAI,benchmark_proxy,proxy
2023-09-30,H_QQQ,H_QQQ,Invesco QQQ Trust,etf,long,19.2465,19.2465,19.2465,19.2465,etf,0.029979256812253198,0.029979256812253198,0.029979256812253198,Global Public Equities,US Technology / Growth,Information Technology,Growth / Technology ETF,North America,Mega Cap,Liquid,QQQ,lookthrough,lookthrough
2023-09-30,H_SPY,H_SPY,SPDR S&P 500 ETF,etf,long,32.0774,32.0774,32.0774,32.0774,etf,0.04996527225570211,0.04996527225570211,0.04996527225570211,Global Public Equities,US Large Cap Core,Multi-Sector / Diversified,Broad Market ETF,North America,Multi Cap,Liquid,SPY,lookthrough,lookthrough
2023-09-30,H_SPY_PUT,H_SPY_PUT,S&P 500 Protective Put Overlay,listed_option,long,1.6039,-6.4156,9.6234,-6.4156,delta_adjusted_exposure,0.0024983103422010705,0.014989862053206423,-0.009993241368804282,Global Public Equities,Options Overlay,Multi-Sector / Diversified,Equity Index Option,North America,Multi Cap,Liquid,SPY,underlying_proxy,proxy
2023-09-30,H_TLT,H_TLT,iShares 20+ Year Treasury Bond ETF,etf,long,13.1731,13.1731,13.1731,13.1731,etf,0.020519042314888037,0.020519042314888037,0.020519042314888037,Fixed Income & Liquid Credit,Long Duration Treasuries,Fixed Income / Sovereign,Government Bonds,North America,Non-classifiable,Liquid,TLT,benchmark_proxy,proxy
2023-09-30,H_VNQ,H_VNQ,US Listed REIT ETF Proxy,etf,long,5.4655,5.4655,5.4655,5.4655,etf,0.008513320765197301,0.008513320765197301,0.008513320765197301,Hedge Funds / Absolute Return,Listed Real Estate,Real Estate,REITs,North America,Mid Cap,Liquid,VNQ,lookthrough,lookthrough
2023-10-31,H_2800HK,H_2800HK,Tracker Fund of Hong Kong ETF,etf,long,10.9485,10.9485,10.9485,10.9485,etf,0.01701430858518219,0.01701430858518219,0.01701430858518219,Global Public Equities,Hong Kong Broad Market,Multi-Sector / Diversified,Hong Kong Equity ETF,Greater China,Large Cap,Liquid,2800.HK,lookthrough,lookthrough
2023-10-31,H_ACWI,H_ACWI,iShares MSCI ACWI ETF,etf,long,16.4551,16.4551,16.4551,16.4551,etf,0.02557173578116011,0.02557173578116011,0.02557173578116011,Global Public Equities,Global Equity Core,Multi-Sector / Diversified,Broad Market ETF,Global / Multi-region,Multi Cap,Liquid,ACWI,lookthrough,lookthrough
2023-10-31,H_AGG,H_AGG,iShares Core US Aggregate Bond ETF,etf,long,22.5893,22.5893,22.5893,22.5893,etf,0.03510447284315259,0.03510447284315259,0.03510447284315259,Fixed Income & Liquid Credit,US Aggregate Bonds,Fixed Income / Credit,Aggregate Bonds,North America,Non-classifiable,Liquid,AGG,benchmark_proxy,proxy
2023-10-31,H_BABA,H_BABA,Alibaba ADR,equity,long,6.3866,6.3866,6.3866,6.3866,equity,0.009924974490580862,0.009924974490580862,0.009924974490580862,Global Public Equities,China Internet ADR,Consumer Discretionary,Broadline Retail,Greater China,Large Cap,Liquid,BABA,direct,direct
2023-10-31,H_BIL,H_BIL,SPDR 1-3 Month T-Bill ETF,etf,long,7.5298,7.5298,7.5298,7.5298,etf,0.011701542748751414,0.011701542748751414,0.011701542748751414,Fixed Income & Liquid Credit,Treasury Bills,Fixed Income / Sovereign,Treasury Bills,North America,Non-classifiable,Liquid,BIL,benchmark_proxy,proxy
2023-10-31,H_BRKB,H_BRKB,Berkshire Hathaway Class B,equity,long,9.7017,9.7017,9.7017,9.7017,equity,0.015076742713692476,0.015076742713692476,0.015076742713692476,Global Public Equities,US Quality Compounder,Financials,Multi-Sector Holdings,North America,Mega Cap,Liquid,BRK.B,direct,direct
2023-10-31,H_CASH_HKD,H_CASH_HKD,HKD Working Capital,cash,long,2.3179,2.3179,2.3179,2.3179,cash,0.003602088493363821,0.003602088493363821,0.003602088493363821,Cash & Liquidity,Cash Accounts,Cash,Cash,Global / Multi-region,Non-classifiable,Cash,,direct,direct
2023-10-31,H_CASH_JPY,H_CASH_JPY,JPY Treasury Buffer,cash,long,1.5453,1.5453,1.5453,1.5453,cash,0.0024014441299431005,0.0024014441299431005,0.0024014441299431005,Cash & Liquidity,Cash Accounts,Cash,Cash,Global / Multi-region,Non-classifiable,Cash,,direct,direct
2023-10-31,H_CASH_OPS_USD,H_CASH_OPS_USD,USD Operating Cash,cash,long,11.5894,11.5894,11.5894,11.5894,cash,0.018010287063717448,0.018010287063717448,0.018010287063717448,Cash & Liquidity,Cash Accounts,Cash,Cash,Global / Multi-region,Non-classifiable,Cash,,direct,direct
2023-10-31,H_CASH_RESERVE_USD,H_CASH_RESERVE_USD,USD Liquidity Reserve,cash,long,4.346,4.346,4.346,4.346,cash,0.0067538187981186285,0.0067538187981186285,0.0067538187981186285,Cash & Liquidity,Cash Accounts,Cash,Cash,Global / Multi-region,Non-classifiable,Cash,,direct,direct
2023-10-31,H_CASH_SGD,H_CASH_SGD,SGD Near-Term Reserve,cash,long,1.9316,1.9316,1.9316,1.9316,cash,0.003001766311653461,0.003001766311653461,0.003001766311653461,Cash & Liquidity,Cash Accounts,Cash,Cash,Global / Multi-region,Non-classifiable,Cash,,direct,direct
2023-10-31,H_CNYA,H_CNYA,iShares MSCI China A ETF,etf,long,7.299,7.299,7.299,7.299,etf,0.01134287239012146,0.01134287239012146,0.01134287239012146,Global Public Equities,China A-Shares,Multi-Sector / Diversified,China A-Shares ETF,Greater China,All Cap,Liquid,CNYA,lookthrough,lookthrough
2023-10-31,H_DBC,H_DBC,Broad Commodities ETF Proxy,etf,long,7.2753,7.2753,7.2753,7.2753,etf,0.011306041855028176,0.011306041855028176,0.011306041855028176,Hedge Funds / Absolute Return,Commodities,Commodities,Broad Commodities,Global / Multi-region,Non-classifiable,Liquid,DBC,benchmark_proxy,proxy
2023-10-31,H_DBMF,H_DBMF,Managed Futures ETF Proxy,etf,long,9.0941,9.0941,9.0941,9.0941,etf,0.014132513468009804,0.014132513468009804,0.014132513468009804,Hedge Funds / Absolute Return,Managed Futures,Multi-Strategy,Managed Futures,Global / Multi-region,Non-classifiable,Liquid,DBMF,benchmark_proxy,proxy
2023-10-31,H_EEM,H_EEM,iShares MSCI Emerging Markets ETF,etf,long,5.7593,5.7593,5.7593,5.7593,etf,0.008950130833871287,0.008950130833871287,0.008950130833871287,Global Public Equities,Emerging Markets Core,Multi-Sector / Diversified,EM Equity ETF,Global / Multi-region,All Cap,Liquid,EEM,lookthrough,lookthrough
2023-10-31,H_EMB,H_EMB,iShares Emerging Markets Bond ETF,etf,long,7.5298,7.5298,7.5298,7.5298,etf,0.011701542748751414,0.011701542748751414,0.011701542748751414,Fixed Income & Liquid Credit,EM Sovereign / Credit,Fixed Income / Credit,EM Debt,Global / Multi-region,Non-classifiable,Liquid,EMB,benchmark_proxy,proxy
2023-10-31,H_ES_SHORT,H_ES_SHORT,S&P 500 Overlay Short Future,future,short,2.4254,-14.552399999999999,14.552399999999999,-14.552399999999999,signed_notional,0.0037691468276477035,0.02261488096588622,-0.02261488096588622,Global Public Equities,Equity Index Overlay,Multi-Sector / Diversified,Equity Index Future,North America,Multi Cap,Liquid,SPY,underlying_proxy,proxy
2023-10-31,H_EWJ,H_EWJ,iShares MSCI Japan ETF,etf,long,5.7977,5.7977,5.7977,5.7977,etf,0.009009805624908506,0.009009805624908506,0.009009805624908506,Global Public Equities,Japan Equities,Multi-Sector / Diversified,Japan Equity ETF,Japan,Large Cap,Liquid,EWJ,lookthrough,lookthrough
2023-10-31,H_EWS,H_EWS,iShares MSCI Singapore ETF,etf,long,2.3978,2.3978,2.3978,2.3978,etf,0.0037262555715897026,0.0037262555715897026,0.0037262555715897026,Global Public Equities,Southeast Asia Equities,Multi-Sector / Diversified,Southeast Asia Equity ETF,Southeast Asia,Large Cap,Liquid,EWS,lookthrough,lookthrough
2023-10-31,H_EWY,H_EWY,iShares MSCI South Korea ETF,etf,long,4.2078,4.2078,4.2078,4.2078,etf,0.006539051711625302,0.006539051711625302,0.006539051711625302,Global Public Equities,Korea Equities,Multi-Sector / Diversified,Korea Equity ETF,Korea,Large Cap,Liquid,EWY,lookthrough,lookthrough
2023-10-31,H_GLD,H_GLD,SPDR Gold Shares,etf,long,9.1182,9.1182,9.1182,9.1182,etf,0.014169965615509726,0.014169965615509726,0.014169965615509726,Hedge Funds / Absolute Return,Gold / Defensive,Commodities / Precious Metals,Gold,Global / Multi-region,Non-classifiable,Liquid,GLD,benchmark_proxy,proxy
2023-10-31,H_GMACRO,H_GMACRO,Global Macro Hedge Fund Sleeve,fund,long,16.3695,16.3695,16.3695,16.3695,fund,0.025438710726139638,0.025438710726139638,0.025438710726139638,Hedge Funds / Absolute Return,Global Macro,Multi-Strategy,Global Macro,Global / Multi-region,Non-classifiable,Semi-Liquid,GMACRO,mandate_proxy,proxy
2023-10-31,H_GOOGL,H_GOOGL,Alphabet Class A,equity,long,7.2763,7.2763,7.2763,7.2763,equity,0.01130759588604477,0.01130759588604477,0.01130759588604477,Global Public Equities,US Mega-cap Technology,Communication Services,Interactive Media,North America,Mega Cap,Liquid,GOOGL,direct,direct
2023-10-31,H_HSI_FUT,H_HSI_FUT,Hang Seng Index Tactical Long Future,future,long,2.2809,8.21124,8.21124,8.21124,signed_notional,0.003544589345749834,0.012760521644699402,0.012760521644699402,Global Public Equities,Greater China Tactical Overlay,Multi-Sector / Diversified,Equity Index Future,Greater China,Large Cap,Liquid,2800.HK,underlying_proxy,proxy
2023-10-31,H_HSTECH,H_HSTECH,Hang Seng TECH ETF-style Exposure,etf,long,9.1237,9.1237,9.1237,9.1237,etf,0.014178512786100994,0.014178512786100994,0.014178512786100994,Global Public Equities,Hong Kong / China Technology,Information Technology,Technology ETF,Greater China,Large Cap,Liquid,3067.HK,lookthrough,lookthrough
2023-10-31,H_HYG,H_HYG,iShares High Yield Corporate Bond ETF,etf,long,8.471,8.471,8.471,8.471,etf,0.013164196741569927,0.013164196741569927,0.013164196741569927,Fixed Income & Liquid Credit,High Yield Credit,Fixed Income / Credit,High Yield Credit,North America,Non-classifiable,Liquid,HYG,benchmark_proxy,proxy
2023-10-31,H_IGIB,H_IGIB,iShares 5-10 Year Investment Grade Corporate Bond ETF,etf,long,11.2947,11.2947,11.2947,11.2947,etf,0.017552314123127122,0.017552314123127122,0.017552314123127122,Fixed Income & Liquid Credit,Investment Grade Credit,Fixed Income / Credit,Investment Grade Credit,North America,Non-classifiable,Liquid,IGIB,benchmark_proxy,proxy
2023-10-31,H_INDA,H_INDA,iShares MSCI India ETF,etf,long,5.4686,5.4686,5.4686,5.4686,etf,0.008498374017347338,0.008498374017347338,0.008498374017347338,Global Public Equities,India Equities,Multi-Sector / Diversified,India Equity ETF,India,All Cap,Liquid,INDA,lookthrough,lookthrough
2023-10-31,H_JD,H_JD,JD.com ADR,equity,long,4.5619,4.5619,4.5619,4.5619,equity,0.007089334094601327,0.007089334094601327,0.007089334094601327,Global Public Equities,China E-commerce ADR,Consumer Discretionary,Broadline Retail,Greater China,Large Cap,Liquid,JD,direct,direct
2023-10-31,H_LQD,H_LQD,iShares Investment Grade Corporate Bond ETF,etf,long,7.5298,7.5298,7.5298,7.5298,etf,0.011701542748751414,0.011701542748751414,0.011701542748751414,Fixed Income & Liquid Credit,Investment Grade Credit,Fixed Income / Credit,Investment Grade Credit,North America,Non-classifiable,Liquid,LQD,benchmark_proxy,proxy
2023-10-31,H_MKTNEUT,H_MKTNEUT,Equity Market Neutral Fund Sleeve,fund,long,14.5506,14.5506,14.5506,14.5506,fund,0.022612083710056352,0.022612083710056352,0.022612083710056352,Hedge Funds / Absolute Return,Equity Market Neutral,Multi-Strategy,Equity Market Neutral,Global / Multi-region,Non-classifiable,Semi-Liquid,MKTNEUT,mandate_proxy,proxy
2023-10-31,H_MSFT,H_MSFT,Microsoft,equity,long,8.0848,8.0848,8.0848,8.0848,equity,0.012564029962961224,0.012564029962961224,0.012564029962961224,Global Public Equities,US Mega-cap Technology,Information Technology,Software,North America,Mega Cap,Liquid,MSFT,direct,direct
2023-10-31,H_NQ_SHORT,H_NQ_SHORT,Nasdaq Overlay Short Future,future,short,1.617,-9.702,9.702,-9.702,signed_notional,0.002512868153832909,0.015077208922997453,-0.015077208922997453,Global Public Equities,Technology Overlay,Information Technology,Equity Index Future,North America,Mega Cap,Liquid,QQQ,underlying_proxy,proxy
2023-10-31,H_NVDA,H_NVDA,NVIDIA,equity,long,6.4678,6.4678,6.4678,6.4678,equity,0.010051161809128318,0.010051161809128318,0.010051161809128318,Global Public Equities,US Semiconductor Growth,Information Technology,Semiconductors,North America,Mega Cap,Liquid,NVDA,direct,direct
2023-10-31,H_PDD,H_PDD,PDD Holdings ADR,equity,long,5.4742,5.4742,5.4742,5.4742,equity,0.008507076591040264,0.008507076591040264,0.008507076591040264,Global Public Equities,China Internet ADR,Consumer Discretionary,Broadline Retail,Greater China,Large Cap,Liquid,PDD,direct,direct
2023-10-31,H_PF_APAC_LOGISTICS,H_PF_APAC_LOGISTICS,APAC Logistics Real Estate Fund,private_fund,long,6.8913,6.8913,6.8913,6.8913,private_fund,0.010709293944655984,0.010709293944655984,0.010709293944655984,Real Estate,APAC Logistics,Industrial Real Estate,APAC Logistics,Japan,Non-classifiable,Illiquid,,mandate_proxy,proxy
2023-10-31,H_PF_APEX_SECONDARIES_II,H_PF_APEX_SECONDARIES_II,Apex Secondaries Fund II,private_fund,long,16.5697,16.5697,16.5697,16.5697,private_fund,0.025749827735661812,0.025749827735661812,0.025749827735661812,Private Equity,Secondaries,Diversified / Secondaries,Secondaries,Global / Multi-region,Non-classifiable,Illiquid,,mandate_proxy,proxy
2023-10-31,H_PF_ATLAS_COINV_I,H_PF_ATLAS_COINV_I,Atlas Co-Investment Fund I,private_fund,long,18.2266,18.2266,18.2266,18.2266,private_fund,0.028324701727056832,0.028324701727056832,0.028324701727056832,Private Equity,Co-investment,Business Services,Co-investment,North America,Non-classifiable,Illiquid,,mandate_proxy,proxy
2023-10-31,H_PF_BLUE_HORIZON_III,H_PF_BLUE_HORIZON_III,Blue Horizon Ventures III,private_fund,long,14.5539,14.5539,14.5539,14.5539,private_fund,0.022617212012411115,0.022617212012411115,0.022617212012411115,Venture Capital / Growth,US Technology VC,Information Technology,US Technology VC,North America,Non-classifiable,Illiquid,,mandate_proxy,proxy
2023-10-31,H_PF_CLIMATE_ALPHA,H_PF_CLIMATE_ALPHA,Climate Alpha Fund,private_fund,long,12.1282,12.1282,12.1282,12.1282,private_fund,0.01884759897545843,0.01884759897545843,0.01884759897545843,Venture Capital / Growth,Climate Technology,Climate / Industrials,Climate Technology,Global / Multi-region,Non-classifiable,Illiquid,,mandate_proxy,proxy
2023-10-31,H_PF_COVE_SPECIALTY_FIN,H_PF_COVE_SPECIALTY_FIN,Cove Specialty Finance Fund,private_fund,long,11.8582,11.8582,11.8582,11.8582,private_fund,0.018428010600977984,0.018428010600977984,0.018428010600977984,Private Credit,Specialty Finance,Financials,Specialty Finance,North America,Non-classifiable,Illiquid,,mandate_proxy,proxy
2023-10-31,H_PF_CRESCENT_DIRECT_LEND,H_PF_CRESCENT_DIRECT_LEND,Crescent Direct Lending Fund,private_fund,long,16.9403,16.9403,16.9403,16.9403,private_fund,0.02632575163041164,0.02632575163041164,0.02632575163041164,Private Credit,Senior Direct Lending,Diversified Credit,Senior Direct Lending,North America,Non-classifiable,Illiquid,,mandate_proxy,proxy
2023-10-31,H_PF_DIGITAL_INFRA,H_PF_DIGITAL_INFRA,Horizon Digital Infrastructure Fund,private_fund,long,6.7809,6.7809,6.7809,6.7809,private_fund,0.010537728920423976,0.010537728920423976,0.010537728920423976,Infrastructure,Digital Infrastructure,Diversified,Digital Infrastructure,Global / Multi-region,Non-classifiable,Illiquid,,mandate_proxy,proxy
2023-10-31,H_PF_DRAGONBRIDGE,H_PF_DRAGONBRIDGE,DragonBridge Greater China Fund,private_fund,long,23.1976,23.1976,23.1976,23.1976,private_fund,0.036049789910546866,0.036049789910546866,0.036049789910546866,Private Equity,Asia Buyout / Greater China,Consumer / Industrials,Asia Buyout / Greater China,Greater China,Non-classifiable,Illiquid,,mandate_proxy,proxy
2023-10-31,H_PF_GLOBAL_GROWTH_II,H_PF_GLOBAL_GROWTH_II,Redwood Growth Fund II,private_fund,long,16.171,16.171,16.171,16.171,private_fund,0.025130235569345682,0.025130235569345682,0.025130235569345682,Venture Capital / Growth,Global Growth Equity,Information Technology / Consumer,Global Growth Equity,Global / Multi-region,Non-classifiable,Illiquid,,mandate_proxy,proxy
2023-10-31,H_PF_HARBOR_PEAK_V,H_PF_HARBOR_PEAK_V,Harbor Peak Partners V,private_fund,long,24.8545,24.8545,24.8545,24.8545,private_fund,0.038624663901941886,0.038624663901941886,0.038624663901941886,Private Equity,Secondaries,Diversified / Secondaries,Secondaries,Global / Multi-region,Non-classifiable,Illiquid,,mandate_proxy,proxy
2023-10-31,H_PF_HARBOUR_CORE_RE,H_PF_HARBOUR_CORE_RE,Harbour Core Real Estate Fund,private_fund,long,17.2282,17.2282,17.2282,17.2282,private_fund,0.02677315716008913,0.02677315716008913,0.02677315716008913,Real Estate,Core Real Estate,Real Estate,Core Real Estate,Global / Multi-region,Non-classifiable,Illiquid,,mandate_proxy,proxy
2023-10-31,H_PF_HOME_MULTIFAMILY,H_PF_HOME_MULTIFAMILY,HomeStone Multifamily Fund,private_fund,long,10.3369,10.3369,10.3369,10.3369,private_fund,0.016063863215433145,0.016063863215433145,0.016063863215433145,Real Estate,US Multifamily,Residential Real Estate,US Multifamily,North America,Non-classifiable,Illiquid,,mandate_proxy,proxy
2023-10-31,H_PF_INDIA_DIGITAL,H_PF_INDIA_DIGITAL,Indigo India Digital Growth Fund,private_fund,long,9.7026,9.7026,9.7026,9.7026,private_fund,0.015078141341607409,0.015078141341607409,0.015078141341607409,Venture Capital / Growth,India Digital Growth,Information Technology,India Digital Growth,India,Non-classifiable,Illiquid,,mandate_proxy,proxy
2023-10-31,H_PF_INFRA_CORE,H_PF_INFRA_CORE,Evergreen Core Infrastructure Fund,private_fund,long,10.1714,10.1714,10.1714,10.1714,private_fund,0.015806671082186797,0.015806671082186797,0.015806671082186797,Infrastructure,Core Infrastructure,Infrastructure,Core Infrastructure,Global / Multi-region,Non-classifiable,Illiquid,,mandate_proxy,proxy
2023-10-31,H_PF_LIONROCK_CREDIT,H_PF_LIONROCK_CREDIT,LionRock Asia Private Credit Fund,private_fund,long,13.9757,13.9757,13.9757,13.9757,private_fund,0.021718671278616316,0.021718671278616316,0.021718671278616316,Private Credit,Asia Private Credit,Diversified Credit,Asia Private Credit,Southeast Asia,Non-classifiable,Illiquid,,mandate_proxy,proxy
2023-10-31,H_PF_METRO_LOGISTICS,H_PF_METRO_LOGISTICS,Metro Logistics Fund,private_fund,long,10.7676,10.7676,10.7676,10.7676,private_fund,0.01673318437428029,0.01673318437428029,0.01673318437428029,Real Estate,Logistics Real Estate,Industrial Real Estate,Logistics Real Estate,Southeast Asia,Non-classifiable,Illiquid,,mandate_proxy,proxy
2023-10-31,H_PF_NORTHSTAR_IV,H_PF_NORTHSTAR_IV,Northstar Buyout Fund IV,private_fund,long,28.9969,28.9969,28.9969,28.9969,private_fund,0.04506208198508192,0.04506208198508192,0.04506208198508192,Private Equity,Buyout,Industrials,Buyout,North America,Non-classifiable,Illiquid,,mandate_proxy,proxy
2023-10-31,H_PF_RENEWABLES_II,H_PF_RENEWABLES_II,SolarBridge Renewables Fund II,private_fund,long,8.4762,8.4762,8.4762,8.4762,private_fund,0.013172277702856217,0.013172277702856217,0.013172277702856217,Infrastructure,Renewables,Utilities / Infrastructure,Renewables,Global / Multi-region,Non-classifiable,Illiquid,,mandate_proxy,proxy
2023-10-31,H_PF_SEEDSPRING_I,H_PF_SEEDSPRING_I,SeedSpring Southeast Asia VC Fund I,private_fund,long,8.0855,8.0855,8.0855,8.0855,private_fund,0.012565117784672841,0.012565117784672841,0.012565117784672841,Venture Capital / Growth,Southeast Asia VC,Information Technology / Consumer,Southeast Asia VC,Southeast Asia,Non-classifiable,Illiquid,,mandate_proxy,proxy
2023-10-31,H_PF_SPRING_OPP_CREDIT,H_PF_SPRING_OPP_CREDIT,Spring Point Opportunistic Credit Fund,private_fund,long,14.3992,14.3992,14.3992,14.3992,private_fund,0.022376803414143984,0.022376803414143984,0.022376803414143984,Private Credit,Opportunistic Credit,Special Situations Credit,Opportunistic Credit,Global / Multi-region,Non-classifiable,Illiquid,,mandate_proxy,proxy
2023-10-31,H_QAI,H_QAI,Multi-Strategy Liquid Alternatives ETF Proxy,etf,long,6.3659,6.3659,6.3659,6.3659,etf,0.009892806048537362,0.009892806048537362,0.009892806048537362,Hedge Funds / Absolute Return,Multi-Strategy Absolute Return,Multi-Strategy,Absolute Return,Global / Multi-region,Non-classifiable,Liquid,QAI,benchmark_proxy,proxy
2023-10-31,H_QQQ,H_QQQ,Invesco QQQ Trust,etf,long,19.4034,19.4034,19.4034,19.4034,etf,0.03015348542738495,0.03015348542738495,0.03015348542738495,Global Public Equities,US Technology / Growth,Information Technology,Growth / Technology ETF,North America,Mega Cap,Liquid,QQQ,lookthrough,lookthrough
2023-10-31,H_SPY,H_SPY,SPDR S&P 500 ETF,etf,long,32.3391,32.3391,32.3391,32.3391,etf,0.050255964448743244,0.050255964448743244,0.050255964448743244,Global Public Equities,US Large Cap Core,Multi-Sector / Diversified,Broad Market ETF,North America,Multi Cap,Liquid,SPY,lookthrough,lookthrough
2023-10-31,H_SPY_PUT,H_SPY_PUT,S&P 500 Protective Put Overlay,listed_option,long,1.617,-6.468,9.702,-6.468,delta_adjusted_exposure,0.002512868153832909,0.015077208922997453,-0.010051472615331635,Global Public Equities,Options Overlay,Multi-Sector / Diversified,Equity Index Option,North America,Multi Cap,Liquid,SPY,underlying_proxy,proxy
2023-10-31,H_TLT,H_TLT,iShares 20+ Year Treasury Bond ETF,etf,long,13.1771,13.1771,13.1771,13.1771,etf,0.020477622108764144,0.020477622108764144,0.020477622108764144,Fixed Income & Liquid Credit,Long Duration Treasuries,Fixed Income / Sovereign,Government Bonds,North America,Non-classifiable,Liquid,TLT,benchmark_proxy,proxy
2023-10-31,H_VNQ,H_VNQ,US Listed REIT ETF Proxy,etf,long,5.4565,5.4565,5.4565,5.4565,etf,0.008479570242046547,0.008479570242046547,0.008479570242046547,Hedge Funds / Absolute Return,Listed Real Estate,Real Estate,REITs,North America,Mid Cap,Liquid,VNQ,lookthrough,lookthrough
2023-11-30,H_2800HK,H_2800HK,Tracker Fund of Hong Kong ETF,etf,long,10.7387,10.7387,10.7387,10.7387,etf,0.016702767053427638,0.016702767053427638,0.016702767053427638,Global Public Equities,Hong Kong Broad Market,Multi-Sector / Diversified,Hong Kong Equity ETF,Greater China,Large Cap,Liquid,2800.HK,lookthrough,lookthrough
2023-11-30,H_ACWI,H_ACWI,iShares MSCI ACWI ETF,etf,long,16.4219,16.4219,16.4219,16.4219,etf,0.02554230682249093,0.02554230682249093,0.02554230682249093,Global Public Equities,Global Equity Core,Multi-Sector / Diversified,Broad Market ETF,Global / Multi-region,Multi Cap,Liquid,ACWI,lookthrough,lookthrough
2023-11-30,H_AGG,H_AGG,iShares Core US Aggregate Bond ETF,etf,long,22.5336,22.5336,22.5336,22.5336,etf,0.03504832723468549,0.03504832723468549,0.03504832723468549,Fixed Income & Liquid Credit,US Aggregate Bonds,Fixed Income / Credit,Aggregate Bonds,North America,Non-classifiable,Liquid,AGG,benchmark_proxy,proxy
2023-11-30,H_BABA,H_BABA,Alibaba ADR,equity,long,6.2642,6.2642,6.2642,6.2642,equity,0.009743215973635675,0.009743215973635675,0.009743215973635675,Global Public Equities,China Internet ADR,Consumer Discretionary,Broadline Retail,Greater China,Large Cap,Liquid,BABA,direct,direct
2023-11-30,H_BIL,H_BIL,SPDR 1-3 Month T-Bill ETF,etf,long,7.5112,7.5112,7.5112,7.5112,etf,0.011682775744895162,0.011682775744895162,0.011682775744895162,Fixed Income & Liquid Credit,Treasury Bills,Fixed Income / Sovereign,Treasury Bills,North America,Non-classifiable,Liquid,BIL,benchmark_proxy,proxy
2023-11-30,H_BRKB,H_BRKB,Berkshire Hathaway Class B,equity,long,9.7235,9.7235,9.7235,9.7235,equity,0.015123744535558648,0.015123744535558648,0.015123744535558648,Global Public Equities,US Quality Compounder,Financials,Multi-Sector Holdings,North America,Mega Cap,Liquid,BRK.B,direct,direct
2023-11-30,H_CASH_HKD,H_CASH_HKD,HKD Working Capital,cash,long,2.319,2.319,2.319,2.319,cash,0.0036069279146357285,0.0036069279146357285,0.0036069279146357285,Cash & Liquidity,Cash Accounts,Cash,Cash,Global / Multi-region,Non-classifiable,Cash,,direct,direct
2023-11-30,H_CASH_JPY,H_CASH_JPY,JPY Treasury Buffer,cash,long,1.546,1.546,1.546,1.546,cash,0.002404618609757152,0.002404618609757152,0.002404618609757152,Cash & Liquidity,Cash Accounts,Cash,Cash,Global / Multi-region,Non-classifiable,Cash,,direct,direct
2023-11-30,H_CASH_OPS_USD,H_CASH_OPS_USD,USD Operating Cash,cash,long,11.5948,11.5948,11.5948,11.5948,cash,0.018034328497032487,0.018034328497032487,0.018034328497032487,Cash & Liquidity,Cash Accounts,Cash,Cash,Global / Multi-region,Non-classifiable,Cash,,direct,direct
2023-11-30,H_CASH_RESERVE_USD,H_CASH_RESERVE_USD,USD Liquidity Reserve,cash,long,4.3481,4.3481,4.3481,4.3481,cash,0.006762950955423721,0.006762950955423721,0.006762950955423721,Cash & Liquidity,Cash Accounts,Cash,Cash,Global / Multi-region,Non-classifiable,Cash,,direct,direct
2023-11-30,H_CASH_SGD,H_CASH_SGD,SGD Near-Term Reserve,cash,long,1.9325,1.9325,1.9325,1.9325,cash,0.0030057732621964406,0.0030057732621964406,0.0030057732621964406,Cash & Liquidity,Cash Accounts,Cash,Cash,Global / Multi-region,Non-classifiable,Cash,,direct,direct
2023-11-30,H_CNYA,H_CNYA,iShares MSCI China A ETF,etf,long,7.1591,7.1591,7.1591,7.1591,etf,0.011135126189594067,0.011135126189594067,0.011135126189594067,Global Public Equities,China A-Shares,Multi-Sector / Diversified,China A-Shares ETF,Greater China,All Cap,Liquid,CNYA,lookthrough,lookthrough
2023-11-30,H_DBC,H_DBC,Broad Commodities ETF Proxy,etf,long,7.2381,7.2381,7.2381,7.2381,etf,0.01125800126732422,0.01125800126732422,0.01125800126732422,Hedge Funds / Absolute Return,Commodities,Commodities,Broad Commodities,Global / Multi-region,Non-classifiable,Liquid,DBC,benchmark_proxy,proxy
2023-11-30,H_DBMF,H_DBMF,Managed Futures ETF Proxy,etf,long,9.0477,9.0477,9.0477,9.0477,etf,0.014072618237710083,0.014072618237710083,0.014072618237710083,Hedge Funds / Absolute Return,Managed Futures,Multi-Strategy,Managed Futures,Global / Multi-region,Non-classifiable,Liquid,DBMF,benchmark_proxy,proxy
2023-11-30,H_EEM,H_EEM,iShares MSCI Emerging Markets ETF,etf,long,5.7477,5.7477,5.7477,5.7477,etf,0.008939861826197402,0.008939861826197402,0.008939861826197402,Global Public Equities,Emerging Markets Core,Multi-Sector / Diversified,EM Equity ETF,Global / Multi-region,All Cap,Liquid,EEM,lookthrough,lookthrough
2023-11-30,H_EMB,H_EMB,iShares Emerging Markets Bond ETF,etf,long,7.5112,7.5112,7.5112,7.5112,etf,0.011682775744895162,0.011682775744895162,0.011682775744895162,Fixed Income & Liquid Credit,EM Sovereign / Credit,Fixed Income / Credit,EM Debt,Global / Multi-region,Non-classifiable,Liquid,EMB,benchmark_proxy,proxy
2023-11-30,H_ES_SHORT,H_ES_SHORT,S&P 500 Overlay Short Future,future,short,2.4309,-14.585399999999998,14.585399999999998,-14.585399999999998,signed_notional,0.0037809750184079308,0.022685850110447582,-0.022685850110447582,Global Public Equities,Equity Index Overlay,Multi-Sector / Diversified,Equity Index Future,North America,Multi Cap,Liquid,SPY,underlying_proxy,proxy
2023-11-30,H_EWJ,H_EWJ,iShares MSCI Japan ETF,etf,long,5.7615,5.7615,5.7615,5.7615,etf,0.00896132608028191,0.00896132608028191,0.00896132608028191,Global Public Equities,Japan Equities,Multi-Sector / Diversified,Japan Equity ETF,Japan,Large Cap,Liquid,EWJ,lookthrough,lookthrough
2023-11-30,H_EWS,H_EWS,iShares MSCI Singapore ETF,etf,long,2.3669,2.3669,2.3669,2.3669,etf,0.0036814306516392,0.0036814306516392,0.0036814306516392,Global Public Equities,Southeast Asia Equities,Multi-Sector / Diversified,Southeast Asia Equity ETF,Southeast Asia,Large Cap,Liquid,EWS,lookthrough,lookthrough
2023-11-30,H_EWY,H_EWY,iShares MSCI South Korea ETF,etf,long,4.1559,4.1559,4.1559,4.1559,etf,0.0064640067789713766,0.0064640067789713766,0.0064640067789713766,Global Public Equities,Korea Equities,Multi-Sector / Diversified,Korea Equity ETF,Korea,Large Cap,Liquid,EWY,lookthrough,lookthrough
2023-11-30,H_GLD,H_GLD,SPDR Gold Shares,etf,long,9.089,9.089,9.089,9.089,etf,0.01413685546189053,0.01413685546189053,0.01413685546189053,Hedge Funds / Absolute Return,Gold / Defensive,Commodities / Precious Metals,Gold,Global / Multi-region,Non-classifiable,Liquid,GLD,benchmark_proxy,proxy
2023-11-30,H_GMACRO,H_GMACRO,Global Macro Hedge Fund Sleeve,fund,long,16.2858,16.2858,16.2858,16.2858,fund,0.025330619505034298,0.025330619505034298,0.025330619505034298,Hedge Funds / Absolute Return,Global Macro,Multi-Strategy,Global Macro,Global / Multi-region,Non-classifiable,Semi-Liquid,GMACRO,mandate_proxy,proxy
2023-11-30,H_GOOGL,H_GOOGL,Alphabet Class A,equity,long,7.2926,7.2926,7.2926,7.2926,equity,0.011342769517150717,0.011342769517150717,0.011342769517150717,Global Public Equities,US Mega-cap Technology,Communication Services,Interactive Media,North America,Mega Cap,Liquid,GOOGL,direct,direct
2023-11-30,H_HSI_FUT,H_HSI_FUT,Hang Seng Index Tactical Long Future,future,long,2.2372,8.05392,8.05392,8.05392,signed_notional,0.0034796977708594443,0.012526911975093999,0.012526911975093999,Global Public Equities,Greater China Tactical Overlay,Multi-Sector / Diversified,Equity Index Future,Greater China,Large Cap,Liquid,2800.HK,underlying_proxy,proxy
2023-11-30,H_HSTECH,H_HSTECH,Hang Seng TECH ETF-style Exposure,etf,long,8.9489,8.9489,8.9489,8.9489,etf,0.013918946621510853,0.013918946621510853,0.013918946621510853,Global Public Equities,Hong Kong / China Technology,Information Technology,Technology ETF,Greater China,Large Cap,Liquid,3067.HK,lookthrough,lookthrough
2023-11-30,H_HYG,H_HYG,iShares High Yield Corporate Bond ETF,etf,long,8.4501,8.4501,8.4501,8.4501,etf,0.01314312271300706,0.01314312271300706,0.01314312271300706,Fixed Income & Liquid Credit,High Yield Credit,Fixed Income / Credit,High Yield Credit,North America,Non-classifiable,Liquid,HYG,benchmark_proxy,proxy
2023-11-30,H_IGIB,H_IGIB,iShares 5-10 Year Investment Grade Corporate Bond ETF,etf,long,11.2668,11.2668,11.2668,11.2668,etf,0.017524163617342745,0.017524163617342745,0.017524163617342745,Fixed Income & Liquid Credit,Investment Grade Credit,Fixed Income / Credit,Investment Grade Credit,North America,Non-classifiable,Liquid,IGIB,benchmark_proxy,proxy
2023-11-30,H_INDA,H_INDA,iShares MSCI India ETF,etf,long,5.4613,5.4613,5.4613,5.4613,etf,0.008494400784907331,0.008494400784907331,0.008494400784907331,Global Public Equities,India Equities,Multi-Sector / Diversified,India Equity ETF,India,All Cap,Liquid,INDA,lookthrough,lookthrough
2023-11-30,H_JD,H_JD,JD.com ADR,equity,long,4.4744,4.4744,4.4744,4.4744,equity,0.006959395541718889,0.006959395541718889,0.006959395541718889,Global Public Equities,China E-commerce ADR,Consumer Discretionary,Broadline Retail,Greater China,Large Cap,Liquid,JD,direct,direct
2023-11-30,H_LQD,H_LQD,iShares Investment Grade Corporate Bond ETF,etf,long,7.5112,7.5112,7.5112,7.5112,etf,0.011682775744895162,0.011682775744895162,0.011682775744895162,Fixed Income & Liquid Credit,Investment Grade Credit,Fixed Income / Credit,Investment Grade Credit,North America,Non-classifiable,Liquid,LQD,benchmark_proxy,proxy
2023-11-30,H_MKTNEUT,H_MKTNEUT,Equity Market Neutral Fund Sleeve,fund,long,14.4762,14.4762,14.4762,14.4762,fund,0.02251600253464844,0.02251600253464844,0.02251600253464844,Hedge Funds / Absolute Return,Equity Market Neutral,Multi-Strategy,Equity Market Neutral,Global / Multi-region,Non-classifiable,Semi-Liquid,MKTNEUT,mandate_proxy,proxy
2023-11-30,H_MSFT,H_MSFT,Microsoft,equity,long,8.1029,8.1029,8.1029,8.1029,equity,0.012603094523286694,0.012603094523286694,0.012603094523286694,Global Public Equities,US Mega-cap Technology,Information Technology,Software,North America,Mega Cap,Liquid,MSFT,direct,direct
2023-11-30,H_NQ_SHORT,H_NQ_SHORT,Nasdaq Overlay Short Future,future,short,1.6206,-9.723600000000001,9.723600000000001,-9.723600000000001,signed_notional,0.002520650012271954,0.015123900073631727,-0.015123900073631727,Global Public Equities,Technology Overlay,Information Technology,Equity Index Future,North America,Mega Cap,Liquid,QQQ,underlying_proxy,proxy
2023-11-30,H_NVDA,H_NVDA,NVIDIA,equity,long,6.4823,6.4823,6.4823,6.4823,equity,0.01008244451101474,0.01008244451101474,0.01008244451101474,Global Public Equities,US Semiconductor Growth,Information Technology,Semiconductors,North America,Mega Cap,Liquid,NVDA,direct,direct
2023-11-30,H_PDD,H_PDD,PDD Holdings ADR,equity,long,5.3693,5.3693,5.3693,5.3693,equity,0.008351305757677282,0.008351305757677282,0.008351305757677282,Global Public Equities,China Internet ADR,Consumer Discretionary,Broadline Retail,Greater China,Large Cap,Liquid,PDD,direct,direct
2023-11-30,H_PF_APAC_LOGISTICS,H_PF_APAC_LOGISTICS,APAC Logistics Real Estate Fund,private_fund,long,6.8883,6.8883,6.8883,6.8883,private_fund,0.010713929087703876,0.010713929087703876,0.010713929087703876,Real Estate,APAC Logistics,Industrial Real Estate,APAC Logistics,Japan,Non-classifiable,Illiquid,,mandate_proxy,proxy
2023-11-30,H_PF_APEX_SECONDARIES_II,H_PF_APEX_SECONDARIES_II,Apex Secondaries Fund II,private_fund,long,16.6504,16.6504,16.6504,16.6504,private_fund,0.025897711319469916,0.025897711319469916,0.025897711319469916,Private Equity,Secondaries,Diversified / Secondaries,Secondaries,Global / Multi-region,Non-classifiable,Illiquid,,mandate_proxy,proxy
2023-11-30,H_PF_ATLAS_COINV_I,H_PF_ATLAS_COINV_I,Atlas Co-Investment Fund I,private_fund,long,18.3154,18.3154,18.3154,18.3154,private_fund,0.028487420236187676,0.028487420236187676,0.028487420236187676,Private Equity,Co-investment,Business Services,Co-investment,North America,Non-classifiable,Illiquid,,mandate_proxy,proxy
2023-11-30,H_PF_BLUE_HORIZON_III,H_PF_BLUE_HORIZON_III,Blue Horizon Ventures III,private_fund,long,14.5807,14.5807,14.5807,14.5807,private_fund,0.02267853982101301,0.02267853982101301,0.02267853982101301,Venture Capital / Growth,US Technology VC,Information Technology,US Technology VC,North America,Non-classifiable,Illiquid,,mandate_proxy,proxy
2023-11-30,H_PF_CLIMATE_ALPHA,H_PF_CLIMATE_ALPHA,Climate Alpha Fund,private_fund,long,12.1506,12.1506,12.1506,12.1506,private_fund,0.018898809107189687,0.018898809107189687,0.018898809107189687,Venture Capital / Growth,Climate Technology,Climate / Industrials,Climate Technology,Global / Multi-region,Non-classifiable,Illiquid,,mandate_proxy,proxy
2023-11-30,H_PF_COVE_SPECIALTY_FIN,H_PF_COVE_SPECIALTY_FIN,Cove Specialty Finance Fund,private_fund,long,11.8918,11.8918,11.8918,11.8918,private_fund,0.018496276574068632,0.018496276574068632,0.018496276574068632,Private Credit,Specialty Finance,Financials,Specialty Finance,North America,Non-classifiable,Illiquid,,mandate_proxy,proxy
2023-11-30,H_PF_CRESCENT_DIRECT_LEND,H_PF_CRESCENT_DIRECT_LEND,Crescent Direct Lending Fund,private_fund,long,16.9883,16.9883,16.9883,16.9883,private_fund,0.026423274468394195,0.026423274468394195,0.026423274468394195,Private Credit,Senior Direct Lending,Diversified Credit,Senior Direct Lending,North America,Non-classifiable,Illiquid,,mandate_proxy,proxy
2023-11-30,H_PF_DIGITAL_INFRA,H_PF_DIGITAL_INFRA,Horizon Digital Infrastructure Fund,private_fund,long,6.7837,6.7837,6.7837,6.7837,private_fund,0.01055123626326623,0.01055123626326623,0.01055123626326623,Infrastructure,Digital Infrastructure,Diversified,Digital Infrastructure,Global / Multi-region,Non-classifiable,Illiquid,,mandate_proxy,proxy
2023-11-30,H_PF_DRAGONBRIDGE,H_PF_DRAGONBRIDGE,DragonBridge Greater China Fund,private_fund,long,23.3105,23.3105,23.3105,23.3105,private_fund,0.036256702524414035,0.036256702524414035,0.036256702524414035,Private Equity,Asia Buyout / Greater China,Consumer / Industrials,Asia Buyout / Greater China,Greater China,Non-classifiable,Illiquid,,mandate_proxy,proxy
2023-11-30,H_PF_GLOBAL_GROWTH_II,H_PF_GLOBAL_GROWTH_II,Redwood Growth Fund II,private_fund,long,16.2008,16.2008,16.2008,16.2008,private_fund,0.025198412142919582,0.025198412142919582,0.025198412142919582,Venture Capital / Growth,Global Growth Equity,Information Technology / Consumer,Global Growth Equity,Global / Multi-region,Non-classifiable,Illiquid,,mandate_proxy,proxy
2023-11-30,H_PF_HARBOR_PEAK_V,H_PF_HARBOR_PEAK_V,Harbor Peak Partners V,private_fund,long,24.9756,24.9756,24.9756,24.9756,private_fund,0.03884656697920487,0.03884656697920487,0.03884656697920487,Private Equity,Secondaries,Diversified / Secondaries,Secondaries,Global / Multi-region,Non-classifiable,Illiquid,,mandate_proxy,proxy
2023-11-30,H_PF_HARBOUR_CORE_RE,H_PF_HARBOUR_CORE_RE,Harbour Core Real Estate Fund,private_fund,long,17.2209,17.2209,17.2209,17.2209,private_fund,0.026785056026369304,0.026785056026369304,0.026785056026369304,Real Estate,Core Real Estate,Real Estate,Core Real Estate,Global / Multi-region,Non-classifiable,Illiquid,,mandate_proxy,proxy
2023-11-30,H_PF_HOME_MULTIFAMILY,H_PF_HOME_MULTIFAMILY,HomeStone Multifamily Fund,private_fund,long,10.3325,10.3325,10.3325,10.3325,private_fund,0.01607097140059235,0.01607097140059235,0.01607097140059235,Real Estate,US Multifamily,Residential Real Estate,US Multifamily,North America,Non-classifiable,Illiquid,,mandate_proxy,proxy
2023-11-30,H_PF_INDIA_DIGITAL,H_PF_INDIA_DIGITAL,Indigo India Digital Growth Fund,private_fund,long,9.7205,9.7205,9.7205,9.7205,private_fund,0.015119078393366363,0.015119078393366363,0.015119078393366363,Venture Capital / Growth,India Digital Growth,Information Technology,India Digital Growth,India,Non-classifiable,Illiquid,,mandate_proxy,proxy
2023-11-30,H_PF_INFRA_CORE,H_PF_INFRA_CORE,Evergreen Core Infrastructure Fund,private_fund,long,10.1756,10.1756,10.1756,10.1756,private_fund,0.015826932163935884,0.015826932163935884,0.015826932163935884,Infrastructure,Core Infrastructure,Infrastructure,Core Infrastructure,Global / Multi-region,Non-classifiable,Illiquid,,mandate_proxy,proxy
2023-11-30,H_PF_LIONROCK_CREDIT,H_PF_LIONROCK_CREDIT,LionRock Asia Private Credit Fund,private_fund,long,14.0154,14.0154,14.0154,14.0154,private_fund,0.021799283093913577,0.021799283093913577,0.021799283093913577,Private Credit,Asia Private Credit,Diversified Credit,Asia Private Credit,Southeast Asia,Non-classifiable,Illiquid,,mandate_proxy,proxy
2023-11-30,H_PF_METRO_LOGISTICS,H_PF_METRO_LOGISTICS,Metro Logistics Fund,private_fund,long,10.763,10.763,10.763,10.763,private_fund,0.01674056280518514,0.01674056280518514,0.01674056280518514,Real Estate,Logistics Real Estate,Industrial Real Estate,Logistics Real Estate,Southeast Asia,Non-classifiable,Illiquid,,mandate_proxy,proxy
2023-11-30,H_PF_NORTHSTAR_IV,H_PF_NORTHSTAR_IV,Northstar Buyout Fund IV,private_fund,long,29.1382,29.1382,29.1382,29.1382,private_fund,0.045320994809072354,0.045320994809072354,0.045320994809072354,Private Equity,Buyout,Industrials,Buyout,North America,Non-classifiable,Illiquid,,mandate_proxy,proxy
2023-11-30,H_PF_RENEWABLES_II,H_PF_RENEWABLES_II,SolarBridge Renewables Fund II,private_fund,long,8.4797,8.4797,8.4797,8.4797,private_fund,0.013189161982637596,0.013189161982637596,0.013189161982637596,Infrastructure,Renewables,Utilities / Infrastructure,Renewables,Global / Multi-region,Non-classifiable,Illiquid,,mandate_proxy,proxy
2023-11-30,H_PF_SEEDSPRING_I,H_PF_SEEDSPRING_I,SeedSpring Southeast Asia VC Fund I,private_fund,long,8.1004,8.1004,8.1004,8.1004,private_fund,0.012599206071459791,0.012599206071459791,0.012599206071459791,Venture Capital / Growth,Southeast Asia VC,Information Technology / Consumer,Southeast Asia VC,Southeast Asia,Non-classifiable,Illiquid,,mandate_proxy,proxy
2023-11-30,H_PF_SPRING_OPP_CREDIT,H_PF_SPRING_OPP_CREDIT,Spring Point Opportunistic Credit Fund,private_fund,long,14.4401,14.4401,14.4401,14.4401,private_fund,0.02245985329026795,0.02245985329026795,0.02245985329026795,Private Credit,Opportunistic Credit,Special Situations Credit,Opportunistic Credit,Global / Multi-region,Non-classifiable,Illiquid,,mandate_proxy,proxy
2023-11-30,H_QAI,H_QAI,Multi-Strategy Liquid Alternatives ETF Proxy,etf,long,6.3334,6.3334,6.3334,6.3334,etf,0.009850848320204365,0.009850848320204365,0.009850848320204365,Hedge Funds / Absolute Return,Multi-Strategy Absolute Return,Multi-Strategy,Absolute Return,Global / Multi-region,Non-classifiable,Liquid,QAI,benchmark_proxy,proxy
2023-11-30,H_QQQ,H_QQQ,Invesco QQQ Trust,etf,long,19.447,19.447,19.447,19.447,etf,0.030247489071117295,0.030247489071117295,0.030247489071117295,Global Public Equities,US Technology / Growth,Information Technology,Growth / Technology ETF,North America,Mega Cap,Liquid,QQQ,lookthrough,lookthrough
2023-11-30,H_SPY,H_SPY,SPDR S&P 500 ETF,etf,long,32.4117,32.4117,32.4117,32.4117,etf,0.05041253363121986,0.05041253363121986,0.05041253363121986,Global Public Equities,US Large Cap Core,Multi-Sector / Diversified,Broad Market ETF,North America,Multi Cap,Liquid,SPY,lookthrough,lookthrough
2023-11-30,H_SPY_PUT,H_SPY_PUT,S&P 500 Protective Put Overlay,listed_option,long,1.6206,-6.4824,9.723600000000001,-6.4824,delta_adjusted_exposure,0.002520650012271954,0.015123900073631727,-0.010082600049087816,Global Public Equities,Options Overlay,Multi-Sector / Diversified,Equity Index Option,North America,Multi Cap,Liquid,SPY,underlying_proxy,proxy
2023-11-30,H_TLT,H_TLT,iShares 20+ Year Treasury Bond ETF,etf,long,13.1446,13.1446,13.1446,13.1446,etf,0.020444857553566537,0.020444857553566537,0.020444857553566537,Fixed Income & Liquid Credit,Long Duration Treasuries,Fixed Income / Sovereign,Government Bonds,North America,Non-classifiable,Liquid,TLT,benchmark_proxy,proxy
2023-11-30,H_VNQ,H_VNQ,US Listed REIT ETF Proxy,etf,long,5.4286,5.4286,5.4286,5.4286,etf,0.008443539835011435,0.008443539835011435,0.008443539835011435,Hedge Funds / Absolute Return,Listed Real Estate,Real Estate,REITs,North America,Mid Cap,Liquid,VNQ,lookthrough,lookthrough
2023-12-31,H_2800HK,H_2800HK,Tracker Fund of Hong Kong ETF,etf,long,10.4732,10.4732,10.4732,10.4732,etf,0.016351630947630192,0.016351630947630192,0.016351630947630192,Global Public Equities,Hong Kong Broad Market,Multi-Sector / Diversified,Hong Kong Equity ETF,Greater China,Large Cap,Liquid,2800.HK,lookthrough,lookthrough
2023-12-31,H_ACWI,H_ACWI,iShares MSCI ACWI ETF,etf,long,16.3169,16.3169,16.3169,16.3169,etf,0.025475301436942585,0.025475301436942585,0.025475301436942585,Global Public Equities,Global Equity Core,Multi-Sector / Diversified,Broad Market ETF,Global / Multi-region,Multi Cap,Liquid,ACWI,lookthrough,lookthrough
2023-12-31,H_AGG,H_AGG,iShares Core US Aggregate Bond ETF,etf,long,22.4196,22.4196,22.4196,22.4196,etf,0.03500334426856069,0.03500334426856069,0.03500334426856069,Fixed Income & Liquid Credit,US Aggregate Bonds,Fixed Income / Credit,Aggregate Bonds,North America,Non-classifiable,Liquid,AGG,benchmark_proxy,proxy
2023-12-31,H_BABA,H_BABA,Alibaba ADR,equity,long,6.1093,6.1093,6.1093,6.1093,equity,0.009538347300572616,0.009538347300572616,0.009538347300572616,Global Public Equities,China Internet ADR,Consumer Discretionary,Broadline Retail,Greater China,Large Cap,Liquid,BABA,direct,direct
2023-12-31,H_BIL,H_BIL,SPDR 1-3 Month T-Bill ETF,etf,long,7.4732,7.4732,7.4732,7.4732,etf,0.011667781422853565,0.011667781422853565,0.011667781422853565,Fixed Income & Liquid Credit,Treasury Bills,Fixed Income / Sovereign,Treasury Bills,North America,Non-classifiable,Liquid,BIL,benchmark_proxy,proxy
2023-12-31,H_BRKB,H_BRKB,Berkshire Hathaway Class B,equity,long,9.6878,9.6878,9.6878,9.6878,equity,0.01512539914204367,0.01512539914204367,0.01512539914204367,Global Public Equities,US Quality Compounder,Financials,Multi-Sector Holdings,North America,Mega Cap,Liquid,BRK.B,direct,direct
2023-12-31,H_CASH_HKD,H_CASH_HKD,HKD Working Capital,cash,long,2.3184,2.3184,2.3184,2.3184,cash,0.0036196789127473776,0.0036196789127473776,0.0036196789127473776,Cash & Liquidity,Cash Accounts,Cash,Cash,Global / Multi-region,Non-classifiable,Cash,,direct,direct
2023-12-31,H_CASH_JPY,H_CASH_JPY,JPY Treasury Buffer,cash,long,1.5456,1.5456,1.5456,1.5456,cash,0.0024131192751649187,0.0024131192751649187,0.0024131192751649187,Cash & Liquidity,Cash Accounts,Cash,Cash,Global / Multi-region,Non-classifiable,Cash,,direct,direct
2023-12-31,H_CASH_OPS_USD,H_CASH_OPS_USD,USD Operating Cash,cash,long,11.592,11.592,11.592,11.592,cash,0.01809839456373689,0.01809839456373689,0.01809839456373689,Cash & Liquidity,Cash Accounts,Cash,Cash,Global / Multi-region,Non-classifiable,Cash,,direct,direct
2023-12-31,H_CASH_RESERVE_USD,H_CASH_RESERVE_USD,USD Liquidity Reserve,cash,long,4.347,4.347,4.347,4.347,cash,0.006786897961401334,0.006786897961401334,0.006786897961401334,Cash & Liquidity,Cash Accounts,Cash,Cash,Global / Multi-region,Non-classifiable,Cash,,direct,direct
2023-12-31,H_CASH_SGD,H_CASH_SGD,SGD Near-Term Reserve,cash,long,1.932,1.932,1.932,1.932,cash,0.003016399093956148,0.003016399093956148,0.003016399093956148,Cash & Liquidity,Cash Accounts,Cash,Cash,Global / Multi-region,Non-classifiable,Cash,,direct,direct
2023-12-31,H_CNYA,H_CNYA,iShares MSCI China A ETF,etf,long,6.9821,6.9821,6.9821,6.9821,etf,0.01090103525564763,0.01090103525564763,0.01090103525564763,Global Public Equities,China A-Shares,Multi-Sector / Diversified,China A-Shares ETF,Greater China,All Cap,Liquid,CNYA,lookthrough,lookthrough
2023-12-31,H_DBC,H_DBC,Broad Commodities ETF Proxy,etf,long,7.1788,7.1788,7.1788,7.1788,etf,0.011208139656155485,0.011208139656155485,0.011208139656155485,Hedge Funds / Absolute Return,Commodities,Commodities,Broad Commodities,Global / Multi-region,Non-classifiable,Liquid,DBC,benchmark_proxy,proxy
2023-12-31,H_DBMF,H_DBMF,Managed Futures ETF Proxy,etf,long,8.9735,8.9735,8.9735,8.9735,etf,0.014010174570194356,0.014010174570194356,0.014010174570194356,Hedge Funds / Absolute Return,Managed Futures,Multi-Strategy,Managed Futures,Global / Multi-region,Non-classifiable,Liquid,DBMF,benchmark_proxy,proxy
2023-12-31,H_EEM,H_EEM,iShares MSCI Emerging Markets ETF,etf,long,5.7109,5.7109,5.7109,5.7109,etf,0.00891633208368228,0.00891633208368228,0.00891633208368228,Global Public Equities,Emerging Markets Core,Multi-Sector / Diversified,EM Equity ETF,Global / Multi-region,All Cap,Liquid,EEM,lookthrough,lookthrough
2023-12-31,H_EMB,H_EMB,iShares Emerging Markets Bond ETF,etf,long,7.4732,7.4732,7.4732,7.4732,etf,0.011667781422853565,0.011667781422853565,0.011667781422853565,Fixed Income & Liquid Credit,EM Sovereign / Credit,Fixed Income / Credit,EM Debt,Global / Multi-region,Non-classifiable,Liquid,EMB,benchmark_proxy,proxy
2023-12-31,H_ES_SHORT,H_ES_SHORT,S&P 500 Overlay Short Future,future,short,2.422,-14.532,14.532,-14.532,signed_notional,0.003781427849669664,0.022688567098017982,-0.022688567098017982,Global Public Equities,Equity Index Overlay,Multi-Sector / Diversified,Equity Index Future,North America,Multi Cap,Liquid,SPY,underlying_proxy,proxy
2023-12-31,H_EWJ,H_EWJ,iShares MSCI Japan ETF,etf,long,5.7033,5.7033,5.7033,5.7033,etf,0.008904466331552846,0.008904466331552846,0.008904466331552846,Global Public Equities,Japan Equities,Multi-Sector / Diversified,Japan Equity ETF,Japan,Large Cap,Liquid,EWJ,lookthrough,lookthrough
2023-12-31,H_EWS,H_EWS,iShares MSCI Singapore ETF,etf,long,2.3309,2.3309,2.3309,2.3309,etf,0.0036391949524339474,0.0036391949524339474,0.0036391949524339474,Global Public Equities,Southeast Asia Equities,Multi-Sector / Diversified,Southeast Asia Equity ETF,Southeast Asia,Large Cap,Liquid,EWS,lookthrough,lookthrough
2023-12-31,H_EWY,H_EWY,iShares MSCI South Korea ETF,etf,long,4.0891,4.0891,4.0891,4.0891,etf,0.006384243030588036,0.006384243030588036,0.006384243030588036,Global Public Equities,Korea Equities,Multi-Sector / Diversified,Korea Equity ETF,Korea,Large Cap,Liquid,EWY,lookthrough,lookthrough
2023-12-31,H_GLD,H_GLD,SPDR Gold Shares,etf,long,9.0122,9.0122,9.0122,9.0122,etf,0.014070596229063974,0.014070596229063974,0.014070596229063974,Hedge Funds / Absolute Return,Gold / Defensive,Commodities / Precious Metals,Gold,Global / Multi-region,Non-classifiable,Liquid,GLD,benchmark_proxy,proxy
2023-12-31,H_GMACRO,H_GMACRO,Global Macro Hedge Fund Sleeve,fund,long,16.1522,16.1522,16.1522,16.1522,fund,0.025218158098032347,0.025218158098032347,0.025218158098032347,Hedge Funds / Absolute Return,Global Macro,Multi-Strategy,Global Macro,Global / Multi-region,Non-classifiable,Semi-Liquid,GMACRO,mandate_proxy,proxy
2023-12-31,H_GOOGL,H_GOOGL,Alphabet Class A,equity,long,7.2659,7.2659,7.2659,7.2659,equity,0.0113441274206915,0.0113441274206915,0.0113441274206915,Global Public Equities,US Mega-cap Technology,Communication Services,Interactive Media,North America,Mega Cap,Liquid,GOOGL,direct,direct
2023-12-31,H_HSI_FUT,H_HSI_FUT,Hang Seng Index Tactical Long Future,future,long,2.1819,7.854840000000001,7.854840000000001,7.854840000000001,signed_notional,0.0034065637593700413,0.01226362953373215,0.01226362953373215,Global Public Equities,Greater China Tactical Overlay,Multi-Sector / Diversified,Equity Index Future,Greater China,Large Cap,Liquid,2800.HK,underlying_proxy,proxy
2023-12-31,H_HSTECH,H_HSTECH,Hang Seng TECH ETF-style Exposure,etf,long,8.7276,8.7276,8.7276,8.7276,etf,0.013626255037480165,0.013626255037480165,0.013626255037480165,Global Public Equities,Hong Kong / China Technology,Information Technology,Technology ETF,Greater China,Large Cap,Liquid,3067.HK,lookthrough,lookthrough
2023-12-31,H_HYG,H_HYG,iShares High Yield Corporate Bond ETF,etf,long,8.4073,8.4073,8.4073,8.4073,etf,0.013126176036551512,0.013126176036551512,0.013126176036551512,Fixed Income & Liquid Credit,High Yield Credit,Fixed Income / Credit,High Yield Credit,North America,Non-classifiable,Liquid,HYG,benchmark_proxy,proxy
2023-12-31,H_IGIB,H_IGIB,iShares 5-10 Year Investment Grade Corporate Bond ETF,etf,long,11.2098,11.2098,11.2098,11.2098,etf,0.017501672134280347,0.017501672134280347,0.017501672134280347,Fixed Income & Liquid Credit,Investment Grade Credit,Fixed Income / Credit,Investment Grade Credit,North America,Non-classifiable,Liquid,IGIB,benchmark_proxy,proxy
2023-12-31,H_INDA,H_INDA,iShares MSCI India ETF,etf,long,5.4194,5.4194,5.4194,5.4194,etf,0.008461218038191486,0.008461218038191486,0.008461218038191486,Global Public Equities,India Equities,Multi-Sector / Diversified,India Equity ETF,India,All Cap,Liquid,INDA,lookthrough,lookthrough
2023-12-31,H_JD,H_JD,JD.com ADR,equity,long,4.3638,4.3638,4.3638,4.3638,equity,0.0068131275187400826,0.0068131275187400826,0.0068131275187400826,Global Public Equities,China E-commerce ADR,Consumer Discretionary,Broadline Retail,Greater China,Large Cap,Liquid,JD,direct,direct
2023-12-31,H_LQD,H_LQD,iShares Investment Grade Corporate Bond ETF,etf,long,7.4732,7.4732,7.4732,7.4732,etf,0.011667781422853565,0.011667781422853565,0.011667781422853565,Fixed Income & Liquid Credit,Investment Grade Credit,Fixed Income / Credit,Investment Grade Credit,North America,Non-classifiable,Liquid,LQD,benchmark_proxy,proxy
2023-12-31,H_MKTNEUT,H_MKTNEUT,Equity Market Neutral Fund Sleeve,fund,long,14.3575,14.3575,14.3575,14.3575,fund,0.022416123183993476,0.022416123183993476,0.022416123183993476,Hedge Funds / Absolute Return,Equity Market Neutral,Multi-Strategy,Equity Market Neutral,Global / Multi-region,Non-classifiable,Semi-Liquid,MKTNEUT,mandate_proxy,proxy
2023-12-31,H_MSFT,H_MSFT,Microsoft,equity,long,8.0732,8.0732,8.0732,8.0732,equity,0.01260455132780889,0.01260455132780889,0.01260455132780889,Global Public Equities,US Mega-cap Technology,Information Technology,Software,North America,Mega Cap,Liquid,MSFT,direct,direct
2023-12-31,H_NQ_SHORT,H_NQ_SHORT,Nasdaq Overlay Short Future,future,short,1.6146,-9.6876,9.6876,-9.6876,signed_notional,0.002520847814234781,0.015125086885408685,-0.015125086885408685,Global Public Equities,Technology Overlay,Information Technology,Equity Index Future,North America,Mega Cap,Liquid,QQQ,underlying_proxy,proxy
2023-12-31,H_NVDA,H_NVDA,NVIDIA,equity,long,6.4585,6.4585,6.4585,6.4585,equity,0.010083547385256617,0.010083547385256617,0.010083547385256617,Global Public Equities,US Semiconductor Growth,Information Technology,Semiconductors,North America,Mega Cap,Liquid,NVDA,direct,direct
2023-12-31,H_PDD,H_PDD,PDD Holdings ADR,equity,long,5.2366,5.2366,5.2366,5.2366,equity,0.008175815473815096,0.008175815473815096,0.008175815473815096,Global Public Equities,China Internet ADR,Consumer Discretionary,Broadline Retail,Greater China,Large Cap,Liquid,PDD,direct,direct
2023-12-31,H_PF_APAC_LOGISTICS,H_PF_APAC_LOGISTICS,APAC Logistics Real Estate Fund,private_fund,long,6.8791,6.8791,6.8791,6.8791,private_fund,0.0107402230886303,0.0107402230886303,0.0107402230886303,Real Estate,APAC Logistics,Industrial Real Estate,APAC Logistics,Japan,Non-classifiable,Illiquid,,mandate_proxy,proxy
2023-12-31,H_PF_APEX_SECONDARIES_II,H_PF_APEX_SECONDARIES_II,Apex Secondaries Fund II,private_fund,long,16.6937,16.6937,16.6937,16.6937,private_fund,0.026063592937254527,0.026063592937254527,0.026063592937254527,Private Equity,Secondaries,Diversified / Secondaries,Secondaries,Global / Multi-region,Non-classifiable,Illiquid,,mandate_proxy,proxy
2023-12-31,H_PF_ATLAS_COINV_I,H_PF_ATLAS_COINV_I,Atlas Co-Investment Fund I,private_fund,long,18.3631,18.3631,18.3631,18.3631,private_fund,0.02866999906947523,0.02866999906947523,0.02866999906947523,Private Equity,Co-investment,Business Services,Co-investment,North America,Non-classifiable,Illiquid,,mandate_proxy,proxy
2023-12-31,H_PF_BLUE_HORIZON_III,H_PF_BLUE_HORIZON_III,Blue Horizon Ventures III,private_fund,long,14.5722,14.5722,14.5722,14.5722,private_fund,0.02275133068164999,0.02275133068164999,0.02275133068164999,Venture Capital / Growth,US Technology VC,Information Technology,US Technology VC,North America,Non-classifiable,Illiquid,,mandate_proxy,proxy
2023-12-31,H_PF_CLIMATE_ALPHA,H_PF_CLIMATE_ALPHA,Climate Alpha Fund,private_fund,long,12.1435,12.1435,12.1435,12.1435,private_fund,0.018959442234708326,0.018959442234708326,0.018959442234708326,Venture Capital / Growth,Climate Technology,Climate / Industrials,Climate Technology,Global / Multi-region,Non-classifiable,Illiquid,,mandate_proxy,proxy
2023-12-31,H_PF_COVE_SPECIALTY_FIN,H_PF_COVE_SPECIALTY_FIN,Cove Specialty Finance Fund,private_fund,long,11.9169,11.9169,11.9169,11.9169,private_fund,0.018605655467270197,0.018605655467270197,0.018605655467270197,Private Credit,Specialty Finance,Financials,Specialty Finance,North America,Non-classifiable,Illiquid,,mandate_proxy,proxy
2023-12-31,H_PF_CRESCENT_DIRECT_LEND,H_PF_CRESCENT_DIRECT_LEND,Crescent Direct Lending Fund,private_fund,long,17.0242,17.0242,17.0242,17.0242,private_fund,0.026579597026567422,0.026579597026567422,0.026579597026567422,Private Credit,Senior Direct Lending,Diversified Credit,Senior Direct Lending,North America,Non-classifiable,Illiquid,,mandate_proxy,proxy
2023-12-31,H_PF_DIGITAL_INFRA,H_PF_DIGITAL_INFRA,Horizon Digital Infrastructure Fund,private_fund,long,6.7837,6.7837,6.7837,6.7837,private_fund,0.010591276673742402,0.010591276673742402,0.010591276673742402,Infrastructure,Digital Infrastructure,Diversified,Digital Infrastructure,Global / Multi-region,Non-classifiable,Illiquid,,mandate_proxy,proxy
2023-12-31,H_PF_DRAGONBRIDGE,H_PF_DRAGONBRIDGE,DragonBridge Greater China Fund,private_fund,long,23.3712,23.3712,23.3712,23.3712,private_fund,0.036489061337819845,0.036489061337819845,0.036489061337819845,Private Equity,Asia Buyout / Greater China,Consumer / Industrials,Asia Buyout / Greater China,Greater China,Non-classifiable,Illiquid,,mandate_proxy,proxy
2023-12-31,H_PF_GLOBAL_GROWTH_II,H_PF_GLOBAL_GROWTH_II,Redwood Growth Fund II,private_fund,long,16.1913,16.1913,16.1913,16.1913,private_fund,0.025279204270171933,0.025279204270171933,0.025279204270171933,Venture Capital / Growth,Global Growth Equity,Information Technology / Consumer,Global Growth Equity,Global / Multi-region,Non-classifiable,Illiquid,,mandate_proxy,proxy
2023-12-31,H_PF_HARBOR_PEAK_V,H_PF_HARBOR_PEAK_V,Harbor Peak Partners V,private_fund,long,25.0406,25.0406,25.0406,25.0406,private_fund,0.03909546747004054,0.03909546747004054,0.03909546747004054,Private Equity,Secondaries,Diversified / Secondaries,Secondaries,Global / Multi-region,Non-classifiable,Illiquid,,mandate_proxy,proxy
2023-12-31,H_PF_HARBOUR_CORE_RE,H_PF_HARBOUR_CORE_RE,Harbour Core Real Estate Fund,private_fund,long,17.1979,17.1979,17.1979,17.1979,private_fund,0.02685079191405199,0.02685079191405199,0.02685079191405199,Real Estate,Core Real Estate,Real Estate,Core Real Estate,Global / Multi-region,Non-classifiable,Illiquid,,mandate_proxy,proxy
2023-12-31,H_PF_HOME_MULTIFAMILY,H_PF_HOME_MULTIFAMILY,HomeStone Multifamily Fund,private_fund,long,10.3187,10.3187,10.3187,10.3187,private_fund,0.016110412697104195,0.016110412697104195,0.016110412697104195,Real Estate,US Multifamily,Residential Real Estate,US Multifamily,North America,Non-classifiable,Illiquid,,mandate_proxy,proxy
2023-12-31,H_PF_INDIA_DIGITAL,H_PF_INDIA_DIGITAL,Indigo India Digital Growth Fund,private_fund,long,9.7148,9.7148,9.7148,9.7148,private_fund,0.015167553787766661,0.015167553787766661,0.015167553787766661,Venture Capital / Growth,India Digital Growth,Information Technology,India Digital Growth,India,Non-classifiable,Illiquid,,mandate_proxy,proxy
2023-12-31,H_PF_INFRA_CORE,H_PF_INFRA_CORE,Evergreen Core Infrastructure Fund,private_fund,long,10.1755,10.1755,10.1755,10.1755,private_fund,0.015886836946454857,0.015886836946454857,0.015886836946454857,Infrastructure,Core Infrastructure,Infrastructure,Core Infrastructure,Global / Multi-region,Non-classifiable,Illiquid,,mandate_proxy,proxy
2023-12-31,H_PF_LIONROCK_CREDIT,H_PF_LIONROCK_CREDIT,LionRock Asia Private Credit Fund,private_fund,long,14.0449,14.0449,14.0449,14.0449,private_fund,0.02192806606351175,0.02192806606351175,0.02192806606351175,Private Credit,Asia Private Credit,Diversified Credit,Asia Private Credit,Southeast Asia,Non-classifiable,Illiquid,,mandate_proxy,proxy
2023-12-31,H_PF_METRO_LOGISTICS,H_PF_METRO_LOGISTICS,Metro Logistics Fund,private_fund,long,10.7487,10.7487,10.7487,10.7487,private_fund,0.016781764462322178,0.016781764462322178,0.016781764462322178,Real Estate,Logistics Real Estate,Industrial Real Estate,Logistics Real Estate,Southeast Asia,Non-classifiable,Illiquid,,mandate_proxy,proxy
2023-12-31,H_PF_NORTHSTAR_IV,H_PF_NORTHSTAR_IV,Northstar Buyout Fund IV,private_fund,long,29.214,29.214,29.214,29.214,private_fund,0.0456113266722748,0.0456113266722748,0.0456113266722748,Private Equity,Buyout,Industrials,Buyout,North America,Non-classifiable,Illiquid,,mandate_proxy,proxy
2023-12-31,H_PF_RENEWABLES_II,H_PF_RENEWABLES_II,SolarBridge Renewables Fund II,private_fund,long,8.4796,8.4796,8.4796,8.4796,private_fund,0.01323905681009863,0.01323905681009863,0.01323905681009863,Infrastructure,Renewables,Utilities / Infrastructure,Renewables,Global / Multi-region,Non-classifiable,Illiquid,,mandate_proxy,proxy
2023-12-31,H_PF_SEEDSPRING_I,H_PF_SEEDSPRING_I,SeedSpring Southeast Asia VC Fund I,private_fund,long,8.0956,8.0956,8.0956,8.0956,private_fund,0.01263952407092722,0.01263952407092722,0.01263952407092722,Venture Capital / Growth,Southeast Asia VC,Information Technology / Consumer,Southeast Asia VC,Southeast Asia,Non-classifiable,Illiquid,,mandate_proxy,proxy
2023-12-31,H_PF_SPRING_OPP_CREDIT,H_PF_SPRING_OPP_CREDIT,Spring Point Opportunistic Credit Fund,private_fund,long,14.4706,14.4706,14.4706,14.4706,private_fund,0.022592704311077554,0.022592704311077554,0.022592704311077554,Private Credit,Opportunistic Credit,Special Situations Credit,Opportunistic Credit,Global / Multi-region,Non-classifiable,Illiquid,,mandate_proxy,proxy
2023-12-31,H_QAI,H_QAI,Multi-Strategy Liquid Alternatives ETF Proxy,etf,long,6.2814,6.2814,6.2814,6.2814,etf,0.009807044134977303,0.009807044134977303,0.009807044134977303,Hedge Funds / Absolute Return,Multi-Strategy Absolute Return,Multi-Strategy,Absolute Return,Global / Multi-region,Non-classifiable,Liquid,QAI,benchmark_proxy,proxy
2023-12-31,H_QQQ,H_QQQ,Invesco QQQ Trust,etf,long,19.3756,19.3756,19.3756,19.3756,etf,0.03025079828408734,0.03025079828408734,0.03025079828408734,Global Public Equities,US Technology / Growth,Information Technology,Growth / Technology ETF,North America,Mega Cap,Liquid,QQQ,lookthrough,lookthrough
2023-12-31,H_SPY,H_SPY,SPDR S&P 500 ETF,etf,long,32.2927,32.2927,32.2927,32.2927,etf,0.05041804918291807,0.05041804918291807,0.05041804918291807,Global Public Equities,US Large Cap Core,Multi-Sector / Diversified,Broad Market ETF,North America,Multi Cap,Liquid,SPY,lookthrough,lookthrough
2023-12-31,H_SPY_PUT,H_SPY_PUT,S&P 500 Protective Put Overlay,listed_option,long,1.6146,-6.4584,9.6876,-6.4584,delta_adjusted_exposure,0.002520847814234781,0.015125086885408685,-0.010083391256939123,Global Public Equities,Options Overlay,Multi-Sector / Diversified,Equity Index Option,North America,Multi Cap,Liquid,SPY,underlying_proxy,proxy
2023-12-31,H_TLT,H_TLT,iShares 20+ Year Treasury Bond ETF,etf,long,13.0781,13.0781,13.0781,13.0781,etf,0.020418617489993737,0.020418617489993737,0.020418617489993737,Fixed Income & Liquid Credit,Long Duration Treasuries,Fixed Income / Sovereign,Government Bonds,North America,Non-classifiable,Liquid,TLT,benchmark_proxy,proxy
2023-12-31,H_VNQ,H_VNQ,US Listed REIT ETF Proxy,etf,long,5.3841,5.3841,5.3841,5.3841,etf,0.008406104742116614,0.008406104742116614,0.008406104742116614,Hedge Funds / Absolute Return,Listed Real Estate,Real Estate,REITs,North America,Mid Cap,Liquid,VNQ,lookthrough,lookthrough
2024-01-31,H_2800HK,H_2800HK,Tracker Fund of Hong Kong ETF,etf,long,10.1707,10.1707,10.1707,10.1707,etf,0.015979704501080244,0.015979704501080244,0.015979704501080244,Global Public Equities,Hong Kong Broad Market,Multi-Sector / Diversified,Hong Kong Equity ETF,Greater China,Large Cap,Liquid,2800.HK,lookthrough,lookthrough
2024-01-31,H_ACWI,H_ACWI,iShares MSCI ACWI ETF,etf,long,16.152,16.152,16.152,16.152,etf,0.025377229404214868,0.025377229404214868,0.025377229404214868,Global Public Equities,Global Equity Core,Multi-Sector / Diversified,Broad Market ETF,Global / Multi-region,Multi Cap,Liquid,ACWI,lookthrough,lookthrough
2024-01-31,H_AGG,H_AGG,iShares Core US Aggregate Bond ETF,etf,long,22.2546,22.2546,22.2546,22.2546,etf,0.03496533491202576,0.03496533491202576,0.03496533491202576,Fixed Income & Liquid Credit,US Aggregate Bonds,Fixed Income / Credit,Aggregate Bonds,North America,Non-classifiable,Liquid,AGG,benchmark_proxy,proxy
2024-01-31,H_BABA,H_BABA,Alibaba ADR,equity,long,5.9329,5.9329,5.9329,5.9329,equity,0.009321481199372608,0.009321481199372608,0.009321481199372608,Global Public Equities,China Internet ADR,Consumer Discretionary,Broadline Retail,Greater China,Large Cap,Liquid,BABA,direct,direct
2024-01-31,H_BIL,H_BIL,SPDR 1-3 Month T-Bill ETF,etf,long,7.4182,7.4182,7.4182,7.4182,etf,0.01165511163734192,0.01165511163734192,0.01165511163734192,Fixed Income & Liquid Credit,Treasury Bills,Fixed Income / Sovereign,Treasury Bills,North America,Non-classifiable,Liquid,BIL,benchmark_proxy,proxy
2024-01-31,H_BRKB,H_BRKB,Berkshire Hathaway Class B,equity,long,9.5978,9.5978,9.5978,9.5978,equity,0.015079592148079086,0.015079592148079086,0.015079592148079086,Global Public Equities,US Quality Compounder,Financials,Multi-Sector Holdings,North America,Mega Cap,Liquid,BRK.B,direct,direct
2024-01-31,H_CASH_HKD,H_CASH_HKD,HKD Working Capital,cash,long,2.3165,2.3165,2.3165,2.3165,cash,0.003639571069518557,0.003639571069518557,0.003639571069518557,Cash & Liquidity,Cash Accounts,Cash,Cash,Global / Multi-region,Non-classifiable,Cash,,direct,direct
2024-01-31,H_CASH_JPY,H_CASH_JPY,JPY Treasury Buffer,cash,long,1.5444,1.5444,1.5444,1.5444,cash,0.002426485456405983,0.002426485456405983,0.002426485456405983,Cash & Liquidity,Cash Accounts,Cash,Cash,Global / Multi-region,Non-classifiable,Cash,,direct,direct
2024-01-31,H_CASH_OPS_USD,H_CASH_OPS_USD,USD Operating Cash,cash,long,11.5827,11.5827,11.5827,11.5827,cash,0.01819816957777362,0.01819816957777362,0.01819816957777362,Cash & Liquidity,Cash Accounts,Cash,Cash,Global / Multi-region,Non-classifiable,Cash,,direct,direct
2024-01-31,H_CASH_RESERVE_USD,H_CASH_RESERVE_USD,USD Liquidity Reserve,cash,long,4.3435,4.3435,4.3435,4.3435,cash,0.006824293952278805,0.006824293952278805,0.006824293952278805,Cash & Liquidity,Cash Accounts,Cash,Cash,Global / Multi-region,Non-classifiable,Cash,,direct,direct
2024-01-31,H_CASH_SGD,H_CASH_SGD,SGD Near-Term Reserve,cash,long,1.9304,1.9304,1.9304,1.9304,cash,0.003032949705417061,0.003032949705417061,0.003032949705417061,Cash & Liquidity,Cash Accounts,Cash,Cash,Global / Multi-region,Non-classifiable,Cash,,direct,direct
2024-01-31,H_CNYA,H_CNYA,iShares MSCI China A ETF,etf,long,6.7805,6.7805,6.7805,6.7805,etf,0.010653188705750303,0.010653188705750303,0.010653188705750303,Global Public Equities,China A-Shares,Multi-Sector / Diversified,China A-Shares ETF,Greater China,All Cap,Liquid,CNYA,lookthrough,lookthrough
2024-01-31,H_DBC,H_DBC,Broad Commodities ETF Proxy,etf,long,7.1012,7.1012,7.1012,7.1012,etf,0.011157056800718834,0.011157056800718834,0.011157056800718834,Hedge Funds / Absolute Return,Commodities,Commodities,Broad Commodities,Global / Multi-region,Non-classifiable,Liquid,DBC,benchmark_proxy,proxy
2024-01-31,H_DBMF,H_DBMF,Managed Futures ETF Proxy,etf,long,8.8765,8.8765,8.8765,8.8765,etf,0.013946321000898541,0.013946321000898541,0.013946321000898541,Hedge Funds / Absolute Return,Managed Futures,Multi-Strategy,Managed Futures,Global / Multi-region,Non-classifiable,Liquid,DBMF,benchmark_proxy,proxy
2024-01-31,H_EEM,H_EEM,iShares MSCI Emerging Markets ETF,etf,long,5.6532,5.6532,5.6532,5.6532,etf,0.008882030291475202,0.008882030291475202,0.008882030291475202,Global Public Equities,Emerging Markets Core,Multi-Sector / Diversified,EM Equity ETF,Global / Multi-region,All Cap,Liquid,EEM,lookthrough,lookthrough
2024-01-31,H_EMB,H_EMB,iShares Emerging Markets Bond ETF,etf,long,7.4182,7.4182,7.4182,7.4182,etf,0.01165511163734192,0.01165511163734192,0.01165511163734192,Fixed Income & Liquid Credit,EM Sovereign / Credit,Fixed Income / Credit,EM Debt,Global / Multi-region,Non-classifiable,Liquid,EMB,benchmark_proxy,proxy
2024-01-31,H_ES_SHORT,H_ES_SHORT,S&P 500 Overlay Short Future,future,short,2.3994,-14.3964,14.3964,-14.3964,signed_notional,0.003769819479474563,0.02261891687684738,-0.02261891687684738,Global Public Equities,Equity Index Overlay,Multi-Sector / Diversified,Equity Index Future,North America,Multi Cap,Liquid,SPY,underlying_proxy,proxy
2024-01-31,H_EWJ,H_EWJ,iShares MSCI Japan ETF,etf,long,5.6292,5.6292,5.6292,5.6292,etf,0.008844322669775032,0.008844322669775032,0.008844322669775032,Global Public Equities,Japan Equities,Multi-Sector / Diversified,Japan Equity ETF,Japan,Large Cap,Liquid,EWJ,lookthrough,lookthrough
2024-01-31,H_EWS,H_EWS,iShares MSCI Singapore ETF,etf,long,2.293,2.293,2.293,2.293,etf,0.0036026490232704735,0.0036026490232704735,0.0036026490232704735,Global Public Equities,Southeast Asia Equities,Multi-Sector / Diversified,Southeast Asia Equity ETF,Southeast Asia,Large Cap,Liquid,EWS,lookthrough,lookthrough
2024-01-31,H_EWY,H_EWY,iShares MSCI South Korea ETF,etf,long,4.0132,4.0132,4.0132,4.0132,etf,0.006305342808630207,0.006305342808630207,0.006305342808630207,Global Public Equities,Korea Equities,Multi-Sector / Diversified,Korea Equity ETF,Korea,Large Cap,Liquid,EWY,lookthrough,lookthrough
2024-01-31,H_GLD,H_GLD,SPDR Gold Shares,etf,long,8.8939,8.8939,8.8939,8.8939,etf,0.013973659026631165,0.013973659026631165,0.013973659026631165,Hedge Funds / Absolute Return,Gold / Defensive,Commodities / Precious Metals,Gold,Global / Multi-region,Non-classifiable,Liquid,GLD,benchmark_proxy,proxy
2024-01-31,H_GMACRO,H_GMACRO,Global Macro Hedge Fund Sleeve,fund,long,15.9776,15.9776,15.9776,15.9776,fund,0.02510322068652696,0.02510322068652696,0.02510322068652696,Hedge Funds / Absolute Return,Global Macro,Multi-Strategy,Global Macro,Global / Multi-region,Non-classifiable,Semi-Liquid,GMACRO,mandate_proxy,proxy
2024-01-31,H_GOOGL,H_GOOGL,Alphabet Class A,equity,long,7.1983,7.1983,7.1983,7.1983,equity,0.011309615553514106,0.011309615553514106,0.011309615553514106,Global Public Equities,US Mega-cap Technology,Communication Services,Interactive Media,North America,Mega Cap,Liquid,GOOGL,direct,direct
2024-01-31,H_HSI_FUT,H_HSI_FUT,Hang Seng Index Tactical Long Future,future,long,2.1189,7.6280399999999995,7.6280399999999995,7.6280399999999995,signed_notional,0.0033291116508538184,0.011984801943073746,0.011984801943073746,Global Public Equities,Greater China Tactical Overlay,Multi-Sector / Diversified,Equity Index Future,Greater China,Large Cap,Liquid,2800.HK,underlying_proxy,proxy
2024-01-31,H_HSTECH,H_HSTECH,Hang Seng TECH ETF-style Exposure,etf,long,8.4756,8.4756,8.4756,8.4756,etf,0.013316446603415273,0.013316446603415273,0.013316446603415273,Global Public Equities,Hong Kong / China Technology,Information Technology,Technology ETF,Greater China,Large Cap,Liquid,3067.HK,lookthrough,lookthrough
2024-01-31,H_HYG,H_HYG,iShares High Yield Corporate Bond ETF,etf,long,8.3455,8.3455,8.3455,8.3455,etf,0.013112039870782265,0.013112039870782265,0.013112039870782265,Fixed Income & Liquid Credit,High Yield Credit,Fixed Income / Credit,High Yield Credit,North America,Non-classifiable,Liquid,HYG,benchmark_proxy,proxy
2024-01-31,H_IGIB,H_IGIB,iShares 5-10 Year Investment Grade Corporate Bond ETF,etf,long,11.1273,11.1273,11.1273,11.1273,etf,0.01748266745601288,0.01748266745601288,0.01748266745601288,Fixed Income & Liquid Credit,Investment Grade Credit,Fixed Income / Credit,Investment Grade Credit,North America,Non-classifiable,Liquid,IGIB,benchmark_proxy,proxy
2024-01-31,H_INDA,H_INDA,iShares MSCI India ETF,etf,long,5.3464,5.3464,5.3464,5.3464,etf,0.008400001194074688,0.008400001194074688,0.008400001194074688,Global Public Equities,India Equities,Multi-Sector / Diversified,India Equity ETF,India,All Cap,Liquid,INDA,lookthrough,lookthrough
2024-01-31,H_JD,H_JD,JD.com ADR,equity,long,4.2378,4.2378,4.2378,4.2378,equity,0.006658223301707637,0.006658223301707637,0.006658223301707637,Global Public Equities,China E-commerce ADR,Consumer Discretionary,Broadline Retail,Greater China,Large Cap,Liquid,JD,direct,direct
2024-01-31,H_LQD,H_LQD,iShares Investment Grade Corporate Bond ETF,etf,long,7.4182,7.4182,7.4182,7.4182,etf,0.01165511163734192,0.01165511163734192,0.01165511163734192,Fixed Income & Liquid Credit,Investment Grade Credit,Fixed Income / Credit,Investment Grade Credit,North America,Non-classifiable,Liquid,LQD,benchmark_proxy,proxy
2024-01-31,H_MKTNEUT,H_MKTNEUT,Equity Market Neutral Fund Sleeve,fund,long,14.2023,14.2023,14.2023,14.2023,fund,0.022313956486347247,0.022313956486347247,0.022313956486347247,Hedge Funds / Absolute Return,Equity Market Neutral,Multi-Strategy,Equity Market Neutral,Global / Multi-region,Non-classifiable,Semi-Liquid,MKTNEUT,mandate_proxy,proxy
2024-01-31,H_MSFT,H_MSFT,Microsoft,equity,long,7.9982,7.9982,7.9982,7.9982,equity,0.012566379161762712,0.012566379161762712,0.012566379161762712,Global Public Equities,US Mega-cap Technology,Information Technology,Software,North America,Mega Cap,Liquid,MSFT,direct,direct
2024-01-31,H_NQ_SHORT,H_NQ_SHORT,Nasdaq Overlay Short Future,future,short,1.5996,-9.5976,9.5976,-9.5976,signed_notional,0.0025132129863163753,0.015079277917898253,-0.015079277917898253,Global Public Equities,Technology Overlay,Information Technology,Equity Index Future,North America,Mega Cap,Liquid,QQQ,underlying_proxy,proxy
2024-01-31,H_NVDA,H_NVDA,NVIDIA,equity,long,6.3985,6.3985,6.3985,6.3985,equity,0.01005300906035592,0.01005300906035592,0.01005300906035592,Global Public Equities,US Semiconductor Growth,Information Technology,Semiconductors,North America,Mega Cap,Liquid,NVDA,direct,direct
2024-01-31,H_PDD,H_PDD,PDD Holdings ADR,equity,long,5.0854,5.0854,5.0854,5.0854,equity,0.00798993080808533,0.00798993080808533,0.00798993080808533,Global Public Equities,China Internet ADR,Consumer Discretionary,Broadline Retail,Greater China,Large Cap,Liquid,PDD,direct,direct
2024-01-31,H_PF_APAC_LOGISTICS,H_PF_APAC_LOGISTICS,APAC Logistics Real Estate Fund,private_fund,long,6.8663,6.8663,6.8663,6.8663,private_fund,0.010787993453328412,0.010787993453328412,0.010787993453328412,Real Estate,APAC Logistics,Industrial Real Estate,APAC Logistics,Japan,Non-classifiable,Illiquid,,mandate_proxy,proxy
2024-01-31,H_PF_APEX_SECONDARIES_II,H_PF_APEX_SECONDARIES_II,Apex Secondaries Fund II,private_fund,long,16.7025,16.7025,16.7025,16.7025,private_fund,0.026242147976962532,0.026242147976962532,0.026242147976962532,Private Equity,Secondaries,Diversified / Secondaries,Secondaries,Global / Multi-region,Non-classifiable,Illiquid,,mandate_proxy,proxy
2024-01-31,H_PF_ATLAS_COINV_I,H_PF_ATLAS_COINV_I,Atlas Co-Investment Fund I,private_fund,long,18.3727,18.3727,18.3727,18.3727,private_fund,0.028866284217113573,0.028866284217113573,0.028866284217113573,Private Equity,Co-investment,Business Services,Co-investment,North America,Non-classifiable,Illiquid,,mandate_proxy,proxy
2024-01-31,H_PF_BLUE_HORIZON_III,H_PF_BLUE_HORIZON_III,Blue Horizon Ventures III,private_fund,long,14.5333,14.5333,14.5333,14.5333,private_fund,0.022834007435628773,0.022834007435628773,0.022834007435628773,Venture Capital / Growth,US Technology VC,Information Technology,US Technology VC,North America,Non-classifiable,Illiquid,,mandate_proxy,proxy
2024-01-31,H_PF_CLIMATE_ALPHA,H_PF_CLIMATE_ALPHA,Climate Alpha Fund,private_fund,long,12.1111,12.1111,12.1111,12.1111,private_fund,0.019028365715539047,0.019028365715539047,0.019028365715539047,Venture Capital / Growth,Climate Technology,Climate / Industrials,Climate Technology,Global / Multi-region,Non-classifiable,Illiquid,,mandate_proxy,proxy
2024-01-31,H_PF_COVE_SPECIALTY_FIN,H_PF_COVE_SPECIALTY_FIN,Cove Specialty Finance Fund,private_fund,long,11.9348,11.9348,11.9348,11.9348,private_fund,0.018751371811133205,0.018751371811133205,0.018751371811133205,Private Credit,Specialty Finance,Financials,Specialty Finance,North America,Non-classifiable,Illiquid,,mandate_proxy,proxy
2024-01-31,H_PF_CRESCENT_DIRECT_LEND,H_PF_CRESCENT_DIRECT_LEND,Crescent Direct Lending Fund,private_fund,long,17.0497,17.0497,17.0497,17.0497,private_fund,0.026787651570891666,0.026787651570891666,0.026787651570891666,Private Credit,Senior Direct Lending,Diversified Credit,Senior Direct Lending,North America,Non-classifiable,Illiquid,,mandate_proxy,proxy
2024-01-31,H_PF_DIGITAL_INFRA,H_PF_DIGITAL_INFRA,Horizon Digital Infrastructure Fund,private_fund,long,6.7827,6.7827,6.7827,6.7827,private_fund,0.010656645237739485,0.010656645237739485,0.010656645237739485,Infrastructure,Digital Infrastructure,Diversified,Digital Infrastructure,Global / Multi-region,Non-classifiable,Illiquid,,mandate_proxy,proxy
2024-01-31,H_PF_DRAGONBRIDGE,H_PF_DRAGONBRIDGE,DragonBridge Greater China Fund,private_fund,long,23.3835,23.3835,23.3835,23.3835,private_fund,0.03673900716774754,0.03673900716774754,0.03673900716774754,Private Equity,Asia Buyout / Greater China,Consumer / Industrials,Asia Buyout / Greater China,Greater China,Non-classifiable,Illiquid,,mandate_proxy,proxy
2024-01-31,H_PF_GLOBAL_GROWTH_II,H_PF_GLOBAL_GROWTH_II,Redwood Growth Fund II,private_fund,long,16.1481,16.1481,16.1481,16.1481,private_fund,0.025371101915688588,0.025371101915688588,0.025371101915688588,Venture Capital / Growth,Global Growth Equity,Information Technology / Consumer,Global Growth Equity,Global / Multi-region,Non-classifiable,Illiquid,,mandate_proxy,proxy
2024-01-31,H_PF_HARBOR_PEAK_V,H_PF_HARBOR_PEAK_V,Harbor Peak Partners V,private_fund,long,25.0537,25.0537,25.0537,25.0537,private_fund,0.039363143407898586,0.039363143407898586,0.039363143407898586,Private Equity,Secondaries,Diversified / Secondaries,Secondaries,Global / Multi-region,Non-classifiable,Illiquid,,mandate_proxy,proxy
2024-01-31,H_PF_HARBOUR_CORE_RE,H_PF_HARBOUR_CORE_RE,Harbour Core Real Estate Fund,private_fund,long,17.1658,17.1658,17.1658,17.1658,private_fund,0.026970062190866242,0.026970062190866242,0.026970062190866242,Real Estate,Core Real Estate,Real Estate,Core Real Estate,Global / Multi-region,Non-classifiable,Illiquid,,mandate_proxy,proxy
2024-01-31,H_PF_HOME_MULTIFAMILY,H_PF_HOME_MULTIFAMILY,HomeStone Multifamily Fund,private_fund,long,10.2995,10.2995,10.2995,10.2995,private_fund,0.016182068737537827,0.016182068737537827,0.016182068737537827,Real Estate,US Multifamily,Residential Real Estate,US Multifamily,North America,Non-classifiable,Illiquid,,mandate_proxy,proxy
2024-01-31,H_PF_INDIA_DIGITAL,H_PF_INDIA_DIGITAL,Indigo India Digital Growth Fund,private_fund,long,9.6889,9.6889,9.6889,9.6889,private_fund,0.015222723995449319,0.015222723995449319,0.015222723995449319,Venture Capital / Growth,India Digital Growth,Information Technology,India Digital Growth,India,Non-classifiable,Illiquid,,mandate_proxy,proxy
2024-01-31,H_PF_INFRA_CORE,H_PF_INFRA_CORE,Evergreen Core Infrastructure Fund,private_fund,long,10.1741,10.1741,10.1741,10.1741,private_fund,0.015985046414154436,0.015985046414154436,0.015985046414154436,Infrastructure,Core Infrastructure,Infrastructure,Core Infrastructure,Global / Multi-region,Non-classifiable,Illiquid,,mandate_proxy,proxy
2024-01-31,H_PF_LIONROCK_CREDIT,H_PF_LIONROCK_CREDIT,LionRock Asia Private Credit Fund,private_fund,long,14.066,14.066,14.066,14.066,private_fund,0.022099808618108365,0.022099808618108365,0.022099808618108365,Private Credit,Asia Private Credit,Diversified Credit,Asia Private Credit,Southeast Asia,Non-classifiable,Illiquid,,mandate_proxy,proxy
2024-01-31,H_PF_METRO_LOGISTICS,H_PF_METRO_LOGISTICS,Metro Logistics Fund,private_fund,long,10.7287,10.7287,10.7287,10.7287,private_fund,0.016856406705609214,0.016856406705609214,0.016856406705609214,Real Estate,Logistics Real Estate,Industrial Real Estate,Logistics Real Estate,Southeast Asia,Non-classifiable,Illiquid,,mandate_proxy,proxy
2024-01-31,H_PF_NORTHSTAR_IV,H_PF_NORTHSTAR_IV,Northstar Buyout Fund IV,private_fund,long,29.2294,29.2294,29.2294,29.2294,private_fund,0.04592379823845703,0.04592379823845703,0.04592379823845703,Private Equity,Buyout,Industrials,Buyout,North America,Non-classifiable,Illiquid,,mandate_proxy,proxy
2024-01-31,H_PF_RENEWABLES_II,H_PF_RENEWABLES_II,SolarBridge Renewables Fund II,private_fund,long,8.4784,8.4784,8.4784,8.4784,private_fund,0.013320845825946961,0.013320845825946961,0.013320845825946961,Infrastructure,Renewables,Utilities / Infrastructure,Renewables,Global / Multi-region,Non-classifiable,Illiquid,,mandate_proxy,proxy
2024-01-31,H_PF_SEEDSPRING_I,H_PF_SEEDSPRING_I,SeedSpring Southeast Asia VC Fund I,private_fund,long,8.0741,8.0741,8.0741,8.0741,private_fund,0.012685629515389502,0.012685629515389502,0.012685629515389502,Venture Capital / Growth,Southeast Asia VC,Information Technology / Consumer,Southeast Asia VC,Southeast Asia,Non-classifiable,Illiquid,,mandate_proxy,proxy
2024-01-31,H_PF_SPRING_OPP_CREDIT,H_PF_SPRING_OPP_CREDIT,Spring Point Opportunistic Credit Fund,private_fund,long,14.4922,14.4922,14.4922,14.4922,private_fund,0.02276943313346723,0.02276943313346723,0.02276943313346723,Private Credit,Opportunistic Credit,Special Situations Credit,Opportunistic Credit,Global / Multi-region,Non-classifiable,Illiquid,,mandate_proxy,proxy
2024-01-31,H_QAI,H_QAI,Multi-Strategy Liquid Alternatives ETF Proxy,etf,long,6.2135,6.2135,6.2135,6.2135,etf,0.00976234614308377,0.00976234614308377,0.00976234614308377,Hedge Funds / Absolute Return,Multi-Strategy Absolute Return,Multi-Strategy,Absolute Return,Global / Multi-region,Non-classifiable,Liquid,QAI,benchmark_proxy,proxy
2024-01-31,H_QQQ,H_QQQ,Invesco QQQ Trust,etf,long,19.1956,19.1956,19.1956,19.1956,etf,0.030159184296158173,0.030159184296158173,0.030159184296158173,Global Public Equities,US Technology / Growth,Information Technology,Growth / Technology ETF,North America,Mega Cap,Liquid,QQQ,lookthrough,lookthrough
2024-01-31,H_SPY,H_SPY,SPDR S&P 500 ETF,etf,long,31.9926,31.992599999999996,31.992599999999996,31.992599999999996,etf,0.05026520241687001,0.050265202416870006,0.050265202416870006,Global Public Equities,US Large Cap Core,Multi-Sector / Diversified,Broad Market ETF,North America,Multi Cap,Liquid,SPY,lookthrough,lookthrough
2024-01-31,H_SPY_PUT,H_SPY_PUT,S&P 500 Protective Put Overlay,listed_option,long,1.5996,-6.3984,9.5976,-6.3984,delta_adjusted_exposure,0.0025132129863163753,0.015079277917898253,-0.010052851945265501,Global Public Equities,Options Overlay,Multi-Sector / Diversified,Equity Index Option,North America,Multi Cap,Liquid,SPY,underlying_proxy,proxy
2024-01-31,H_TLT,H_TLT,iShares 20+ Year Treasury Bond ETF,etf,long,12.9818,12.9818,12.9818,12.9818,etf,0.020396366807803153,0.020396366807803153,0.020396366807803153,Fixed Income & Liquid Credit,Long Duration Treasuries,Fixed Income / Sovereign,Government Bonds,North America,Non-classifiable,Liquid,TLT,benchmark_proxy,proxy
2024-01-31,H_VNQ,H_VNQ,US Listed REIT ETF Proxy,etf,long,5.3259,5.3259,5.3259,5.3259,etf,0.008367792600539124,0.008367792600539124,0.008367792600539124,Hedge Funds / Absolute Return,Listed Real Estate,Real Estate,REITs,North America,Mid Cap,Liquid,VNQ,lookthrough,lookthrough
2024-02-29,H_2800HK,H_2800HK,Tracker Fund of Hong Kong ETF,etf,long,9.8536,9.8536,9.8536,9.8536,etf,0.015607907863036395,0.015607907863036395,0.015607907863036395,Global Public Equities,Hong Kong Broad Market,Multi-Sector / Diversified,Hong Kong Equity ETF,Greater China,Large Cap,Liquid,2800.HK,lookthrough,lookthrough
2024-02-29,H_ACWI,H_ACWI,iShares MSCI ACWI ETF,etf,long,15.946,15.946,15.946,15.946,etf,0.02525814918242859,0.02525814918242859,0.02525814918242859,Global Public Equities,Global Equity Core,Multi-Sector / Diversified,Broad Market ETF,Global / Multi-region,Multi Cap,Liquid,ACWI,lookthrough,lookthrough
2024-02-29,H_AGG,H_AGG,iShares Core US Aggregate Bond ETF,etf,long,22.0514,22.0514,22.0514,22.0514,etf,0.034928982245165295,0.034928982245165295,0.034928982245165295,Fixed Income & Liquid Credit,US Aggregate Bonds,Fixed Income / Credit,Aggregate Bonds,North America,Non-classifiable,Liquid,AGG,benchmark_proxy,proxy
2024-02-29,H_BABA,H_BABA,Alibaba ADR,equity,long,5.7479,5.7479,5.7479,5.7479,equity,0.009104560120762654,0.009104560120762654,0.009104560120762654,Global Public Equities,China Internet ADR,Consumer Discretionary,Broadline Retail,Greater China,Large Cap,Liquid,BABA,direct,direct
2024-02-29,H_BIL,H_BIL,SPDR 1-3 Month T-Bill ETF,etf,long,7.3505,7.3505,7.3505,7.3505,etf,0.011643046881063674,0.011643046881063674,0.011643046881063674,Fixed Income & Liquid Credit,Treasury Bills,Fixed Income / Sovereign,Treasury Bills,North America,Non-classifiable,Liquid,BIL,benchmark_proxy,proxy
2024-02-29,H_BRKB,H_BRKB,Berkshire Hathaway Class B,equity,long,9.4632,9.4632,9.4632,9.4632,equity,0.014989521970598158,0.014989521970598158,0.014989521970598158,Global Public Equities,US Quality Compounder,Financials,Multi-Sector Holdings,North America,Mega Cap,Liquid,BRK.B,direct,direct
2024-02-29,H_CASH_HKD,H_CASH_HKD,HKD Working Capital,cash,long,2.3139,2.3139,2.3139,2.3139,cash,0.0036651719172972226,0.0036651719172972226,0.0036651719172972226,Cash & Liquidity,Cash Accounts,Cash,Cash,Global / Multi-region,Non-classifiable,Cash,,direct,direct
2024-02-29,H_CASH_JPY,H_CASH_JPY,JPY Treasury Buffer,cash,long,1.5426,1.5426,1.5426,1.5426,cash,0.002443447944864815,0.002443447944864815,0.002443447944864815,Cash & Liquidity,Cash Accounts,Cash,Cash,Global / Multi-region,Non-classifiable,Cash,,direct,direct
2024-02-29,H_CASH_OPS_USD,H_CASH_OPS_USD,USD Operating Cash,cash,long,11.5693,11.5693,11.5693,11.5693,cash,0.01832554279043466,0.01832554279043466,0.01832554279043466,Cash & Liquidity,Cash Accounts,Cash,Cash,Global / Multi-region,Non-classifiable,Cash,,direct,direct
2024-02-29,H_CASH_RESERVE_USD,H_CASH_RESERVE_USD,USD Liquidity Reserve,cash,long,4.3385,4.3385,4.3385,4.3385,cash,0.006872098346166213,0.006872098346166213,0.006872098346166213,Cash & Liquidity,Cash Accounts,Cash,Cash,Global / Multi-region,Non-classifiable,Cash,,direct,direct
2024-02-29,H_CASH_SGD,H_CASH_SGD,SGD Near-Term Reserve,cash,long,1.9282,1.9282,1.9282,1.9282,cash,0.0030542307320681555,0.0030542307320681555,0.0030542307320681555,Cash & Liquidity,Cash Accounts,Cash,Cash,Global / Multi-region,Non-classifiable,Cash,,direct,direct
2024-02-29,H_CNYA,H_CNYA,iShares MSCI China A ETF,etf,long,6.5691,6.5691,6.5691,6.5691,etf,0.010405324708032838,0.010405324708032838,0.010405324708032838,Global Public Equities,China A-Shares,Multi-Sector / Diversified,China A-Shares ETF,Greater China,All Cap,Liquid,CNYA,lookthrough,lookthrough
2024-02-29,H_DBC,H_DBC,Broad Commodities ETF Proxy,etf,long,7.0113,7.0113,7.0113,7.0113,etf,0.011105760777797666,0.011105760777797666,0.011105760777797666,Hedge Funds / Absolute Return,Commodities,Commodities,Broad Commodities,Global / Multi-region,Non-classifiable,Liquid,DBC,benchmark_proxy,proxy
2024-02-29,H_DBMF,H_DBMF,Managed Futures ETF Proxy,etf,long,8.7641,8.7641,8.7641,8.7641,etf,0.013882161372740648,0.013882161372740648,0.013882161372740648,Hedge Funds / Absolute Return,Managed Futures,Multi-Strategy,Managed Futures,Global / Multi-region,Non-classifiable,Liquid,DBMF,benchmark_proxy,proxy
2024-02-29,H_EEM,H_EEM,iShares MSCI Emerging Markets ETF,etf,long,5.5811,5.5811,5.5811,5.5811,etf,0.008840352213850006,0.008840352213850006,0.008840352213850006,Global Public Equities,Emerging Markets Core,Multi-Sector / Diversified,EM Equity ETF,Global / Multi-region,All Cap,Liquid,EEM,lookthrough,lookthrough
2024-02-29,H_EMB,H_EMB,iShares Emerging Markets Bond ETF,etf,long,7.3505,7.3505,7.3505,7.3505,etf,0.011643046881063674,0.011643046881063674,0.011643046881063674,Fixed Income & Liquid Credit,EM Sovereign / Credit,Fixed Income / Credit,EM Debt,Global / Multi-region,Non-classifiable,Liquid,EMB,benchmark_proxy,proxy
2024-02-29,H_ES_SHORT,H_ES_SHORT,S&P 500 Overlay Short Future,future,short,2.3658,-14.1948,14.1948,-14.1948,signed_notional,0.0037473804926495395,0.022484282955897238,-0.022484282955897238,Global Public Equities,Equity Index Overlay,Multi-Sector / Diversified,Equity Index Future,North America,Multi Cap,Liquid,SPY,underlying_proxy,proxy
2024-02-29,H_EWJ,H_EWJ,iShares MSCI Japan ETF,etf,long,5.5469,5.5469,5.5469,5.5469,etf,0.00878618008905137,0.00878618008905137,0.00878618008905137,Global Public Equities,Japan Equities,Multi-Sector / Diversified,Japan Equity ETF,Japan,Large Cap,Liquid,EWJ,lookthrough,lookthrough
2024-02-29,H_EWS,H_EWS,iShares MSCI Singapore ETF,etf,long,2.2563,2.2563,2.2563,2.2563,etf,0.003573934654478466,0.003573934654478466,0.003573934654478466,Global Public Equities,Southeast Asia Equities,Multi-Sector / Diversified,Southeast Asia Equity ETF,Southeast Asia,Large Cap,Liquid,EWS,lookthrough,lookthrough
2024-02-29,H_EWY,H_EWY,iShares MSCI South Korea ETF,etf,long,3.9348,3.9348,3.9348,3.9348,etf,0.006232645516306284,0.006232645516306284,0.006232645516306284,Global Public Equities,Korea Equities,Multi-Sector / Diversified,Korea Equity ETF,Korea,Large Cap,Liquid,EWY,lookthrough,lookthrough
2024-02-29,H_GLD,H_GLD,SPDR Gold Shares,etf,long,8.745,8.745,8.745,8.745,etf,0.01385190734982679,0.01385190734982679,0.01385190734982679,Hedge Funds / Absolute Return,Gold / Defensive,Commodities / Precious Metals,Gold,Global / Multi-region,Non-classifiable,Liquid,GLD,benchmark_proxy,proxy
2024-02-29,H_GMACRO,H_GMACRO,Global Macro Hedge Fund Sleeve,fund,long,15.7754,15.775399999999998,15.775399999999998,15.775399999999998,fund,0.024987922150538314,0.02498792215053831,0.02498792215053831,Hedge Funds / Absolute Return,Global Macro,Multi-Strategy,Global Macro,Global / Multi-region,Non-classifiable,Semi-Liquid,GMACRO,mandate_proxy,proxy
2024-02-29,H_GOOGL,H_GOOGL,Alphabet Class A,equity,long,7.0974,7.0974,7.0974,7.0974,equity,0.011242141477948619,0.011242141477948619,0.011242141477948619,Global Public Equities,US Mega-cap Technology,Communication Services,Interactive Media,North America,Mega Cap,Liquid,GOOGL,direct,direct
2024-02-29,H_HSI_FUT,H_HSI_FUT,Hang Seng Index Tactical Long Future,future,long,2.0528,7.390079999999999,7.390079999999999,7.390079999999999,signed_notional,0.0032515946721240066,0.011705740819646423,0.011705740819646423,Global Public Equities,Greater China Tactical Overlay,Multi-Sector / Diversified,Equity Index Future,Greater China,Large Cap,Liquid,2800.HK,underlying_proxy,proxy
2024-02-29,H_HSTECH,H_HSTECH,Hang Seng TECH ETF-style Exposure,etf,long,8.2113,8.2113,8.2113,8.2113,etf,0.013006537086521752,0.013006537086521752,0.013006537086521752,Global Public Equities,Hong Kong / China Technology,Information Technology,Technology ETF,Greater China,Large Cap,Liquid,3067.HK,lookthrough,lookthrough
2024-02-29,H_HYG,H_HYG,iShares High Yield Corporate Bond ETF,etf,long,8.2693,8.2693,8.2693,8.2693,etf,0.013098407941443416,0.013098407941443416,0.013098407941443416,Fixed Income & Liquid Credit,High Yield Credit,Fixed Income / Credit,High Yield Credit,North America,Non-classifiable,Liquid,HYG,benchmark_proxy,proxy
2024-02-29,H_IGIB,H_IGIB,iShares 5-10 Year Investment Grade Corporate Bond ETF,etf,long,11.0257,11.0257,11.0257,11.0257,etf,0.017464491122582648,0.017464491122582648,0.017464491122582648,Fixed Income & Liquid Credit,Investment Grade Credit,Fixed Income / Credit,Investment Grade Credit,North America,Non-classifiable,Liquid,IGIB,benchmark_proxy,proxy
2024-02-29,H_INDA,H_INDA,iShares MSCI India ETF,etf,long,5.2497,5.2497,5.2497,5.2497,etf,0.008315421156590704,0.008315421156590704,0.008315421156590704,Global Public Equities,India Equities,Multi-Sector / Diversified,India Equity ETF,India,All Cap,Liquid,INDA,lookthrough,lookthrough
2024-02-29,H_JD,H_JD,JD.com ADR,equity,long,4.1057,4.1057,4.1057,4.1057,equity,0.0065033477422737395,0.0065033477422737395,0.0065033477422737395,Global Public Equities,China E-commerce ADR,Consumer Discretionary,Broadline Retail,Greater China,Large Cap,Liquid,JD,direct,direct
2024-02-29,H_LQD,H_LQD,iShares Investment Grade Corporate Bond ETF,etf,long,7.3505,7.3505,7.3505,7.3505,etf,0.011643046881063674,0.011643046881063674,0.011643046881063674,Fixed Income & Liquid Credit,Investment Grade Credit,Fixed Income / Credit,Investment Grade Credit,North America,Non-classifiable,Liquid,LQD,benchmark_proxy,proxy
2024-02-29,H_MKTNEUT,H_MKTNEUT,Equity Market Neutral Fund Sleeve,fund,long,14.0226,14.0226,14.0226,14.0226,fund,0.02221152155559533,0.02221152155559533,0.02221152155559533,Hedge Funds / Absolute Return,Equity Market Neutral,Multi-Strategy,Equity Market Neutral,Global / Multi-region,Non-classifiable,Semi-Liquid,MKTNEUT,mandate_proxy,proxy
2024-02-29,H_MSFT,H_MSFT,Microsoft,equity,long,7.886,7.885999999999999,7.885999999999999,7.885999999999999,equity,0.012491268308831798,0.012491268308831797,0.012491268308831797,Global Public Equities,US Mega-cap Technology,Information Technology,Software,North America,Mega Cap,Liquid,MSFT,direct,direct
2024-02-29,H_NQ_SHORT,H_NQ_SHORT,Nasdaq Overlay Short Future,future,short,1.5772,-9.4632,9.4632,-9.4632,signed_notional,0.0024982536617663594,0.014989521970598158,-0.014989521970598158,Global Public Equities,Technology Overlay,Information Technology,Equity Index Future,North America,Mega Cap,Liquid,QQQ,underlying_proxy,proxy
2024-02-29,H_NVDA,H_NVDA,NVIDIA,equity,long,6.3088,6.3088,6.3088,6.3088,equity,0.009993014647065437,0.009993014647065437,0.009993014647065437,Global Public Equities,US Semiconductor Growth,Information Technology,Semiconductors,North America,Mega Cap,Liquid,NVDA,direct,direct
2024-02-29,H_PDD,H_PDD,PDD Holdings ADR,equity,long,4.9268,4.9268,4.9268,4.9268,equity,0.007803953931518197,0.007803953931518197,0.007803953931518197,Global Public Equities,China Internet ADR,Consumer Discretionary,Broadline Retail,Greater China,Large Cap,Liquid,PDD,direct,direct
2024-02-29,H_PF_APAC_LOGISTICS,H_PF_APAC_LOGISTICS,APAC Logistics Real Estate Fund,private_fund,long,6.853,6.853,6.853,6.853,private_fund,0.010855016703071813,0.010855016703071813,0.010855016703071813,Real Estate,APAC Logistics,Industrial Real Estate,APAC Logistics,Japan,Non-classifiable,Illiquid,,mandate_proxy,proxy
2024-02-29,H_PF_APEX_SECONDARIES_II,H_PF_APEX_SECONDARIES_II,Apex Secondaries Fund II,private_fund,long,16.6834,16.6834,16.6834,16.6834,private_fund,0.02642617622413954,0.02642617622413954,0.02642617622413954,Private Equity,Secondaries,Diversified / Secondaries,Secondaries,Global / Multi-region,Non-classifiable,Illiquid,,mandate_proxy,proxy
2024-02-29,H_PF_ATLAS_COINV_I,H_PF_ATLAS_COINV_I,Atlas Co-Investment Fund I,private_fund,long,18.3517,18.3517,18.3517,18.3517,private_fund,0.029068730487343205,0.029068730487343205,0.029068730487343205,Private Equity,Co-investment,Business Services,Co-investment,North America,Non-classifiable,Illiquid,,mandate_proxy,proxy
2024-02-29,H_PF_BLUE_HORIZON_III,H_PF_BLUE_HORIZON_III,Blue Horizon Ventures III,private_fund,long,14.4725,14.4725,14.4725,14.4725,private_fund,0.022924154273341137,0.022924154273341137,0.022924154273341137,Venture Capital / Growth,US Technology VC,Information Technology,US Technology VC,North America,Non-classifiable,Illiquid,,mandate_proxy,proxy
2024-02-29,H_PF_CLIMATE_ALPHA,H_PF_CLIMATE_ALPHA,Climate Alpha Fund,private_fund,long,12.0604,12.0604,12.0604,12.0604,private_fund,0.019103435494779993,0.019103435494779993,0.019103435494779993,Venture Capital / Growth,Climate Technology,Climate / Industrials,Climate Technology,Global / Multi-region,Non-classifiable,Illiquid,,mandate_proxy,proxy
2024-02-29,H_PF_COVE_SPECIALTY_FIN,H_PF_COVE_SPECIALTY_FIN,Cove Specialty Finance Fund,private_fund,long,11.9475,11.9475,11.9475,11.9475,private_fund,0.0189246041237342,0.0189246041237342,0.0189246041237342,Private Credit,Specialty Finance,Financials,Specialty Finance,North America,Non-classifiable,Illiquid,,mandate_proxy,proxy
2024-02-29,H_PF_CRESCENT_DIRECT_LEND,H_PF_CRESCENT_DIRECT_LEND,Crescent Direct Lending Fund,private_fund,long,17.0679,17.0679,17.0679,17.0679,private_fund,0.027035216633059887,0.027035216633059887,0.027035216633059887,Private Credit,Senior Direct Lending,Diversified Credit,Senior Direct Lending,North America,Non-classifiable,Illiquid,,mandate_proxy,proxy
2024-02-29,H_PF_DIGITAL_INFRA,H_PF_DIGITAL_INFRA,Horizon Digital Infrastructure Fund,private_fund,long,6.7829,6.7829,6.7829,6.7829,private_fund,0.01074397968703718,0.01074397968703718,0.01074397968703718,Infrastructure,Digital Infrastructure,Diversified,Digital Infrastructure,Global / Multi-region,Non-classifiable,Illiquid,,mandate_proxy,proxy
2024-02-29,H_PF_DRAGONBRIDGE,H_PF_DRAGONBRIDGE,DragonBridge Greater China Fund,private_fund,long,23.3567,23.3567,23.3567,23.3567,private_fund,0.03699655167497992,0.03699655167497992,0.03699655167497992,Private Equity,Asia Buyout / Greater China,Consumer / Industrials,Asia Buyout / Greater China,Greater China,Non-classifiable,Illiquid,,mandate_proxy,proxy
2024-02-29,H_PF_GLOBAL_GROWTH_II,H_PF_GLOBAL_GROWTH_II,Redwood Growth Fund II,private_fund,long,16.0805,16.0805,16.0805,16.0805,private_fund,0.025471194527031414,0.025471194527031414,0.025471194527031414,Venture Capital / Growth,Global Growth Equity,Information Technology / Consumer,Global Growth Equity,Global / Multi-region,Non-classifiable,Illiquid,,mandate_proxy,proxy
2024-02-29,H_PF_HARBOR_PEAK_V,H_PF_HARBOR_PEAK_V,Harbor Peak Partners V,private_fund,long,25.0251,25.0251,25.0251,25.0251,private_fund,0.03963926433620931,0.03963926433620931,0.03963926433620931,Private Equity,Secondaries,Diversified / Secondaries,Secondaries,Global / Multi-region,Non-classifiable,Illiquid,,mandate_proxy,proxy
2024-02-29,H_PF_HARBOUR_CORE_RE,H_PF_HARBOUR_CORE_RE,Harbour Core Real Estate Fund,private_fund,long,17.1324,17.1324,17.1324,17.1324,private_fund,0.027137383359653804,0.027137383359653804,0.027137383359653804,Real Estate,Core Real Estate,Real Estate,Core Real Estate,Global / Multi-region,Non-classifiable,Illiquid,,mandate_proxy,proxy
2024-02-29,H_PF_HOME_MULTIFAMILY,H_PF_HOME_MULTIFAMILY,HomeStone Multifamily Fund,private_fund,long,10.2794,10.2794,10.2794,10.2794,private_fund,0.016282366656581993,0.016282366656581993,0.016282366656581993,Real Estate,US Multifamily,Residential Real Estate,US Multifamily,North America,Non-classifiable,Illiquid,,mandate_proxy,proxy
2024-02-29,H_PF_INDIA_DIGITAL,H_PF_INDIA_DIGITAL,Indigo India Digital Growth Fund,private_fund,long,9.6483,9.6483,9.6483,9.6483,private_fund,0.01528271671621885,0.01528271671621885,0.01528271671621885,Venture Capital / Growth,India Digital Growth,Information Technology,India Digital Growth,India,Non-classifiable,Illiquid,,mandate_proxy,proxy
2024-02-29,H_PF_INFRA_CORE,H_PF_INFRA_CORE,Evergreen Core Infrastructure Fund,private_fund,long,10.1744,10.1744,10.1744,10.1744,private_fund,0.016116048729568636,0.016116048729568636,0.016116048729568636,Infrastructure,Core Infrastructure,Infrastructure,Core Infrastructure,Global / Multi-region,Non-classifiable,Illiquid,,mandate_proxy,proxy
2024-02-29,H_PF_LIONROCK_CREDIT,H_PF_LIONROCK_CREDIT,LionRock Asia Private Credit Fund,private_fund,long,14.081,14.081,14.081,14.081,private_fund,0.022304026002619902,0.022304026002619902,0.022304026002619902,Private Credit,Asia Private Credit,Diversified Credit,Asia Private Credit,Southeast Asia,Non-classifiable,Illiquid,,mandate_proxy,proxy
2024-02-29,H_PF_METRO_LOGISTICS,H_PF_METRO_LOGISTICS,Metro Logistics Fund,private_fund,long,10.7077,10.7077,10.7077,10.7077,private_fund,0.016960785400770766,0.016960785400770766,0.016960785400770766,Real Estate,Logistics Real Estate,Industrial Real Estate,Logistics Real Estate,Southeast Asia,Non-classifiable,Illiquid,,mandate_proxy,proxy
2024-02-29,H_PF_NORTHSTAR_IV,H_PF_NORTHSTAR_IV,Northstar Buyout Fund IV,private_fund,long,29.1959,29.1959,29.1959,29.1959,private_fund,0.04624572919323133,0.04624572919323133,0.04624572919323133,Private Equity,Buyout,Industrials,Buyout,North America,Non-classifiable,Illiquid,,mandate_proxy,proxy
2024-02-29,H_PF_RENEWABLES_II,H_PF_RENEWABLES_II,SolarBridge Renewables Fund II,private_fund,long,8.4786,8.4786,8.4786,8.4786,private_fund,0.013429935009290043,0.013429935009290043,0.013429935009290043,Infrastructure,Renewables,Utilities / Infrastructure,Renewables,Global / Multi-region,Non-classifiable,Illiquid,,mandate_proxy,proxy
2024-02-29,H_PF_SEEDSPRING_I,H_PF_SEEDSPRING_I,SeedSpring Southeast Asia VC Fund I,private_fund,long,8.0403,8.0403,8.0403,8.0403,private_fund,0.01273567646252857,0.01273567646252857,0.01273567646252857,Venture Capital / Growth,Southeast Asia VC,Information Technology / Consumer,Southeast Asia VC,Southeast Asia,Non-classifiable,Illiquid,,mandate_proxy,proxy
2024-02-29,H_PF_SPRING_OPP_CREDIT,H_PF_SPRING_OPP_CREDIT,Spring Point Opportunistic Credit Fund,private_fund,long,14.5077,14.5077,14.5077,14.5077,private_fund,0.022979910378397042,0.022979910378397042,0.022979910378397042,Private Credit,Opportunistic Credit,Special Situations Credit,Opportunistic Credit,Global / Multi-region,Non-classifiable,Illiquid,,mandate_proxy,proxy
2024-02-29,H_QAI,H_QAI,Multi-Strategy Liquid Alternatives ETF Proxy,etf,long,6.1349,6.1349,6.1349,6.1349,etf,0.009717560480326173,0.009717560480326173,0.009717560480326173,Hedge Funds / Absolute Return,Multi-Strategy Absolute Return,Multi-Strategy,Absolute Return,Global / Multi-region,Non-classifiable,Liquid,QAI,benchmark_proxy,proxy
2024-02-29,H_QQQ,H_QQQ,Invesco QQQ Trust,etf,long,18.9265,18.9265,18.9265,18.9265,etf,0.029979202339222043,0.029979202339222043,0.029979202339222043,Global Public Equities,US Technology / Growth,Information Technology,Growth / Technology ETF,North America,Mega Cap,Liquid,QQQ,lookthrough,lookthrough
2024-02-29,H_SPY,H_SPY,SPDR S&P 500 ETF,etf,long,31.5441,31.5441,31.5441,31.5441,etf,0.04996523163335292,0.04996523163335292,0.04996523163335292,Global Public Equities,US Large Cap Core,Multi-Sector / Diversified,Broad Market ETF,North America,Multi Cap,Liquid,SPY,lookthrough,lookthrough
2024-02-29,H_SPY_PUT,H_SPY_PUT,S&P 500 Protective Put Overlay,listed_option,long,1.5772,-6.3088,9.4632,-6.3088,delta_adjusted_exposure,0.0024982536617663594,0.014989521970598158,-0.009993014647065437,Global Public Equities,Options Overlay,Multi-Sector / Diversified,Equity Index Option,North America,Multi Cap,Liquid,SPY,underlying_proxy,proxy
2024-02-29,H_TLT,H_TLT,iShares 20+ Year Treasury Bond ETF,etf,long,12.8633,12.8633,12.8633,12.8633,etf,0.020375213243342134,0.020375213243342134,0.020375213243342134,Fixed Income & Liquid Credit,Long Duration Treasuries,Fixed Income / Sovereign,Government Bonds,North America,Non-classifiable,Liquid,TLT,benchmark_proxy,proxy
2024-02-29,H_VNQ,H_VNQ,US Listed REIT ETF Proxy,etf,long,5.2585,5.2585,5.2585,5.2585,etf,0.00832936018285468,0.00832936018285468,0.00832936018285468,Hedge Funds / Absolute Return,Listed Real Estate,Real Estate,REITs,North America,Mid Cap,Liquid,VNQ,lookthrough,lookthrough
2024-03-31,H_2800HK,H_2800HK,Tracker Fund of Hong Kong ETF,etf,long,9.5488,9.5488,9.5488,9.5488,etf,0.015260599898452316,0.015260599898452316,0.015260599898452316,Global Public Equities,Hong Kong Broad Market,Multi-Sector / Diversified,Hong Kong Equity ETF,Greater China,Large Cap,Liquid,2800.HK,lookthrough,lookthrough
2024-03-31,H_ACWI,H_ACWI,iShares MSCI ACWI ETF,etf,long,15.7253,15.7253,15.7253,15.7253,etf,0.025131693153394377,0.025131693153394377,0.025131693153394377,Global Public Equities,Global Equity Core,Multi-Sector / Diversified,Broad Market ETF,Global / Multi-region,Multi Cap,Liquid,ACWI,lookthrough,lookthrough
2024-03-31,H_AGG,H_AGG,iShares Core US Aggregate Bond ETF,etf,long,21.8304,21.8304,21.8304,21.8304,etf,0.0348886771136869,0.0348886771136869,0.0348886771136869,Fixed Income & Liquid Credit,US Aggregate Bonds,Fixed Income / Credit,Aggregate Bonds,North America,Non-classifiable,Liquid,AGG,benchmark_proxy,proxy
2024-03-31,H_BABA,H_BABA,Alibaba ADR,equity,long,5.5702,5.5702,5.5702,5.5702,equity,0.008902123152056707,0.008902123152056707,0.008902123152056707,Global Public Equities,China Internet ADR,Consumer Discretionary,Broadline Retail,Greater China,Large Cap,Liquid,BABA,direct,direct
2024-03-31,H_BIL,H_BIL,SPDR 1-3 Month T-Bill ETF,etf,long,7.2768,7.2768,7.2768,7.2768,etf,0.011629559037895632,0.011629559037895632,0.011629559037895632,Fixed Income & Liquid Credit,Treasury Bills,Fixed Income / Sovereign,Treasury Bills,North America,Non-classifiable,Liquid,BIL,benchmark_proxy,proxy
2024-03-31,H_BRKB,H_BRKB,Berkshire Hathaway Class B,equity,long,9.3017,9.3017,9.3017,9.3017,equity,0.01486569224147892,0.01486569224147892,0.01486569224147892,Global Public Equities,US Quality Compounder,Financials,Multi-Sector Holdings,North America,Mega Cap,Liquid,BRK.B,direct,direct
2024-03-31,H_CASH_HKD,H_CASH_HKD,HKD Working Capital,cash,long,2.3109,2.3109,2.3109,2.3109,cash,0.0036932096499385746,0.0036932096499385746,0.0036932096499385746,Cash & Liquidity,Cash Accounts,Cash,Cash,Global / Multi-region,Non-classifiable,Cash,,direct,direct
2024-03-31,H_CASH_JPY,H_CASH_JPY,JPY Treasury Buffer,cash,long,1.5406,1.5406,1.5406,1.5406,cash,0.002462139766625716,0.002462139766625716,0.002462139766625716,Cash & Liquidity,Cash Accounts,Cash,Cash,Global / Multi-region,Non-classifiable,Cash,,direct,direct
2024-03-31,H_CASH_OPS_USD,H_CASH_OPS_USD,USD Operating Cash,cash,long,11.5546,11.5546,11.5546,11.5546,cash,0.018466208066632156,0.018466208066632156,0.018466208066632156,Cash & Liquidity,Cash Accounts,Cash,Cash,Global / Multi-region,Non-classifiable,Cash,,direct,direct
2024-03-31,H_CASH_RESERVE_USD,H_CASH_RESERVE_USD,USD Liquidity Reserve,cash,long,4.333,4.333,4.333,4.333,cash,0.00692486797922188,0.00692486797922188,0.00692486797922188,Cash & Liquidity,Cash Accounts,Cash,Cash,Global / Multi-region,Non-classifiable,Cash,,direct,direct
2024-03-31,H_CASH_SGD,H_CASH_SGD,SGD Near-Term Reserve,cash,long,1.9258,1.9258,1.9258,1.9258,cash,0.0030777546167517875,0.0030777546167517875,0.0030777546167517875,Cash & Liquidity,Cash Accounts,Cash,Cash,Global / Multi-region,Non-classifiable,Cash,,direct,direct
2024-03-31,H_CNYA,H_CNYA,iShares MSCI China A ETF,etf,long,6.3659,6.3659,6.3659,6.3659,etf,0.010173786537947972,0.010173786537947972,0.010173786537947972,Global Public Equities,China A-Shares,Multi-Sector / Diversified,China A-Shares ETF,Greater China,All Cap,Liquid,CNYA,lookthrough,lookthrough
2024-03-31,H_DBC,H_DBC,Broad Commodities ETF Proxy,etf,long,6.9178,6.9178,6.9178,6.9178,etf,0.011055816225862247,0.011055816225862247,0.011055816225862247,Hedge Funds / Absolute Return,Commodities,Commodities,Broad Commodities,Global / Multi-region,Non-classifiable,Liquid,DBC,benchmark_proxy,proxy
2024-03-31,H_DBMF,H_DBMF,Managed Futures ETF Proxy,etf,long,8.6473,8.6473,8.6473,8.6473,etf,0.013819850190797452,0.013819850190797452,0.013819850190797452,Hedge Funds / Absolute Return,Managed Futures,Multi-Strategy,Managed Futures,Global / Multi-region,Non-classifiable,Liquid,DBMF,benchmark_proxy,proxy
2024-03-31,H_EEM,H_EEM,iShares MSCI Emerging Markets ETF,etf,long,5.5038,5.5038,5.5038,5.5038,etf,0.008796004704371424,0.008796004704371424,0.008796004704371424,Global Public Equities,Emerging Markets Core,Multi-Sector / Diversified,EM Equity ETF,Global / Multi-region,All Cap,Liquid,EEM,lookthrough,lookthrough
2024-03-31,H_EMB,H_EMB,iShares Emerging Markets Bond ETF,etf,long,7.2768,7.2768,7.2768,7.2768,etf,0.011629559037895632,0.011629559037895632,0.011629559037895632,Fixed Income & Liquid Credit,EM Sovereign / Credit,Fixed Income / Credit,EM Debt,Global / Multi-region,Non-classifiable,Liquid,EMB,benchmark_proxy,proxy
2024-03-31,H_ES_SHORT,H_ES_SHORT,S&P 500 Overlay Short Future,future,short,2.3254,-13.9524,13.9524,-13.9524,signed_notional,0.0037163831061349088,0.022298298636809454,-0.022298298636809454,Global Public Equities,Equity Index Overlay,Multi-Sector / Diversified,Equity Index Future,North America,Multi Cap,Liquid,SPY,underlying_proxy,proxy
2024-03-31,H_EWJ,H_EWJ,iShares MSCI Japan ETF,etf,long,5.4661,5.4661,5.4661,5.4661,etf,0.008735753718260955,0.008735753718260955,0.008735753718260955,Global Public Equities,Japan Equities,Multi-Sector / Diversified,Japan Equity ETF,Japan,Large Cap,Liquid,EWJ,lookthrough,lookthrough
2024-03-31,H_EWS,H_EWS,iShares MSCI Singapore ETF,etf,long,2.2245,2.2245,2.2245,2.2245,etf,0.003555127814396278,0.003555127814396278,0.003555127814396278,Global Public Equities,Southeast Asia Equities,Multi-Sector / Diversified,Southeast Asia Equity ETF,Southeast Asia,Large Cap,Liquid,EWS,lookthrough,lookthrough
2024-03-31,H_EWY,H_EWY,iShares MSCI South Korea ETF,etf,long,3.8615,3.8615,3.8615,3.8615,etf,0.006171331110492797,0.006171331110492797,0.006171331110492797,Global Public Equities,Korea Equities,Multi-Sector / Diversified,Korea Equity ETF,Korea,Large Cap,Liquid,EWY,lookthrough,lookthrough
2024-03-31,H_GLD,H_GLD,SPDR Gold Shares,etf,long,8.5815,8.5815,8.5815,8.5815,etf,0.01371469064474788,0.01371469064474788,0.01371469064474788,Hedge Funds / Absolute Return,Gold / Defensive,Commodities / Precious Metals,Gold,Global / Multi-region,Non-classifiable,Liquid,GLD,benchmark_proxy,proxy
2024-03-31,H_GMACRO,H_GMACRO,Global Macro Hedge Fund Sleeve,fund,long,15.5651,15.5651,15.5651,15.5651,fund,0.024875666416659697,0.024875666416659697,0.024875666416659697,Hedge Funds / Absolute Return,Global Macro,Multi-Strategy,Global Macro,Global / Multi-region,Non-classifiable,Semi-Liquid,GMACRO,mandate_proxy,proxy
2024-03-31,H_GOOGL,H_GOOGL,Alphabet Class A,equity,long,6.9763,6.9763,6.9763,6.9763,equity,0.011149309135344012,0.011149309135344012,0.011149309135344012,Global Public Equities,US Mega-cap Technology,Communication Services,Interactive Media,North America,Mega Cap,Liquid,GOOGL,direct,direct
2024-03-31,H_HSI_FUT,H_HSI_FUT,Hang Seng Index Tactical Long Future,future,long,1.9893,7.16148,7.16148,7.16148,signed_notional,0.0031792383731978043,0.011445258143512094,0.011445258143512094,Global Public Equities,Greater China Tactical Overlay,Multi-Sector / Diversified,Equity Index Future,Greater China,Large Cap,Liquid,2800.HK,underlying_proxy,proxy
2024-03-31,H_HSTECH,H_HSTECH,Hang Seng TECH ETF-style Exposure,etf,long,7.9574,7.9574,7.9574,7.9574,etf,0.012717273126669787,0.012717273126669787,0.012717273126669787,Global Public Equities,Hong Kong / China Technology,Information Technology,Technology ETF,Greater China,Large Cap,Liquid,3067.HK,lookthrough,lookthrough
2024-03-31,H_HYG,H_HYG,iShares High Yield Corporate Bond ETF,etf,long,8.1864,8.1864,8.1864,8.1864,etf,0.013083253917632588,0.013083253917632588,0.013083253917632588,Fixed Income & Liquid Credit,High Yield Credit,Fixed Income / Credit,High Yield Credit,North America,Non-classifiable,Liquid,HYG,benchmark_proxy,proxy
2024-03-31,H_IGIB,H_IGIB,iShares 5-10 Year Investment Grade Corporate Bond ETF,etf,long,10.9152,10.9152,10.9152,10.9152,etf,0.01744433855684345,0.01744433855684345,0.01744433855684345,Fixed Income & Liquid Credit,Investment Grade Credit,Fixed Income / Credit,Investment Grade Credit,North America,Non-classifiable,Liquid,IGIB,benchmark_proxy,proxy
2024-03-31,H_INDA,H_INDA,iShares MSCI India ETF,etf,long,5.1414,5.1414,5.1414,5.1414,etf,0.008216828116402347,0.008216828116402347,0.008216828116402347,Global Public Equities,India Equities,Multi-Sector / Diversified,India Equity ETF,India,All Cap,Liquid,INDA,lookthrough,lookthrough
2024-03-31,H_JD,H_JD,JD.com ADR,equity,long,3.9787,3.9787,3.9787,3.9787,equity,0.0063586365633348935,0.0063586365633348935,0.0063586365633348935,Global Public Equities,China E-commerce ADR,Consumer Discretionary,Broadline Retail,Greater China,Large Cap,Liquid,JD,direct,direct
2024-03-31,H_LQD,H_LQD,iShares Investment Grade Corporate Bond ETF,etf,long,7.2768,7.2768,7.2768,7.2768,etf,0.011629559037895632,0.011629559037895632,0.011629559037895632,Fixed Income & Liquid Credit,Investment Grade Credit,Fixed Income / Credit,Investment Grade Credit,North America,Non-classifiable,Liquid,LQD,benchmark_proxy,proxy
2024-03-31,H_MKTNEUT,H_MKTNEUT,Equity Market Neutral Fund Sleeve,fund,long,13.8357,13.8357,13.8357,13.8357,fund,0.02211179226866378,0.02211179226866378,0.02211179226866378,Hedge Funds / Absolute Return,Equity Market Neutral,Multi-Strategy,Equity Market Neutral,Global / Multi-region,Non-classifiable,Semi-Liquid,MKTNEUT,mandate_proxy,proxy
2024-03-31,H_MSFT,H_MSFT,Microsoft,equity,long,7.7514,7.7514,7.7514,7.7514,equity,0.012388050231742553,0.012388050231742553,0.012388050231742553,Global Public Equities,US Mega-cap Technology,Information Technology,Software,North America,Mega Cap,Liquid,MSFT,direct,direct
2024-03-31,H_NQ_SHORT,H_NQ_SHORT,Nasdaq Overlay Short Future,future,short,1.5503,-9.3018,9.3018,-9.3018,signed_notional,0.0024776420097363675,0.014865852058418205,-0.014865852058418205,Global Public Equities,Technology Overlay,Information Technology,Equity Index Future,North America,Mega Cap,Liquid,QQQ,underlying_proxy,proxy
2024-03-31,H_NVDA,H_NVDA,NVIDIA,equity,long,6.2011,6.2011,6.2011,6.2011,equity,0.009910408222006185,0.009910408222006185,0.009910408222006185,Global Public Equities,US Semiconductor Growth,Information Technology,Semiconductors,North America,Mega Cap,Liquid,NVDA,direct,direct
2024-03-31,H_PDD,H_PDD,PDD Holdings ADR,equity,long,4.7744,4.7744,4.7744,4.7744,equity,0.007630299949226158,0.007630299949226158,0.007630299949226158,Global Public Equities,China Internet ADR,Consumer Discretionary,Broadline Retail,Greater China,Large Cap,Liquid,PDD,direct,direct
2024-03-31,H_PF_APAC_LOGISTICS,H_PF_APAC_LOGISTICS,APAC Logistics Real Estate Fund,private_fund,long,6.8426,6.8426,6.8426,6.8426,private_fund,0.010935633887519879,0.010935633887519879,0.010935633887519879,Real Estate,APAC Logistics,Industrial Real Estate,APAC Logistics,Japan,Non-classifiable,Illiquid,,mandate_proxy,proxy
2024-03-31,H_PF_APEX_SECONDARIES_II,H_PF_APEX_SECONDARIES_II,Apex Secondaries Fund II,private_fund,long,16.6472,16.6472,16.6472,16.6472,private_fund,0.026605045516663393,0.026605045516663393,0.026605045516663393,Private Equity,Secondaries,Diversified / Secondaries,Secondaries,Global / Multi-region,Non-classifiable,Illiquid,,mandate_proxy,proxy
2024-03-31,H_PF_ATLAS_COINV_I,H_PF_ATLAS_COINV_I,Atlas Co-Investment Fund I,private_fund,long,18.3119,18.3119,18.3119,18.3119,private_fund,0.029265518104941875,0.029265518104941875,0.029265518104941875,Private Equity,Co-investment,Business Services,Co-investment,North America,Non-classifiable,Illiquid,,mandate_proxy,proxy
2024-03-31,H_PF_BLUE_HORIZON_III,H_PF_BLUE_HORIZON_III,Blue Horizon Ventures III,private_fund,long,14.4025,14.4025,14.4025,14.4025,private_fund,0.02301763468053153,0.02301763468053153,0.02301763468053153,Venture Capital / Growth,US Technology VC,Information Technology,US Technology VC,North America,Non-classifiable,Illiquid,,mandate_proxy,proxy
2024-03-31,H_PF_CLIMATE_ALPHA,H_PF_CLIMATE_ALPHA,Climate Alpha Fund,private_fund,long,12.0021,12.0021,12.0021,12.0021,private_fund,0.019181388869932824,0.019181388869932824,0.019181388869932824,Venture Capital / Growth,Climate Technology,Climate / Industrials,Climate Technology,Global / Multi-region,Non-classifiable,Illiquid,,mandate_proxy,proxy
2024-03-31,H_PF_COVE_SPECIALTY_FIN,H_PF_COVE_SPECIALTY_FIN,Cove Specialty Finance Fund,private_fund,long,11.9588,11.9588,11.9588,11.9588,private_fund,0.01911218813522239,0.01911218813522239,0.01911218813522239,Private Credit,Specialty Finance,Financials,Specialty Finance,North America,Non-classifiable,Illiquid,,mandate_proxy,proxy
2024-03-31,H_PF_CRESCENT_DIRECT_LEND,H_PF_CRESCENT_DIRECT_LEND,Crescent Direct Lending Fund,private_fund,long,17.084,17.084,17.084,17.084,private_fund,0.027303125907460556,0.027303125907460556,0.027303125907460556,Private Credit,Senior Direct Lending,Diversified Credit,Senior Direct Lending,North America,Non-classifiable,Illiquid,,mandate_proxy,proxy
2024-03-31,H_PF_DIGITAL_INFRA,H_PF_DIGITAL_INFRA,Horizon Digital Infrastructure Fund,private_fund,long,6.7868,6.7868,6.7868,6.7868,private_fund,0.010846456035398813,0.010846456035398813,0.010846456035398813,Infrastructure,Digital Infrastructure,Diversified,Digital Infrastructure,Global / Multi-region,Non-classifiable,Illiquid,,mandate_proxy,proxy
2024-03-31,H_PF_DRAGONBRIDGE,H_PF_DRAGONBRIDGE,DragonBridge Greater China Fund,private_fund,long,23.3061,23.3061,23.3061,23.3061,private_fund,0.03724709568671661,0.03724709568671661,0.03724709568671661,Private Equity,Asia Buyout / Greater China,Consumer / Industrials,Asia Buyout / Greater China,Greater China,Non-classifiable,Illiquid,,mandate_proxy,proxy
2024-03-31,H_PF_GLOBAL_GROWTH_II,H_PF_GLOBAL_GROWTH_II,Redwood Growth Fund II,private_fund,long,16.0028,16.0028,16.0028,16.0028,private_fund,0.025575185159910432,0.025575185159910432,0.025575185159910432,Venture Capital / Growth,Global Growth Equity,Information Technology / Consumer,Global Growth Equity,Global / Multi-region,Non-classifiable,Illiquid,,mandate_proxy,proxy
2024-03-31,H_PF_HARBOR_PEAK_V,H_PF_HARBOR_PEAK_V,Harbor Peak Partners V,private_fund,long,24.9708,24.9708,24.9708,24.9708,private_fund,0.03990756827499509,0.03990756827499509,0.03990756827499509,Private Equity,Secondaries,Diversified / Secondaries,Secondaries,Global / Multi-region,Non-classifiable,Illiquid,,mandate_proxy,proxy
2024-03-31,H_PF_HARBOUR_CORE_RE,H_PF_HARBOUR_CORE_RE,Harbour Core Real Estate Fund,private_fund,long,17.1065,17.1065,17.1065,17.1065,private_fund,0.027339084718799696,0.027339084718799696,0.027339084718799696,Real Estate,Core Real Estate,Real Estate,Core Real Estate,Global / Multi-region,Non-classifiable,Illiquid,,mandate_proxy,proxy
2024-03-31,H_PF_HOME_MULTIFAMILY,H_PF_HOME_MULTIFAMILY,HomeStone Multifamily Fund,private_fund,long,10.2639,10.2639,10.2639,10.2639,private_fund,0.016403450831279816,0.016403450831279816,0.016403450831279816,Real Estate,US Multifamily,Residential Real Estate,US Multifamily,North America,Non-classifiable,Illiquid,,mandate_proxy,proxy
2024-03-31,H_PF_INDIA_DIGITAL,H_PF_INDIA_DIGITAL,Indigo India Digital Growth Fund,private_fund,long,9.6017,9.6017,9.6017,9.6017,private_fund,0.015345143059334114,0.015345143059334114,0.015345143059334114,Venture Capital / Growth,India Digital Growth,Information Technology,India Digital Growth,India,Non-classifiable,Illiquid,,mandate_proxy,proxy
2024-03-31,H_PF_INFRA_CORE,H_PF_INFRA_CORE,Evergreen Core Infrastructure Fund,private_fund,long,10.1801,10.1801,10.1801,10.1801,private_fund,0.016269524236158933,0.016269524236158933,0.016269524236158933,Infrastructure,Core Infrastructure,Infrastructure,Core Infrastructure,Global / Multi-region,Non-classifiable,Illiquid,,mandate_proxy,proxy
2024-03-31,H_PF_LIONROCK_CREDIT,H_PF_LIONROCK_CREDIT,LionRock Asia Private Credit Fund,private_fund,long,14.0943,14.0943,14.0943,14.0943,private_fund,0.02252507887365496,0.02252507887365496,0.02252507887365496,Private Credit,Asia Private Credit,Diversified Credit,Asia Private Credit,Southeast Asia,Non-classifiable,Illiquid,,mandate_proxy,proxy
2024-03-31,H_PF_METRO_LOGISTICS,H_PF_METRO_LOGISTICS,Metro Logistics Fund,private_fund,long,10.6916,10.6916,10.6916,10.6916,private_fund,0.01708698788060204,0.01708698788060204,0.01708698788060204,Real Estate,Logistics Real Estate,Industrial Real Estate,Logistics Real Estate,Southeast Asia,Non-classifiable,Illiquid,,mandate_proxy,proxy
2024-03-31,H_PF_NORTHSTAR_IV,H_PF_NORTHSTAR_IV,Northstar Buyout Fund IV,private_fund,long,29.1326,29.1326,29.1326,29.1326,private_fund,0.04655882965416094,0.04655882965416094,0.04655882965416094,Private Equity,Buyout,Industrials,Buyout,North America,Non-classifiable,Illiquid,,mandate_proxy,proxy
2024-03-31,H_PF_RENEWABLES_II,H_PF_RENEWABLES_II,SolarBridge Renewables Fund II,private_fund,long,8.4834,8.4834,8.4834,8.4834,private_fund,0.01355791022730923,0.01355791022730923,0.01355791022730923,Infrastructure,Renewables,Utilities / Infrastructure,Renewables,Global / Multi-region,Non-classifiable,Illiquid,,mandate_proxy,proxy
2024-03-31,H_PF_SEEDSPRING_I,H_PF_SEEDSPRING_I,SeedSpring Southeast Asia VC Fund I,private_fund,long,8.0014,8.0014,8.0014,8.0014,private_fund,0.012787592579955216,0.012787592579955216,0.012787592579955216,Venture Capital / Growth,Southeast Asia VC,Information Technology / Consumer,Southeast Asia VC,Southeast Asia,Non-classifiable,Illiquid,,mandate_proxy,proxy
2024-03-31,H_PF_SPRING_OPP_CREDIT,H_PF_SPRING_OPP_CREDIT,Spring Point Opportunistic Credit Fund,private_fund,long,14.5214,14.5214,14.5214,14.5214,private_fund,0.023207657021341473,0.023207657021341473,0.023207657021341473,Private Credit,Opportunistic Credit,Special Situations Credit,Opportunistic Credit,Global / Multi-region,Non-classifiable,Illiquid,,mandate_proxy,proxy
2024-03-31,H_QAI,H_QAI,Multi-Strategy Liquid Alternatives ETF Proxy,etf,long,6.0531,6.0531,6.0531,6.0531,etf,0.009673879151864288,0.009673879151864288,0.009673879151864288,Hedge Funds / Absolute Return,Multi-Strategy Absolute Return,Multi-Strategy,Absolute Return,Global / Multi-region,Non-classifiable,Liquid,QAI,benchmark_proxy,proxy
2024-03-31,H_QQQ,H_QQQ,Invesco QQQ Trust,etf,long,18.6034,18.6034,18.6034,18.6034,etf,0.02973138448295784,0.02973138448295784,0.02973138448295784,Global Public Equities,US Technology / Growth,Information Technology,Growth / Technology ETF,North America,Mega Cap,Liquid,QQQ,lookthrough,lookthrough
2024-03-31,H_SPY,H_SPY,SPDR S&P 500 ETF,etf,long,31.0056,31.0056,31.0056,31.0056,etf,0.049552200926970214,0.049552200926970214,0.049552200926970214,Global Public Equities,US Large Cap Core,Multi-Sector / Diversified,Broad Market ETF,North America,Multi Cap,Liquid,SPY,lookthrough,lookthrough
2024-03-31,H_SPY_PUT,H_SPY_PUT,S&P 500 Protective Put Overlay,listed_option,long,1.5503,-6.2012,9.3018,-6.2012,delta_adjusted_exposure,0.0024776420097363675,0.014865852058418205,-0.00991056803894547,Global Public Equities,Options Overlay,Multi-Sector / Diversified,Equity Index Option,North America,Multi Cap,Liquid,SPY,underlying_proxy,proxy
2024-03-31,H_TLT,H_TLT,iShares 20+ Year Treasury Bond ETF,etf,long,12.7344,12.7344,12.7344,12.7344,etf,0.020351728316317357,0.020351728316317357,0.020351728316317357,Fixed Income & Liquid Credit,Long Duration Treasuries,Fixed Income / Sovereign,Government Bonds,North America,Non-classifiable,Liquid,TLT,benchmark_proxy,proxy
2024-03-31,H_VNQ,H_VNQ,US Listed REIT ETF Proxy,etf,long,5.1884,5.1884,5.1884,5.1884,etf,0.008291942077866328,0.008291942077866328,0.008291942077866328,Hedge Funds / Absolute Return,Listed Real Estate,Real Estate,REITs,North America,Mid Cap,Liquid,VNQ,lookthrough,lookthrough
2024-04-30,H_2800HK,H_2800HK,Tracker Fund of Hong Kong ETF,etf,long,9.287,9.287,9.287,9.287,etf,0.014965944298389378,0.014965944298389378,0.014965944298389378,Global Public Equities,Hong Kong Broad Market,Multi-Sector / Diversified,Hong Kong Equity ETF,Greater China,Large Cap,Liquid,2800.HK,lookthrough,lookthrough
2024-04-30,H_ACWI,H_ACWI,iShares MSCI ACWI ETF,etf,long,15.5224,15.522399999999998,15.522399999999998,15.522399999999998,etf,0.025014253663973217,0.025014253663973213,0.025014253663973213,Global Public Equities,Global Equity Core,Multi-Sector / Diversified,Broad Market ETF,Global / Multi-region,Multi Cap,Liquid,ACWI,lookthrough,lookthrough
2024-04-30,H_AGG,H_AGG,iShares Core US Aggregate Bond ETF,etf,long,21.6183,21.6183,21.6183,21.6183,etf,0.03483775962376129,0.03483775962376129,0.03483775962376129,Fixed Income & Liquid Credit,US Aggregate Bonds,Fixed Income / Credit,Aggregate Bonds,North America,Non-classifiable,Liquid,AGG,benchmark_proxy,proxy
2024-04-30,H_BABA,H_BABA,Alibaba ADR,equity,long,5.4174,5.4174,5.4174,5.4174,equity,0.008730107315827997,0.008730107315827997,0.008730107315827997,Global Public Equities,China Internet ADR,Consumer Discretionary,Broadline Retail,Greater China,Large Cap,Liquid,BABA,direct,direct
2024-04-30,H_BIL,H_BIL,SPDR 1-3 Month T-Bill ETF,etf,long,7.2061,7.2061,7.2061,7.2061,etf,0.011612586541253762,0.011612586541253762,0.011612586541253762,Fixed Income & Liquid Credit,Treasury Bills,Fixed Income / Sovereign,Treasury Bills,North America,Non-classifiable,Liquid,BIL,benchmark_proxy,proxy
2024-04-30,H_BRKB,H_BRKB,Berkshire Hathaway Class B,equity,long,9.1376,9.1376,9.1376,9.1376,equity,0.014725187102504875,0.014725187102504875,0.014725187102504875,Global Public Equities,US Quality Compounder,Financials,Multi-Sector Holdings,North America,Mega Cap,Liquid,BRK.B,direct,direct
2024-04-30,H_CASH_HKD,H_CASH_HKD,HKD Working Capital,cash,long,2.3083,2.3083,2.3083,2.3083,cash,0.0037198114809919454,0.0037198114809919454,0.0037198114809919454,Cash & Liquidity,Cash Accounts,Cash,Cash,Global / Multi-region,Non-classifiable,Cash,,direct,direct
2024-04-30,H_CASH_JPY,H_CASH_JPY,JPY Treasury Buffer,cash,long,1.5389,1.5389,1.5389,1.5389,cash,0.0024799280371262424,0.0024799280371262424,0.0024799280371262424,Cash & Liquidity,Cash Accounts,Cash,Cash,Global / Multi-region,Non-classifiable,Cash,,direct,direct
2024-04-30,H_CASH_OPS_USD,H_CASH_OPS_USD,USD Operating Cash,cash,long,11.5417,11.5417,11.5417,11.5417,cash,0.018599379703749398,0.018599379703749398,0.018599379703749398,Cash & Liquidity,Cash Accounts,Cash,Cash,Global / Multi-region,Non-classifiable,Cash,,direct,direct
2024-04-30,H_CASH_RESERVE_USD,H_CASH_RESERVE_USD,USD Liquidity Reserve,cash,long,4.3281,4.3281,4.3281,4.3281,cash,0.006974706957882961,0.006974706957882961,0.006974706957882961,Cash & Liquidity,Cash Accounts,Cash,Cash,Global / Multi-region,Non-classifiable,Cash,,direct,direct
2024-04-30,H_CASH_SGD,H_CASH_SGD,SGD Near-Term Reserve,cash,long,1.9236,1.9236,1.9236,1.9236,cash,0.0030998697590590937,0.0030998697590590937,0.0030998697590590937,Cash & Liquidity,Cash Accounts,Cash,Cash,Global / Multi-region,Non-classifiable,Cash,,direct,direct
2024-04-30,H_CNYA,H_CNYA,iShares MSCI China A ETF,etf,long,6.1914,6.1914,6.1914,6.1914,etf,0.009977403631856141,0.009977403631856141,0.009977403631856141,Global Public Equities,China A-Shares,Multi-Sector / Diversified,China A-Shares ETF,Greater China,All Cap,Liquid,CNYA,lookthrough,lookthrough
2024-04-30,H_DBC,H_DBC,Broad Commodities ETF Proxy,etf,long,6.8322,6.8322,6.8322,6.8322,etf,0.011010048953963163,0.011010048953963163,0.011010048953963163,Hedge Funds / Absolute Return,Commodities,Commodities,Broad Commodities,Global / Multi-region,Non-classifiable,Liquid,DBC,benchmark_proxy,proxy
2024-04-30,H_DBMF,H_DBMF,Managed Futures ETF Proxy,etf,long,8.5402,8.5402,8.5402,8.5402,etf,0.013762480617756537,0.013762480617756537,0.013762480617756537,Hedge Funds / Absolute Return,Managed Futures,Multi-Strategy,Managed Futures,Global / Multi-region,Non-classifiable,Liquid,DBMF,benchmark_proxy,proxy
2024-04-30,H_EEM,H_EEM,iShares MSCI Emerging Markets ETF,etf,long,5.4328,5.4328,5.4328,5.4328,etf,0.008754924322632692,0.008754924322632692,0.008754924322632692,Global Public Equities,Emerging Markets Core,Multi-Sector / Diversified,EM Equity ETF,Global / Multi-region,All Cap,Liquid,EEM,lookthrough,lookthrough
2024-04-30,H_EMB,H_EMB,iShares Emerging Markets Bond ETF,etf,long,7.2061,7.2061,7.2061,7.2061,etf,0.011612586541253762,0.011612586541253762,0.011612586541253762,Fixed Income & Liquid Credit,EM Sovereign / Credit,Fixed Income / Credit,EM Debt,Global / Multi-region,Non-classifiable,Liquid,EMB,benchmark_proxy,proxy
2024-04-30,H_ES_SHORT,H_ES_SHORT,S&P 500 Overlay Short Future,future,short,2.2844,-13.706400000000002,13.706400000000002,-13.706400000000002,signed_notional,0.0036812967756262188,0.022087780653757313,-0.022087780653757313,Global Public Equities,Equity Index Overlay,Multi-Sector / Diversified,Equity Index Future,North America,Multi Cap,Liquid,SPY,underlying_proxy,proxy
2024-04-30,H_EWJ,H_EWJ,iShares MSCI Japan ETF,etf,long,5.3979,5.3979,5.3979,5.3979,etf,0.00869868318383504,0.00869868318383504,0.00869868318383504,Global Public Equities,Japan Equities,Multi-Sector / Diversified,Japan Equity ETF,Japan,Large Cap,Liquid,EWJ,lookthrough,lookthrough
2024-04-30,H_EWS,H_EWS,iShares MSCI Singapore ETF,etf,long,2.2019,2.2019,2.2019,2.2019,etf,0.003548348524886785,0.003548348524886785,0.003548348524886785,Global Public Equities,Southeast Asia Equities,Multi-Sector / Diversified,Southeast Asia Equity ETF,Southeast Asia,Large Cap,Liquid,EWS,lookthrough,lookthrough
2024-04-30,H_EWY,H_EWY,iShares MSCI South Korea ETF,etf,long,3.802,3.8019999999999996,3.8019999999999996,3.8019999999999996,etf,0.006126899991652461,0.0061268999916524606,0.0061268999916524606,Global Public Equities,Korea Equities,Multi-Sector / Diversified,Korea Equity ETF,Korea,Large Cap,Liquid,EWY,lookthrough,lookthrough
2024-04-30,H_GLD,H_GLD,SPDR Gold Shares,etf,long,8.4232,8.4232,8.4232,8.4232,etf,0.013573935825798793,0.013573935825798793,0.013573935825798793,Hedge Funds / Absolute Return,Gold / Defensive,Commodities / Precious Metals,Gold,Global / Multi-region,Non-classifiable,Liquid,GLD,benchmark_proxy,proxy
2024-04-30,H_GMACRO,H_GMACRO,Global Macro Hedge Fund Sleeve,fund,long,15.3724,15.3724,15.3724,15.3724,fund,0.0247725295717197,0.0247725295717197,0.0247725295717197,Hedge Funds / Absolute Return,Global Macro,Multi-Strategy,Global Macro,Global / Multi-region,Non-classifiable,Semi-Liquid,GMACRO,mandate_proxy,proxy
2024-04-30,H_GOOGL,H_GOOGL,Alphabet Class A,equity,long,6.8532,6.853200000000001,6.853200000000001,6.853200000000001,equity,0.011043890326878657,0.011043890326878657,0.011043890326878657,Global Public Equities,US Mega-cap Technology,Communication Services,Interactive Media,North America,Mega Cap,Liquid,GOOGL,direct,direct
2024-04-30,H_HSI_FUT,H_HSI_FUT,Hang Seng Index Tactical Long Future,future,long,1.9348,6.965280000000001,6.965280000000001,6.965280000000001,signed_notional,0.00311791849128069,0.011224506568610484,0.011224506568610484,Global Public Equities,Greater China Tactical Overlay,Multi-Sector / Diversified,Equity Index Future,Greater China,Large Cap,Liquid,2800.HK,underlying_proxy,proxy
2024-04-30,H_HSTECH,H_HSTECH,Hang Seng TECH ETF-style Exposure,etf,long,7.7392,7.7392,7.7392,7.7392,etf,0.01247167396512276,0.01247167396512276,0.01247167396512276,Global Public Equities,Hong Kong / China Technology,Information Technology,Technology ETF,Greater China,Large Cap,Liquid,3067.HK,lookthrough,lookthrough
2024-04-30,H_HYG,H_HYG,iShares High Yield Corporate Bond ETF,etf,long,8.1069,8.1069,8.1069,8.1069,etf,0.013064220289933546,0.013064220289933546,0.013064220289933546,Fixed Income & Liquid Credit,High Yield Credit,Fixed Income / Credit,High Yield Credit,North America,Non-classifiable,Liquid,HYG,benchmark_proxy,proxy
2024-04-30,H_IGIB,H_IGIB,iShares 5-10 Year Investment Grade Corporate Bond ETF,etf,long,10.8092,10.8092,10.8092,10.8092,etf,0.017418960386578062,0.017418960386578062,0.017418960386578062,Fixed Income & Liquid Credit,Investment Grade Credit,Fixed Income / Credit,Investment Grade Credit,North America,Non-classifiable,Liquid,IGIB,benchmark_proxy,proxy
2024-04-30,H_INDA,H_INDA,iShares MSCI India ETF,etf,long,5.0371,5.0371,5.0371,5.0371,etf,0.008117256167267915,0.008117256167267915,0.008117256167267915,Global Public Equities,India Equities,Multi-Sector / Diversified,India Equity ETF,India,All Cap,Liquid,INDA,lookthrough,lookthrough
2024-04-30,H_JD,H_JD,JD.com ADR,equity,long,3.8696,3.8696,3.8696,3.8696,equity,0.00623583698256138,0.00623583698256138,0.00623583698256138,Global Public Equities,China E-commerce ADR,Consumer Discretionary,Broadline Retail,Greater China,Large Cap,Liquid,JD,direct,direct
2024-04-30,H_LQD,H_LQD,iShares Investment Grade Corporate Bond ETF,etf,long,7.2061,7.2061,7.2061,7.2061,etf,0.011612586541253762,0.011612586541253762,0.011612586541253762,Fixed Income & Liquid Credit,Investment Grade Credit,Fixed Income / Credit,Investment Grade Credit,North America,Non-classifiable,Liquid,LQD,benchmark_proxy,proxy
2024-04-30,H_MKTNEUT,H_MKTNEUT,Equity Market Neutral Fund Sleeve,fund,long,13.6644,13.6644,13.6644,13.6644,fund,0.022020097907926327,0.022020097907926327,0.022020097907926327,Hedge Funds / Absolute Return,Equity Market Neutral,Multi-Strategy,Equity Market Neutral,Global / Multi-region,Non-classifiable,Semi-Liquid,MKTNEUT,mandate_proxy,proxy
2024-04-30,H_MSFT,H_MSFT,Microsoft,equity,long,7.6147,7.6147,7.6147,7.6147,equity,0.01227104296855234,0.01227104296855234,0.01227104296855234,Global Public Equities,US Mega-cap Technology,Information Technology,Software,North America,Mega Cap,Liquid,MSFT,direct,direct
2024-04-30,H_NQ_SHORT,H_NQ_SHORT,Nasdaq Overlay Short Future,future,short,1.5229,-9.1374,9.1374,-9.1374,signed_notional,0.0024541441339525336,0.014724864803715203,-0.014724864803715203,Global Public Equities,Technology Overlay,Information Technology,Equity Index Future,North America,Mega Cap,Liquid,QQQ,underlying_proxy,proxy
2024-04-30,H_NVDA,H_NVDA,NVIDIA,equity,long,6.0917,6.0917,6.0917,6.0917,equity,0.009816737685204972,0.009816737685204972,0.009816737685204972,Global Public Equities,US Semiconductor Growth,Information Technology,Semiconductors,North America,Mega Cap,Liquid,NVDA,direct,direct
2024-04-30,H_PDD,H_PDD,PDD Holdings ADR,equity,long,4.6435,4.6435,4.6435,4.6435,equity,0.007482972149194689,0.007482972149194689,0.007482972149194689,Global Public Equities,China Internet ADR,Consumer Discretionary,Broadline Retail,Greater China,Large Cap,Liquid,PDD,direct,direct
2024-04-30,H_PF_APAC_LOGISTICS,H_PF_APAC_LOGISTICS,APAC Logistics Real Estate Fund,private_fund,long,6.8394,6.8394,6.8394,6.8394,private_fund,0.011021651710391333,0.011021651710391333,0.011021651710391333,Real Estate,APAC Logistics,Industrial Real Estate,APAC Logistics,Japan,Non-classifiable,Illiquid,,mandate_proxy,proxy
2024-04-30,H_PF_APEX_SECONDARIES_II,H_PF_APEX_SECONDARIES_II,Apex Secondaries Fund II,private_fund,long,16.6087,16.6087,16.6087,16.6087,private_fund,0.02676481954007318,0.02676481954007318,0.02676481954007318,Private Equity,Secondaries,Diversified / Secondaries,Secondaries,Global / Multi-region,Non-classifiable,Illiquid,,mandate_proxy,proxy
2024-04-30,H_PF_ATLAS_COINV_I,H_PF_ATLAS_COINV_I,Atlas Co-Investment Fund I,private_fund,long,18.2695,18.2695,18.2695,18.2695,private_fund,0.029441188689504117,0.029441188689504117,0.029441188689504117,Private Equity,Co-investment,Business Services,Co-investment,North America,Non-classifiable,Illiquid,,mandate_proxy,proxy
2024-04-30,H_PF_BLUE_HORIZON_III,H_PF_BLUE_HORIZON_III,Blue Horizon Ventures III,private_fund,long,14.3406,14.340599999999998,14.340599999999998,14.340599999999998,private_fund,0.02310979011580518,0.023109790115805176,0.023109790115805176,Venture Capital / Growth,US Technology VC,Information Technology,US Technology VC,North America,Non-classifiable,Illiquid,,mandate_proxy,proxy
2024-04-30,H_PF_CLIMATE_ALPHA,H_PF_CLIMATE_ALPHA,Climate Alpha Fund,private_fund,long,11.9505,11.9505,11.9505,11.9505,private_fund,0.01925815842983765,0.01925815842983765,0.01925815842983765,Venture Capital / Growth,Climate Technology,Climate / Industrials,Climate Technology,Global / Multi-region,Non-classifiable,Illiquid,,mandate_proxy,proxy
2024-04-30,H_PF_COVE_SPECIALTY_FIN,H_PF_COVE_SPECIALTY_FIN,Cove Specialty Finance Fund,private_fund,long,11.9739,11.9739,11.9739,11.9739,private_fund,0.019295867388229197,0.019295867388229197,0.019295867388229197,Private Credit,Specialty Finance,Financials,Specialty Finance,North America,Non-classifiable,Illiquid,,mandate_proxy,proxy
2024-04-30,H_PF_CRESCENT_DIRECT_LEND,H_PF_CRESCENT_DIRECT_LEND,Crescent Direct Lending Fund,private_fund,long,17.1055,17.1055,17.1055,17.1055,private_fund,0.027565409733616826,0.027565409733616826,0.027565409733616826,Private Credit,Senior Direct Lending,Diversified Credit,Senior Direct Lending,North America,Non-classifiable,Illiquid,,mandate_proxy,proxy
2024-04-30,H_PF_DIGITAL_INFRA,H_PF_DIGITAL_INFRA,Horizon Digital Infrastructure Fund,private_fund,long,6.7972,6.7972,6.7972,6.7972,private_fund,0.010953646665770677,0.010953646665770677,0.010953646665770677,Infrastructure,Digital Infrastructure,Diversified,Digital Infrastructure,Global / Multi-region,Non-classifiable,Illiquid,,mandate_proxy,proxy
2024-04-30,H_PF_DRAGONBRIDGE,H_PF_DRAGONBRIDGE,DragonBridge Greater China Fund,private_fund,long,23.2522,23.2522,23.2522,23.2522,private_fund,0.03747077958598142,0.03747077958598142,0.03747077958598142,Private Equity,Asia Buyout / Greater China,Consumer / Industrials,Asia Buyout / Greater China,Greater China,Non-classifiable,Illiquid,,mandate_proxy,proxy
2024-04-30,H_PF_GLOBAL_GROWTH_II,H_PF_GLOBAL_GROWTH_II,Redwood Growth Fund II,private_fund,long,15.9341,15.9341,15.9341,15.9341,private_fund,0.025677705722511702,0.025677705722511702,0.025677705722511702,Venture Capital / Growth,Global Growth Equity,Information Technology / Consumer,Global Growth Equity,Global / Multi-region,Non-classifiable,Illiquid,,mandate_proxy,proxy
2024-04-30,H_PF_HARBOR_PEAK_V,H_PF_HARBOR_PEAK_V,Harbor Peak Partners V,private_fund,long,24.913,24.913,24.913,24.913,private_fund,0.04014714873541236,0.04014714873541236,0.04014714873541236,Private Equity,Secondaries,Diversified / Secondaries,Secondaries,Global / Multi-region,Non-classifiable,Illiquid,,mandate_proxy,proxy
2024-04-30,H_PF_HARBOUR_CORE_RE,H_PF_HARBOUR_CORE_RE,Harbour Core Real Estate Fund,private_fund,long,17.0984,17.0984,17.0984,17.0984,private_fund,0.0275539681265835,0.0275539681265835,0.0275539681265835,Real Estate,Core Real Estate,Real Estate,Core Real Estate,Global / Multi-region,Non-classifiable,Illiquid,,mandate_proxy,proxy
2024-04-30,H_PF_HOME_MULTIFAMILY,H_PF_HOME_MULTIFAMILY,HomeStone Multifamily Fund,private_fund,long,10.259,10.259,10.259,10.259,private_fund,0.016532316416192162,0.016532316416192162,0.016532316416192162,Real Estate,US Multifamily,Residential Real Estate,US Multifamily,North America,Non-classifiable,Illiquid,,mandate_proxy,proxy
2024-04-30,H_PF_INDIA_DIGITAL,H_PF_INDIA_DIGITAL,Indigo India Digital Growth Fund,private_fund,long,9.5604,9.5604,9.5604,9.5604,private_fund,0.015406526743870119,0.015406526743870119,0.015406526743870119,Venture Capital / Growth,India Digital Growth,Information Technology,India Digital Growth,India,Non-classifiable,Illiquid,,mandate_proxy,proxy
2024-04-30,H_PF_INFRA_CORE,H_PF_INFRA_CORE,Evergreen Core Infrastructure Fund,private_fund,long,10.1958,10.1958,10.1958,10.1958,private_fund,0.016430469998656015,0.016430469998656015,0.016430469998656015,Infrastructure,Core Infrastructure,Infrastructure,Core Infrastructure,Global / Multi-region,Non-classifiable,Illiquid,,mandate_proxy,proxy
2024-04-30,H_PF_LIONROCK_CREDIT,H_PF_LIONROCK_CREDIT,LionRock Asia Private Credit Fund,private_fund,long,14.1121,14.1121,14.1121,14.1121,private_fund,0.022741563748605656,0.022741563748605656,0.022741563748605656,Private Credit,Asia Private Credit,Diversified Credit,Asia Private Credit,Southeast Asia,Non-classifiable,Illiquid,,mandate_proxy,proxy
2024-04-30,H_PF_METRO_LOGISTICS,H_PF_METRO_LOGISTICS,Metro Logistics Fund,private_fund,long,10.6865,10.6865,10.6865,10.6865,private_fund,0.017221230079114684,0.017221230079114684,0.017221230079114684,Real Estate,Logistics Real Estate,Industrial Real Estate,Logistics Real Estate,Southeast Asia,Non-classifiable,Illiquid,,mandate_proxy,proxy
2024-04-30,H_PF_NORTHSTAR_IV,H_PF_NORTHSTAR_IV,Northstar Buyout Fund IV,private_fund,long,29.0652,29.065200000000004,29.065200000000004,29.065200000000004,private_fund,0.04683839390777936,0.046838393907779365,0.046838393907779365,Private Equity,Buyout,Industrials,Buyout,North America,Non-classifiable,Illiquid,,mandate_proxy,proxy
2024-04-30,H_PF_RENEWABLES_II,H_PF_RENEWABLES_II,SolarBridge Renewables Fund II,private_fund,long,8.4965,8.4965,8.4965,8.4965,private_fund,0.013692058332213344,0.013692058332213344,0.013692058332213344,Infrastructure,Renewables,Utilities / Infrastructure,Renewables,Global / Multi-region,Non-classifiable,Illiquid,,mandate_proxy,proxy
2024-04-30,H_PF_SEEDSPRING_I,H_PF_SEEDSPRING_I,SeedSpring Southeast Asia VC Fund I,private_fund,long,7.967,7.967,7.967,7.967,private_fund,0.012838772286558432,0.012838772286558432,0.012838772286558432,Venture Capital / Growth,Southeast Asia VC,Information Technology / Consumer,Southeast Asia VC,Southeast Asia,Non-classifiable,Illiquid,,mandate_proxy,proxy
2024-04-30,H_PF_SPRING_OPP_CREDIT,H_PF_SPRING_OPP_CREDIT,Spring Point Opportunistic Credit Fund,private_fund,long,14.5397,14.5397,14.5397,14.5397,private_fund,0.023430638560923013,0.023430638560923013,0.023430638560923013,Private Credit,Opportunistic Credit,Special Situations Credit,Opportunistic Credit,Global / Multi-region,Non-classifiable,Illiquid,,mandate_proxy,proxy
2024-04-30,H_QAI,H_QAI,Multi-Strategy Liquid Alternatives ETF Proxy,etf,long,5.9782,5.9782,5.9782,5.9782,etf,0.009633833122066478,0.009633833122066478,0.009633833122066478,Hedge Funds / Absolute Return,Multi-Strategy Absolute Return,Multi-Strategy,Absolute Return,Global / Multi-region,Non-classifiable,Liquid,QAI,benchmark_proxy,proxy
2024-04-30,H_QQQ,H_QQQ,Invesco QQQ Trust,etf,long,18.2752,18.2752,18.2752,18.2752,etf,0.02945037420500975,0.02945037420500975,0.02945037420500975,Global Public Equities,US Technology / Growth,Information Technology,Growth / Technology ETF,North America,Mega Cap,Liquid,QQQ,lookthrough,lookthrough
2024-04-30,H_SPY,H_SPY,SPDR S&P 500 ETF,etf,long,30.4587,30.4587,30.4587,30.4587,etf,0.049084010724814525,0.049084010724814525,0.049084010724814525,Global Public Equities,US Large Cap Core,Multi-Sector / Diversified,Broad Market ETF,North America,Multi Cap,Liquid,SPY,lookthrough,lookthrough
2024-04-30,H_SPY_PUT,H_SPY_PUT,S&P 500 Protective Put Overlay,listed_option,long,1.5229,-6.0916,9.1374,-6.0916,delta_adjusted_exposure,0.0024541441339525336,0.014724864803715203,-0.009816576535810135,Global Public Equities,Options Overlay,Multi-Sector / Diversified,Equity Index Option,North America,Multi Cap,Liquid,SPY,underlying_proxy,proxy
2024-04-30,H_TLT,H_TLT,iShares 20+ Year Treasury Bond ETF,etf,long,12.6107,12.6107,12.6107,12.6107,etf,0.02032206673454279,0.02032206673454279,0.02032206673454279,Fixed Income & Liquid Credit,Long Duration Treasuries,Fixed Income / Sovereign,Government Bonds,North America,Non-classifiable,Liquid,TLT,benchmark_proxy,proxy
2024-04-30,H_VNQ,H_VNQ,US Listed REIT ETF Proxy,etf,long,5.1241,5.1241,5.1241,5.1241,etf,0.008257456140774956,0.008257456140774956,0.008257456140774956,Hedge Funds / Absolute Return,Listed Real Estate,Real Estate,REITs,North America,Mid Cap,Liquid,VNQ,lookthrough,lookthrough
2024-05-31,H_2800HK,H_2800HK,Tracker Fund of Hong Kong ETF,etf,long,9.0989,9.0989,9.0989,9.0989,etf,0.014752417216368732,0.014752417216368732,0.014752417216368732,Global Public Equities,Hong Kong Broad Market,Multi-Sector / Diversified,Hong Kong Equity ETF,Greater China,Large Cap,Liquid,2800.HK,lookthrough,lookthrough
2024-05-31,H_ACWI,H_ACWI,iShares MSCI ACWI ETF,etf,long,15.3725,15.3725,15.3725,15.3725,etf,0.024924060453310658,0.024924060453310658,0.024924060453310658,Global Public Equities,Global Equity Core,Multi-Sector / Diversified,Broad Market ETF,Global / Multi-region,Multi Cap,Liquid,ACWI,lookthrough,lookthrough
2024-05-31,H_AGG,H_AGG,iShares Core US Aggregate Bond ETF,etf,long,21.4457,21.4457,21.4457,21.4457,etf,0.03477078700689961,0.03477078700689961,0.03477078700689961,Fixed Income & Liquid Credit,US Aggregate Bonds,Fixed Income / Credit,Aggregate Bonds,North America,Non-classifiable,Liquid,AGG,benchmark_proxy,proxy
2024-05-31,H_BABA,H_BABA,Alibaba ADR,equity,long,5.3077,5.3077,5.3077,5.3077,equity,0.00860559022072122,0.00860559022072122,0.00860559022072122,Global Public Equities,China Internet ADR,Consumer Discretionary,Broadline Retail,Greater China,Large Cap,Liquid,BABA,direct,direct
2024-05-31,H_BIL,H_BIL,SPDR 1-3 Month T-Bill ETF,etf,long,7.1486,7.1486,7.1486,7.1486,etf,0.011590316380324381,0.011590316380324381,0.011590316380324381,Fixed Income & Liquid Credit,Treasury Bills,Fixed Income / Sovereign,Treasury Bills,North America,Non-classifiable,Liquid,BIL,benchmark_proxy,proxy
2024-05-31,H_BRKB,H_BRKB,Berkshire Hathaway Class B,equity,long,8.9989,8.9989,8.9989,8.9989,equity,0.014590283142839309,0.014590283142839309,0.014590283142839309,Global Public Equities,US Quality Compounder,Financials,Multi-Sector Holdings,North America,Mega Cap,Liquid,BRK.B,direct,direct
2024-05-31,H_CASH_HKD,H_CASH_HKD,HKD Working Capital,cash,long,2.3066,2.3066,2.3066,2.3066,cash,0.0037397845400296867,0.0037397845400296867,0.0037397845400296867,Cash & Liquidity,Cash Accounts,Cash,Cash,Global / Multi-region,Non-classifiable,Cash,,direct,direct
2024-05-31,H_CASH_JPY,H_CASH_JPY,JPY Treasury Buffer,cash,long,1.5377,1.5377,1.5377,1.5377,cash,0.002493135648661948,0.002493135648661948,0.002493135648661948,Cash & Liquidity,Cash Accounts,Cash,Cash,Global / Multi-region,Non-classifiable,Cash,,direct,direct
2024-05-31,H_CASH_OPS_USD,H_CASH_OPS_USD,USD Operating Cash,cash,long,11.533,11.533,11.533,11.533,cash,0.018698922700148432,0.018698922700148432,0.018698922700148432,Cash & Liquidity,Cash Accounts,Cash,Cash,Global / Multi-region,Non-classifiable,Cash,,direct,direct
2024-05-31,H_CASH_RESERVE_USD,H_CASH_RESERVE_USD,USD Liquidity Reserve,cash,long,4.3249,4.3249,4.3249,4.3249,cash,0.007012136546074046,0.007012136546074046,0.007012136546074046,Cash & Liquidity,Cash Accounts,Cash,Cash,Global / Multi-region,Non-classifiable,Cash,,direct,direct
2024-05-31,H_CASH_SGD,H_CASH_SGD,SGD Near-Term Reserve,cash,long,1.9222,1.9222,1.9222,1.9222,cash,0.003116541161382582,0.003116541161382582,0.003116541161382582,Cash & Liquidity,Cash Accounts,Cash,Cash,Global / Multi-region,Non-classifiable,Cash,,direct,direct
2024-05-31,H_CNYA,H_CNYA,iShares MSCI China A ETF,etf,long,6.0659,6.0659,6.0659,6.0659,etf,0.009834890766221311,0.009834890766221311,0.009834890766221311,Global Public Equities,China A-Shares,Multi-Sector / Diversified,China A-Shares ETF,Greater China,All Cap,Liquid,CNYA,lookthrough,lookthrough
2024-05-31,H_DBC,H_DBC,Broad Commodities ETF Proxy,etf,long,6.767,6.767,6.767,6.767,etf,0.0109716127557361,0.0109716127557361,0.0109716127557361,Hedge Funds / Absolute Return,Commodities,Commodities,Broad Commodities,Global / Multi-region,Non-classifiable,Liquid,DBC,benchmark_proxy,proxy
2024-05-31,H_DBMF,H_DBMF,Managed Futures ETF Proxy,etf,long,8.4587,8.4587,8.4587,8.4587,etf,0.013714434877633361,0.013714434877633361,0.013714434877633361,Hedge Funds / Absolute Return,Managed Futures,Multi-Strategy,Managed Futures,Global / Multi-region,Non-classifiable,Liquid,DBMF,benchmark_proxy,proxy
2024-05-31,H_EEM,H_EEM,iShares MSCI Emerging Markets ETF,etf,long,5.3804,5.3804,5.3804,5.3804,etf,0.00872346169217711,0.00872346169217711,0.00872346169217711,Global Public Equities,Emerging Markets Core,Multi-Sector / Diversified,EM Equity ETF,Global / Multi-region,All Cap,Liquid,EEM,lookthrough,lookthrough
2024-05-31,H_EMB,H_EMB,iShares Emerging Markets Bond ETF,etf,long,7.1486,7.1486,7.1486,7.1486,etf,0.011590316380324381,0.011590316380324381,0.011590316380324381,Fixed Income & Liquid Credit,EM Sovereign / Credit,Fixed Income / Credit,EM Debt,Global / Multi-region,Non-classifiable,Liquid,EMB,benchmark_proxy,proxy
2024-05-31,H_ES_SHORT,H_ES_SHORT,S&P 500 Overlay Short Future,future,short,2.2497,-13.498199999999999,13.498199999999999,-13.498199999999999,signed_notional,0.0036475302521914443,0.021885181513148666,-0.021885181513148666,Global Public Equities,Equity Index Overlay,Multi-Sector / Diversified,Equity Index Future,North America,Multi Cap,Liquid,SPY,underlying_proxy,proxy
2024-05-31,H_EWJ,H_EWJ,iShares MSCI Japan ETF,etf,long,5.3535,5.3535,5.3535,5.3535,etf,0.008679847626397697,0.008679847626397697,0.008679847626397697,Global Public Equities,Japan Equities,Multi-Sector / Diversified,Japan Equity ETF,Japan,Large Cap,Liquid,EWJ,lookthrough,lookthrough
2024-05-31,H_EWS,H_EWS,iShares MSCI Singapore ETF,etf,long,2.1926,2.1926,2.1926,2.1926,etf,0.0035549516962061437,0.0035549516962061437,0.0035549516962061437,Global Public Equities,Southeast Asia Equities,Multi-Sector / Diversified,Southeast Asia Equity ETF,Southeast Asia,Large Cap,Liquid,EWS,lookthrough,lookthrough
2024-05-31,H_EWY,H_EWY,iShares MSCI South Korea ETF,etf,long,3.7651,3.7651000000000003,3.7651000000000003,3.7651000000000003,etf,0.006104510002456331,0.006104510002456332,0.006104510002456332,Global Public Equities,Korea Equities,Multi-Sector / Diversified,Korea Equity ETF,Korea,Large Cap,Liquid,EWY,lookthrough,lookthrough
2024-05-31,H_GLD,H_GLD,SPDR Gold Shares,etf,long,8.2915,8.2915,8.2915,8.2915,etf,0.013443346706692163,0.013443346706692163,0.013443346706692163,Hedge Funds / Absolute Return,Gold / Defensive,Commodities / Precious Metals,Gold,Global / Multi-region,Non-classifiable,Liquid,GLD,benchmark_proxy,proxy
2024-05-31,H_GMACRO,H_GMACRO,Global Macro Hedge Fund Sleeve,fund,long,15.2257,15.2257,15.2257,15.2257,fund,0.02468604763336946,0.02468604763336946,0.02468604763336946,Hedge Funds / Absolute Return,Global Macro,Multi-Strategy,Global Macro,Global / Multi-region,Non-classifiable,Semi-Liquid,GMACRO,mandate_proxy,proxy
2024-05-31,H_GOOGL,H_GOOGL,Alphabet Class A,equity,long,6.7491,6.7491,6.7491,6.7491,equity,0.010942590756574335,0.010942590756574335,0.010942590756574335,Global Public Equities,US Mega-cap Technology,Communication Services,Interactive Media,North America,Mega Cap,Liquid,GOOGL,direct,direct
2024-05-31,H_HSI_FUT,H_HSI_FUT,Hang Seng Index Tactical Long Future,future,long,1.8956,6.82416,6.82416,6.82416,signed_notional,0.0030734134978237554,0.01106428859216552,0.01106428859216552,Global Public Equities,Greater China Tactical Overlay,Multi-Sector / Diversified,Equity Index Future,Greater China,Large Cap,Liquid,2800.HK,underlying_proxy,proxy
2024-05-31,H_HSTECH,H_HSTECH,Hang Seng TECH ETF-style Exposure,etf,long,7.5824,7.5824,7.5824,7.5824,etf,0.012293653991295022,0.012293653991295022,0.012293653991295022,Global Public Equities,Hong Kong / China Technology,Information Technology,Technology ETF,Greater China,Large Cap,Liquid,3067.HK,lookthrough,lookthrough
2024-05-31,H_HYG,H_HYG,iShares High Yield Corporate Bond ETF,etf,long,8.0421,8.0421,8.0421,8.0421,etf,0.013038984327309782,0.013038984327309782,0.013038984327309782,Fixed Income & Liquid Credit,High Yield Credit,Fixed Income / Credit,High Yield Credit,North America,Non-classifiable,Liquid,HYG,benchmark_proxy,proxy
2024-05-31,H_IGIB,H_IGIB,iShares 5-10 Year Investment Grade Corporate Bond ETF,etf,long,10.7229,10.7229,10.7229,10.7229,etf,0.01738547457048657,0.01738547457048657,0.01738547457048657,Fixed Income & Liquid Credit,Investment Grade Credit,Fixed Income / Credit,Investment Grade Credit,North America,Non-classifiable,Liquid,IGIB,benchmark_proxy,proxy
2024-05-31,H_INDA,H_INDA,iShares MSCI India ETF,etf,long,4.9542,4.9542,4.9542,4.9542,etf,0.008032446270794708,0.008032446270794708,0.008032446270794708,Global Public Equities,India Equities,Multi-Sector / Diversified,India Equity ETF,India,All Cap,Liquid,INDA,lookthrough,lookthrough
2024-05-31,H_JD,H_JD,JD.com ADR,equity,long,3.7912,3.7912,3.7912,3.7912,equity,0.006146826995647511,0.006146826995647511,0.006146826995647511,Global Public Equities,China E-commerce ADR,Consumer Discretionary,Broadline Retail,Greater China,Large Cap,Liquid,JD,direct,direct
2024-05-31,H_LQD,H_LQD,iShares Investment Grade Corporate Bond ETF,etf,long,7.1486,7.1486,7.1486,7.1486,etf,0.011590316380324381,0.011590316380324381,0.011590316380324381,Fixed Income & Liquid Credit,Investment Grade Credit,Fixed Income / Credit,Investment Grade Credit,North America,Non-classifiable,Liquid,LQD,benchmark_proxy,proxy
2024-05-31,H_MKTNEUT,H_MKTNEUT,Equity Market Neutral Fund Sleeve,fund,long,13.534,13.534,13.534,13.534,fund,0.0219432255114722,0.0219432255114722,0.0219432255114722,Hedge Funds / Absolute Return,Equity Market Neutral,Multi-Strategy,Equity Market Neutral,Global / Multi-region,Non-classifiable,Semi-Liquid,MKTNEUT,mandate_proxy,proxy
2024-05-31,H_MSFT,H_MSFT,Microsoft,equity,long,7.4991,7.4991,7.4991,7.4991,equity,0.012158596308045012,0.012158596308045012,0.012158596308045012,Global Public Equities,US Mega-cap Technology,Information Technology,Software,North America,Mega Cap,Liquid,MSFT,direct,direct
2024-05-31,H_NQ_SHORT,H_NQ_SHORT,Nasdaq Overlay Short Future,future,short,1.4998,-8.9988,8.9988,-8.9988,signed_notional,0.0024316868347942964,0.014590121008765777,-0.014590121008765777,Global Public Equities,Technology Overlay,Information Technology,Equity Index Future,North America,Mega Cap,Liquid,QQQ,underlying_proxy,proxy
2024-05-31,H_NVDA,H_NVDA,NVIDIA,equity,long,5.9992,5.9992,5.9992,5.9992,equity,0.009726747339177185,0.009726747339177185,0.009726747339177185,Global Public Equities,US Semiconductor Growth,Information Technology,Semiconductors,North America,Mega Cap,Liquid,NVDA,direct,direct
2024-05-31,H_PDD,H_PDD,PDD Holdings ADR,equity,long,4.5495,4.5495,4.5495,4.5495,equity,0.007376289675221131,0.007376289675221131,0.007376289675221131,Global Public Equities,China Internet ADR,Consumer Discretionary,Broadline Retail,Greater China,Large Cap,Liquid,PDD,direct,direct
2024-05-31,H_PF_APAC_LOGISTICS,H_PF_APAC_LOGISTICS,APAC Logistics Real Estate Fund,private_fund,long,6.8475,6.8475,6.8475,6.8475,private_fund,0.011102130684927287,0.011102130684927287,0.011102130684927287,Real Estate,APAC Logistics,Industrial Real Estate,APAC Logistics,Japan,Non-classifiable,Illiquid,,mandate_proxy,proxy
2024-05-31,H_PF_APEX_SECONDARIES_II,H_PF_APEX_SECONDARIES_II,Apex Secondaries Fund II,private_fund,long,16.5845,16.5845,16.5845,16.5845,private_fund,0.026889125424487268,0.026889125424487268,0.026889125424487268,Private Equity,Secondaries,Diversified / Secondaries,Secondaries,Global / Multi-region,Non-classifiable,Illiquid,,mandate_proxy,proxy
2024-05-31,H_PF_ATLAS_COINV_I,H_PF_ATLAS_COINV_I,Atlas Co-Investment Fund I,private_fund,long,18.2429,18.2429,18.2429,18.2429,private_fund,0.02957795689989923,0.02957795689989923,0.02957795689989923,Private Equity,Co-investment,Business Services,Co-investment,North America,Non-classifiable,Illiquid,,mandate_proxy,proxy
2024-05-31,H_PF_BLUE_HORIZON_III,H_PF_BLUE_HORIZON_III,Blue Horizon Ventures III,private_fund,long,14.3064,14.3064,14.3064,14.3064,private_fund,0.023195549095413468,0.023195549095413468,0.023195549095413468,Venture Capital / Growth,US Technology VC,Information Technology,US Technology VC,North America,Non-classifiable,Illiquid,,mandate_proxy,proxy
2024-05-31,H_PF_CLIMATE_ALPHA,H_PF_CLIMATE_ALPHA,Climate Alpha Fund,private_fund,long,11.922,11.922,11.922,11.922,private_fund,0.019329624246177894,0.019329624246177894,0.019329624246177894,Venture Capital / Growth,Climate Technology,Climate / Industrials,Climate Technology,Global / Multi-region,Non-classifiable,Illiquid,,mandate_proxy,proxy
2024-05-31,H_PF_COVE_SPECIALTY_FIN,H_PF_COVE_SPECIALTY_FIN,Cove Specialty Finance Fund,private_fund,long,11.9992,11.9992,11.9992,11.9992,private_fund,0.019454791750942606,0.019454791750942606,0.019454791750942606,Private Credit,Specialty Finance,Financials,Specialty Finance,North America,Non-classifiable,Illiquid,,mandate_proxy,proxy
2024-05-31,H_PF_CRESCENT_DIRECT_LEND,H_PF_CRESCENT_DIRECT_LEND,Crescent Direct Lending Fund,private_fund,long,17.1416,17.1416,17.1416,17.1416,private_fund,0.02779237434811969,0.02779237434811969,0.02779237434811969,Private Credit,Senior Direct Lending,Diversified Credit,Senior Direct Lending,North America,Non-classifiable,Illiquid,,mandate_proxy,proxy
2024-05-31,H_PF_DIGITAL_INFRA,H_PF_DIGITAL_INFRA,Horizon Digital Infrastructure Fund,private_fund,long,6.8175,6.8175,6.8175,6.8175,private_fund,0.01105349046286846,0.01105349046286846,0.01105349046286846,Infrastructure,Digital Infrastructure,Diversified,Digital Infrastructure,Global / Multi-region,Non-classifiable,Illiquid,,mandate_proxy,proxy
2024-05-31,H_PF_DRAGONBRIDGE,H_PF_DRAGONBRIDGE,DragonBridge Greater China Fund,private_fund,long,23.2183,23.2183,23.2183,23.2183,private_fund,0.03764477559428218,0.03764477559428218,0.03764477559428218,Private Equity,Asia Buyout / Greater China,Consumer / Industrials,Asia Buyout / Greater China,Greater China,Non-classifiable,Illiquid,,mandate_proxy,proxy
2024-05-31,H_PF_GLOBAL_GROWTH_II,H_PF_GLOBAL_GROWTH_II,Redwood Growth Fund II,private_fund,long,15.896,15.896,15.896,15.896,private_fund,0.02577283232823719,0.02577283232823719,0.02577283232823719,Venture Capital / Growth,Global Growth Equity,Information Technology / Consumer,Global Growth Equity,Global / Multi-region,Non-classifiable,Illiquid,,mandate_proxy,proxy
2024-05-31,H_PF_HARBOR_PEAK_V,H_PF_HARBOR_PEAK_V,Harbor Peak Partners V,private_fund,long,24.8767,24.8767,24.8767,24.8767,private_fund,0.04033360706969414,0.04033360706969414,0.04033360706969414,Private Equity,Secondaries,Diversified / Secondaries,Secondaries,Global / Multi-region,Non-classifiable,Illiquid,,mandate_proxy,proxy
2024-05-31,H_PF_HARBOUR_CORE_RE,H_PF_HARBOUR_CORE_RE,Harbour Core Real Estate Fund,private_fund,long,17.1186,17.1186,17.1186,17.1186,private_fund,0.027755083511207923,0.027755083511207923,0.027755083511207923,Real Estate,Core Real Estate,Real Estate,Core Real Estate,Global / Multi-region,Non-classifiable,Illiquid,,mandate_proxy,proxy
2024-05-31,H_PF_HOME_MULTIFAMILY,H_PF_HOME_MULTIFAMILY,HomeStone Multifamily Fund,private_fund,long,10.2712,10.2712,10.2712,10.2712,private_fund,0.016653114960354164,0.016653114960354164,0.016653114960354164,Real Estate,US Multifamily,Residential Real Estate,US Multifamily,North America,Non-classifiable,Illiquid,,mandate_proxy,proxy
2024-05-31,H_PF_INDIA_DIGITAL,H_PF_INDIA_DIGITAL,Indigo India Digital Growth Fund,private_fund,long,9.5376,9.5376,9.5376,9.5376,private_fund,0.015463699396942312,0.015463699396942312,0.015463699396942312,Venture Capital / Growth,India Digital Growth,Information Technology,India Digital Growth,India,Non-classifiable,Illiquid,,mandate_proxy,proxy
2024-05-31,H_PF_INFRA_CORE,H_PF_INFRA_CORE,Evergreen Core Infrastructure Fund,private_fund,long,10.2262,10.2262,10.2262,10.2262,private_fund,0.016580154627265926,0.016580154627265926,0.016580154627265926,Infrastructure,Core Infrastructure,Infrastructure,Core Infrastructure,Global / Multi-region,Non-classifiable,Illiquid,,mandate_proxy,proxy
2024-05-31,H_PF_LIONROCK_CREDIT,H_PF_LIONROCK_CREDIT,LionRock Asia Private Credit Fund,private_fund,long,14.1419,14.1419,14.1419,14.1419,private_fund,0.022928838544457566,0.022928838544457566,0.022928838544457566,Private Credit,Asia Private Credit,Diversified Credit,Asia Private Credit,Southeast Asia,Non-classifiable,Illiquid,,mandate_proxy,proxy
2024-05-31,H_PF_METRO_LOGISTICS,H_PF_METRO_LOGISTICS,Metro Logistics Fund,private_fund,long,10.6992,10.6992,10.6992,10.6992,private_fund,0.017347048795060098,0.017347048795060098,0.017347048795060098,Real Estate,Logistics Real Estate,Industrial Real Estate,Logistics Real Estate,Southeast Asia,Non-classifiable,Illiquid,,mandate_proxy,proxy
2024-05-31,H_PF_NORTHSTAR_IV,H_PF_NORTHSTAR_IV,Northstar Buyout Fund IV,private_fund,long,29.0228,29.0228,29.0228,29.0228,private_fund,0.047055847892297574,0.047055847892297574,0.047055847892297574,Private Equity,Buyout,Industrials,Buyout,North America,Non-classifiable,Illiquid,,mandate_proxy,proxy
2024-05-31,H_PF_RENEWABLES_II,H_PF_RENEWABLES_II,SolarBridge Renewables Fund II,private_fund,long,8.5219,8.5219,8.5219,8.5219,private_fund,0.013816903612103958,0.013816903612103958,0.013816903612103958,Infrastructure,Renewables,Utilities / Infrastructure,Renewables,Global / Multi-region,Non-classifiable,Illiquid,,mandate_proxy,proxy
2024-05-31,H_PF_SEEDSPRING_I,H_PF_SEEDSPRING_I,SeedSpring Southeast Asia VC Fund I,private_fund,long,7.948,7.948,7.948,7.948,private_fund,0.012886416164118595,0.012886416164118595,0.012886416164118595,Venture Capital / Growth,Southeast Asia VC,Information Technology / Consumer,Southeast Asia VC,Southeast Asia,Non-classifiable,Illiquid,,mandate_proxy,proxy
2024-05-31,H_PF_SPRING_OPP_CREDIT,H_PF_SPRING_OPP_CREDIT,Spring Point Opportunistic Credit Fund,private_fund,long,14.5704,14.5704,14.5704,14.5704,private_fund,0.023623583049531147,0.023623583049531147,0.023623583049531147,Private Credit,Opportunistic Credit,Special Situations Credit,Opportunistic Credit,Global / Multi-region,Non-classifiable,Illiquid,,mandate_proxy,proxy
2024-05-31,H_QAI,H_QAI,Multi-Strategy Liquid Alternatives ETF Proxy,etf,long,5.9211,5.9211,5.9211,5.9211,etf,0.009600120627750706,0.009600120627750706,0.009600120627750706,Hedge Funds / Absolute Return,Multi-Strategy Absolute Return,Multi-Strategy,Absolute Return,Global / Multi-region,Non-classifiable,Liquid,QAI,benchmark_proxy,proxy
2024-05-31,H_QQQ,H_QQQ,Invesco QQQ Trust,etf,long,17.9977,17.9977,17.9977,17.9977,etf,0.029180404151605083,0.029180404151605083,0.029180404151605083,Global Public Equities,US Technology / Growth,Information Technology,Growth / Technology ETF,North America,Mega Cap,Liquid,QQQ,lookthrough,lookthrough
2024-05-31,H_SPY,H_SPY,SPDR S&P 500 ETF,etf,long,29.9962,29.9962,29.9962,29.9962,etf,0.04863406096403299,0.04863406096403299,0.04863406096403299,Global Public Equities,US Large Cap Core,Multi-Sector / Diversified,Broad Market ETF,North America,Multi Cap,Liquid,SPY,lookthrough,lookthrough
2024-05-31,H_SPY_PUT,H_SPY_PUT,S&P 500 Protective Put Overlay,listed_option,long,1.4998,-5.9992,8.9988,-5.9992,delta_adjusted_exposure,0.0024316868347942964,0.014590121008765777,-0.009726747339177185,Global Public Equities,Options Overlay,Multi-Sector / Diversified,Equity Index Option,North America,Multi Cap,Liquid,SPY,underlying_proxy,proxy
2024-05-31,H_TLT,H_TLT,iShares 20+ Year Treasury Bond ETF,etf,long,12.51,12.51,12.51,12.51,etf,0.0202829725985309,0.0202829725985309,0.0202829725985309,Fixed Income & Liquid Credit,Long Duration Treasuries,Fixed Income / Sovereign,Government Bonds,North America,Non-classifiable,Liquid,TLT,benchmark_proxy,proxy
2024-05-31,H_VNQ,H_VNQ,US Listed REIT ETF Proxy,etf,long,5.0752,5.0752,5.0752,5.0752,etf,0.00822862849976531,0.00822862849976531,0.00822862849976531,Hedge Funds / Absolute Return,Listed Real Estate,Real Estate,REITs,North America,Mid Cap,Liquid,VNQ,lookthrough,lookthrough
2024-06-30,H_2800HK,H_2800HK,Tracker Fund of Hong Kong ETF,etf,long,9.0109,9.0109,9.0109,9.0109,etf,0.01464410973111972,0.01464410973111972,0.01464410973111972,Global Public Equities,Hong Kong Broad Market,Multi-Sector / Diversified,Hong Kong Equity ETF,Greater China,Large Cap,Liquid,2800.HK,lookthrough,lookthrough
2024-06-30,H_ACWI,H_ACWI,iShares MSCI ACWI ETF,etf,long,15.3081,15.3081,15.3081,15.3081,etf,0.024878036175626603,0.024878036175626603,0.024878036175626603,Global Public Equities,Global Equity Core,Multi-Sector / Diversified,Broad Market ETF,Global / Multi-region,Multi Cap,Liquid,ACWI,lookthrough,lookthrough
2024-06-30,H_AGG,H_AGG,iShares Core US Aggregate Bond ETF,etf,long,21.3417,21.3417,21.3417,21.3417,etf,0.03468357174628924,0.03468357174628924,0.03468357174628924,Fixed Income & Liquid Credit,US Aggregate Bonds,Fixed Income / Credit,Aggregate Bonds,North America,Non-classifiable,Liquid,AGG,benchmark_proxy,proxy
2024-06-30,H_BABA,H_BABA,Alibaba ADR,equity,long,5.2563,5.2563,5.2563,5.2563,equity,0.008542302542441331,0.008542302542441331,0.008542302542441331,Global Public Equities,China Internet ADR,Consumer Discretionary,Broadline Retail,Greater China,Large Cap,Liquid,BABA,direct,direct
2024-06-30,H_BIL,H_BIL,SPDR 1-3 Month T-Bill ETF,etf,long,7.1139,7.1139,7.1139,7.1139,etf,0.011561190582096413,0.011561190582096413,0.011561190582096413,Fixed Income & Liquid Credit,Treasury Bills,Fixed Income / Sovereign,Treasury Bills,North America,Non-classifiable,Liquid,BIL,benchmark_proxy,proxy
2024-06-30,H_BRKB,H_BRKB,Berkshire Hathaway Class B,equity,long,8.9123,8.9123,8.9123,8.9123,equity,0.014483869442193152,0.014483869442193152,0.014483869442193152,Global Public Equities,US Quality Compounder,Financials,Multi-Sector Holdings,North America,Mega Cap,Liquid,BRK.B,direct,direct
2024-06-30,H_CASH_HKD,H_CASH_HKD,HKD Working Capital,cash,long,2.3062,2.3062,2.3062,2.3062,cash,0.003747932599619161,0.003747932599619161,0.003747932599619161,Cash & Liquidity,Cash Accounts,Cash,Cash,Global / Multi-region,Non-classifiable,Cash,,direct,direct
2024-06-30,H_CASH_JPY,H_CASH_JPY,JPY Treasury Buffer,cash,long,1.5375,1.5375,1.5375,1.5375,cash,0.0024986759049147778,0.0024986759049147778,0.0024986759049147778,Cash & Liquidity,Cash Accounts,Cash,Cash,Global / Multi-region,Non-classifiable,Cash,,direct,direct
2024-06-30,H_CASH_OPS_USD,H_CASH_OPS_USD,USD Operating Cash,cash,long,11.5309,11.5309,11.5309,11.5309,cash,0.018739500482589794,0.018739500482589794,0.018739500482589794,Cash & Liquidity,Cash Accounts,Cash,Cash,Global / Multi-region,Non-classifiable,Cash,,direct,direct
2024-06-30,H_CASH_RESERVE_USD,H_CASH_RESERVE_USD,USD Liquidity Reserve,cash,long,4.3241,4.3241,4.3241,4.3241,cash,0.007027332995409423,0.007027332995409423,0.007027332995409423,Cash & Liquidity,Cash Accounts,Cash,Cash,Global / Multi-region,Non-classifiable,Cash,,direct,direct
2024-06-30,H_CASH_SGD,H_CASH_SGD,SGD Near-Term Reserve,cash,long,1.9218,1.9218,1.9218,1.9218,cash,0.003123222994513964,0.003123222994513964,0.003123222994513964,Cash & Liquidity,Cash Accounts,Cash,Cash,Global / Multi-region,Non-classifiable,Cash,,direct,direct
2024-06-30,H_CNYA,H_CNYA,iShares MSCI China A ETF,etf,long,6.0072,6.0072,6.0072,6.0072,etf,0.009762631477075807,0.009762631477075807,0.009762631477075807,Global Public Equities,China A-Shares,Multi-Sector / Diversified,China A-Shares ETF,Greater China,All Cap,Liquid,CNYA,lookthrough,lookthrough
2024-06-30,H_DBC,H_DBC,Broad Commodities ETF Proxy,etf,long,6.7342,6.7342,6.7342,6.7342,etf,0.010944119205773721,0.010944119205773721,0.010944119205773721,Hedge Funds / Absolute Return,Commodities,Commodities,Broad Commodities,Global / Multi-region,Non-classifiable,Liquid,DBC,benchmark_proxy,proxy
2024-06-30,H_DBMF,H_DBMF,Managed Futures ETF Proxy,etf,long,8.4177,8.4177,8.4177,8.4177,etf,0.013680067749464144,0.013680067749464144,0.013680067749464144,Hedge Funds / Absolute Return,Managed Futures,Multi-Strategy,Managed Futures,Global / Multi-region,Non-classifiable,Liquid,DBMF,benchmark_proxy,proxy
2024-06-30,H_EEM,H_EEM,iShares MSCI Emerging Markets ETF,etf,long,5.3578,5.3578,5.3578,5.3578,etf,0.008707255781042209,0.008707255781042209,0.008707255781042209,Global Public Equities,Emerging Markets Core,Multi-Sector / Diversified,EM Equity ETF,Global / Multi-region,All Cap,Liquid,EEM,lookthrough,lookthrough
2024-06-30,H_EMB,H_EMB,iShares Emerging Markets Bond ETF,etf,long,7.1139,7.1139,7.1139,7.1139,etf,0.011561190582096413,0.011561190582096413,0.011561190582096413,Fixed Income & Liquid Credit,EM Sovereign / Credit,Fixed Income / Credit,EM Debt,Global / Multi-region,Non-classifiable,Liquid,EMB,benchmark_proxy,proxy
2024-06-30,H_ES_SHORT,H_ES_SHORT,S&P 500 Overlay Short Future,future,short,2.2281,-13.3686,13.3686,-13.3686,signed_notional,0.0036210079894247907,0.021726047936548747,-0.021726047936548747,Global Public Equities,Equity Index Overlay,Multi-Sector / Diversified,Equity Index Future,North America,Multi Cap,Liquid,SPY,underlying_proxy,proxy
2024-06-30,H_EWJ,H_EWJ,iShares MSCI Japan ETF,etf,long,5.3429,5.3429,5.3429,5.3429,etf,0.008683040970646611,0.008683040970646611,0.008683040970646611,Global Public Equities,Japan Equities,Multi-Sector / Diversified,Japan Equity ETF,Japan,Large Cap,Liquid,EWJ,lookthrough,lookthrough
2024-06-30,H_EWS,H_EWS,iShares MSCI Singapore ETF,etf,long,2.2002,2.2002,2.2002,2.2002,etf,0.003575666163247801,0.003575666163247801,0.003575666163247801,Global Public Equities,Southeast Asia Equities,Multi-Sector / Diversified,Southeast Asia Equity ETF,Southeast Asia,Large Cap,Liquid,EWS,lookthrough,lookthrough
2024-06-30,H_EWY,H_EWY,iShares MSCI South Korea ETF,etf,long,3.7583,3.7583,3.7583,3.7583,etf,0.006107820262400786,0.006107820262400786,0.006107820262400786,Global Public Equities,Korea Equities,Multi-Sector / Diversified,Korea Equity ETF,Korea,Large Cap,Liquid,EWY,lookthrough,lookthrough
2024-06-30,H_GLD,H_GLD,SPDR Gold Shares,etf,long,8.206,8.206,8.206,8.206,etf,0.013336022423239455,0.013336022423239455,0.013336022423239455,Hedge Funds / Absolute Return,Gold / Defensive,Commodities / Precious Metals,Gold,Global / Multi-region,Non-classifiable,Liquid,GLD,benchmark_proxy,proxy
2024-06-30,H_GMACRO,H_GMACRO,Global Macro Hedge Fund Sleeve,fund,long,15.1519,15.151899999999998,15.151899999999998,15.151899999999998,fund,0.024624186955237864,0.02462418695523786,0.02462418695523786,Hedge Funds / Absolute Return,Global Macro,Multi-Strategy,Global Macro,Global / Multi-region,Non-classifiable,Semi-Liquid,GMACRO,mandate_proxy,proxy
2024-06-30,H_GOOGL,H_GOOGL,Alphabet Class A,equity,long,6.6842,6.6842,6.6842,6.6842,equity,0.01086286145276836,0.01086286145276836,0.01086286145276836,Global Public Equities,US Mega-cap Technology,Communication Services,Interactive Media,North America,Mega Cap,Liquid,GOOGL,direct,direct
2024-06-30,H_HSI_FUT,H_HSI_FUT,Hang Seng Index Tactical Long Future,future,long,1.8773,6.75828,6.75828,6.75828,signed_notional,0.003050903594339195,0.0109832529396211,0.0109832529396211,Global Public Equities,Greater China Tactical Overlay,Multi-Sector / Diversified,Equity Index Future,Greater China,Large Cap,Liquid,2800.HK,underlying_proxy,proxy
2024-06-30,H_HSTECH,H_HSTECH,Hang Seng TECH ETF-style Exposure,etf,long,7.5091,7.5091,7.5091,7.5091,etf,0.012203451861850768,0.012203451861850768,0.012203451861850768,Global Public Equities,Hong Kong / China Technology,Information Technology,Technology ETF,Greater China,Large Cap,Liquid,3067.HK,lookthrough,lookthrough
2024-06-30,H_HYG,H_HYG,iShares High Yield Corporate Bond ETF,etf,long,8.0031,8.0031,8.0031,8.0031,etf,0.01300627846154371,0.01300627846154371,0.01300627846154371,Fixed Income & Liquid Credit,High Yield Credit,Fixed Income / Credit,High Yield Credit,North America,Non-classifiable,Liquid,HYG,benchmark_proxy,proxy
2024-06-30,H_IGIB,H_IGIB,iShares 5-10 Year Investment Grade Corporate Bond ETF,etf,long,10.6709,10.6709,10.6709,10.6709,etf,0.017341867130897626,0.017341867130897626,0.017341867130897626,Fixed Income & Liquid Credit,Investment Grade Credit,Fixed Income / Credit,Investment Grade Credit,North America,Non-classifiable,Liquid,IGIB,benchmark_proxy,proxy
2024-06-30,H_INDA,H_INDA,iShares MSCI India ETF,etf,long,4.9093,4.9093,4.9093,4.9093,etf,0.007978373736584141,0.007978373736584141,0.007978373736584141,Global Public Equities,India Equities,Multi-Sector / Diversified,India Equity ETF,India,All Cap,Liquid,INDA,lookthrough,lookthrough
2024-06-30,H_JD,H_JD,JD.com ADR,equity,long,3.7545,3.7545,3.7545,3.7545,equity,0.006101644673172379,0.006101644673172379,0.006101644673172379,Global Public Equities,China E-commerce ADR,Consumer Discretionary,Broadline Retail,Greater China,Large Cap,Liquid,JD,direct,direct
2024-06-30,H_LQD,H_LQD,iShares Investment Grade Corporate Bond ETF,etf,long,7.1139,7.1139,7.1139,7.1139,etf,0.011561190582096413,0.011561190582096413,0.011561190582096413,Fixed Income & Liquid Credit,Investment Grade Credit,Fixed Income / Credit,Investment Grade Credit,North America,Non-classifiable,Liquid,LQD,benchmark_proxy,proxy
2024-06-30,H_MKTNEUT,H_MKTNEUT,Equity Market Neutral Fund Sleeve,fund,long,13.4684,13.4684,13.4684,13.4684,fund,0.021888238411547443,0.021888238411547443,0.021888238411547443,Hedge Funds / Absolute Return,Equity Market Neutral,Multi-Strategy,Equity Market Neutral,Global / Multi-region,Non-classifiable,Semi-Liquid,MKTNEUT,mandate_proxy,proxy
2024-06-30,H_MSFT,H_MSFT,Microsoft,equity,long,7.4269,7.4269,7.4269,7.4269,equity,0.012069864115909958,0.012069864115909958,0.012069864115909958,Global Public Equities,US Mega-cap Technology,Information Technology,Software,North America,Mega Cap,Liquid,MSFT,direct,direct
2024-06-30,H_NQ_SHORT,H_NQ_SHORT,Nasdaq Overlay Short Future,future,short,1.4854,-8.9124,8.9124,-8.9124,signed_notional,0.002414005326283194,0.014484031957699163,-0.014484031957699163,Global Public Equities,Technology Overlay,Information Technology,Equity Index Future,North America,Mega Cap,Liquid,QQQ,underlying_proxy,proxy
2024-06-30,H_NVDA,H_NVDA,NVIDIA,equity,long,5.9415,5.9415,5.9415,5.9415,equity,0.009655858789626763,0.009655858789626763,0.009655858789626763,Global Public Equities,US Semiconductor Growth,Information Technology,Semiconductors,North America,Mega Cap,Liquid,NVDA,direct,direct
2024-06-30,H_PDD,H_PDD,PDD Holdings ADR,equity,long,4.5054,4.5054,4.5054,4.5054,equity,0.007321973607806854,0.007321973607806854,0.007321973607806854,Global Public Equities,China Internet ADR,Consumer Discretionary,Broadline Retail,Greater China,Large Cap,Liquid,PDD,direct,direct
2024-06-30,H_PF_APAC_LOGISTICS,H_PF_APAC_LOGISTICS,APAC Logistics Real Estate Fund,private_fund,long,6.8706,6.8706,6.8706,6.8706,private_fund,0.011165790355972339,0.011165790355972339,0.011165790355972339,Real Estate,APAC Logistics,Industrial Real Estate,APAC Logistics,Japan,Non-classifiable,Illiquid,,mandate_proxy,proxy
2024-06-30,H_PF_APEX_SECONDARIES_II,H_PF_APEX_SECONDARIES_II,Apex Secondaries Fund II,private_fund,long,16.5911,16.5911,16.5911,16.5911,private_fund,0.026963110117744108,0.026963110117744108,0.026963110117744108,Private Equity,Secondaries,Diversified / Secondaries,Secondaries,Global / Multi-region,Non-classifiable,Illiquid,,mandate_proxy,proxy
2024-06-30,H_PF_ATLAS_COINV_I,H_PF_ATLAS_COINV_I,Atlas Co-Investment Fund I,private_fund,long,18.2502,18.2502,18.2502,18.2502,private_fund,0.029659404877967917,0.029659404877967917,0.029659404877967917,Private Equity,Co-investment,Business Services,Co-investment,North America,Non-classifiable,Illiquid,,mandate_proxy,proxy
2024-06-30,H_PF_BLUE_HORIZON_III,H_PF_BLUE_HORIZON_III,Blue Horizon Ventures III,private_fund,long,14.3189,14.3189,14.3189,14.3189,private_fund,0.023270432790168587,0.023270432790168587,0.023270432790168587,Venture Capital / Growth,US Technology VC,Information Technology,US Technology VC,North America,Non-classifiable,Illiquid,,mandate_proxy,proxy
2024-06-30,H_PF_CLIMATE_ALPHA,H_PF_CLIMATE_ALPHA,Climate Alpha Fund,private_fund,long,11.9324,11.9324,11.9324,11.9324,private_fund,0.01939200023922282,0.01939200023922282,0.01939200023922282,Venture Capital / Growth,Climate Technology,Climate / Industrials,Climate Technology,Global / Multi-region,Non-classifiable,Illiquid,,mandate_proxy,proxy
2024-06-30,H_PF_COVE_SPECIALTY_FIN,H_PF_COVE_SPECIALTY_FIN,Cove Specialty Finance Fund,private_fund,long,12.0411,12.0411,12.0411,12.0411,private_fund,0.01956865459425647,0.01956865459425647,0.01956865459425647,Private Credit,Specialty Finance,Financials,Specialty Finance,North America,Non-classifiable,Illiquid,,mandate_proxy,proxy
2024-06-30,H_PF_CRESCENT_DIRECT_LEND,H_PF_CRESCENT_DIRECT_LEND,Crescent Direct Lending Fund,private_fund,long,17.2016,17.2016,17.2016,17.2016,private_fund,0.027955267281939533,0.027955267281939533,0.027955267281939533,Private Credit,Senior Direct Lending,Diversified Credit,Senior Direct Lending,North America,Non-classifiable,Illiquid,,mandate_proxy,proxy
2024-06-30,H_PF_DIGITAL_INFRA,H_PF_DIGITAL_INFRA,Horizon Digital Infrastructure Fund,private_fund,long,6.8503,6.8503,6.8503,6.8503,private_fund,0.011132799708252162,0.011132799708252162,0.011132799708252162,Infrastructure,Digital Infrastructure,Diversified,Digital Infrastructure,Global / Multi-region,Non-classifiable,Illiquid,,mandate_proxy,proxy
2024-06-30,H_PF_DRAGONBRIDGE,H_PF_DRAGONBRIDGE,DragonBridge Greater China Fund,private_fund,long,23.2276,23.2276,23.2276,23.2276,private_fund,0.03774845167414535,0.03774845167414535,0.03774845167414535,Private Equity,Asia Buyout / Greater China,Consumer / Industrials,Asia Buyout / Greater China,Greater China,Non-classifiable,Illiquid,,mandate_proxy,proxy
2024-06-30,H_PF_GLOBAL_GROWTH_II,H_PF_GLOBAL_GROWTH_II,Redwood Growth Fund II,private_fund,long,15.9099,15.9099,15.9099,15.9099,private_fund,0.025856054490799103,0.025856054490799103,0.025856054490799103,Venture Capital / Growth,Global Growth Equity,Information Technology / Consumer,Global Growth Equity,Global / Multi-region,Non-classifiable,Illiquid,,mandate_proxy,proxy
2024-06-30,H_PF_HARBOR_PEAK_V,H_PF_HARBOR_PEAK_V,Harbor Peak Partners V,private_fund,long,24.8867,24.8867,24.8867,24.8867,private_fund,0.04044474643436917,0.04044474643436917,0.04044474643436917,Private Equity,Secondaries,Diversified / Secondaries,Secondaries,Global / Multi-region,Non-classifiable,Illiquid,,mandate_proxy,proxy
2024-06-30,H_PF_HARBOUR_CORE_RE,H_PF_HARBOUR_CORE_RE,Harbour Core Real Estate Fund,private_fund,long,17.1765,17.1765,17.1765,17.1765,private_fund,0.02791447588993085,0.02791447588993085,0.02791447588993085,Real Estate,Core Real Estate,Real Estate,Core Real Estate,Global / Multi-region,Non-classifiable,Illiquid,,mandate_proxy,proxy
2024-06-30,H_PF_HOME_MULTIFAMILY,H_PF_HOME_MULTIFAMILY,HomeStone Multifamily Fund,private_fund,long,10.3059,10.3059,10.3059,10.3059,private_fund,0.016748685533958505,0.016748685533958505,0.016748685533958505,Real Estate,US Multifamily,Residential Real Estate,US Multifamily,North America,Non-classifiable,Illiquid,,mandate_proxy,proxy
2024-06-30,H_PF_INDIA_DIGITAL,H_PF_INDIA_DIGITAL,Indigo India Digital Growth Fund,private_fund,long,9.5459,9.5459,9.5459,9.5459,private_fund,0.015513567688277056,0.015513567688277056,0.015513567688277056,Venture Capital / Growth,India Digital Growth,Information Technology,India Digital Growth,India,Non-classifiable,Illiquid,,mandate_proxy,proxy
2024-06-30,H_PF_INFRA_CORE,H_PF_INFRA_CORE,Evergreen Core Infrastructure Fund,private_fund,long,10.2755,10.2755,10.2755,10.2755,private_fund,0.016699280820131248,0.016699280820131248,0.016699280820131248,Infrastructure,Core Infrastructure,Infrastructure,Core Infrastructure,Global / Multi-region,Non-classifiable,Illiquid,,mandate_proxy,proxy
2024-06-30,H_PF_LIONROCK_CREDIT,H_PF_LIONROCK_CREDIT,LionRock Asia Private Credit Fund,private_fund,long,14.1913,14.1913,14.1913,14.1913,private_fund,0.023063063004498913,0.023063063004498913,0.023063063004498913,Private Credit,Asia Private Credit,Diversified Credit,Asia Private Credit,Southeast Asia,Non-classifiable,Illiquid,,mandate_proxy,proxy
2024-06-30,H_PF_METRO_LOGISTICS,H_PF_METRO_LOGISTICS,Metro Logistics Fund,private_fund,long,10.7353,10.7353,10.7353,10.7353,private_fund,0.01744652711676853,0.01744652711676853,0.01744652711676853,Real Estate,Logistics Real Estate,Industrial Real Estate,Logistics Real Estate,Southeast Asia,Non-classifiable,Illiquid,,mandate_proxy,proxy
2024-06-30,H_PF_NORTHSTAR_IV,H_PF_NORTHSTAR_IV,Northstar Buyout Fund IV,private_fund,long,29.0345,29.0345,29.0345,29.0345,private_fund,0.047185564592681695,0.047185564592681695,0.047185564592681695,Private Equity,Buyout,Industrials,Buyout,North America,Non-classifiable,Illiquid,,mandate_proxy,proxy
2024-06-30,H_PF_RENEWABLES_II,H_PF_RENEWABLES_II,SolarBridge Renewables Fund II,private_fund,long,8.5629,8.5629,8.5629,8.5629,private_fund,0.013916040264191708,0.013916040264191708,0.013916040264191708,Infrastructure,Renewables,Utilities / Infrastructure,Renewables,Global / Multi-region,Non-classifiable,Illiquid,,mandate_proxy,proxy
2024-06-30,H_PF_SEEDSPRING_I,H_PF_SEEDSPRING_I,SeedSpring Southeast Asia VC Fund I,private_fund,long,7.9549,7.9549,7.9549,7.9549,private_fund,0.012927945987646546,0.012927945987646546,0.012927945987646546,Venture Capital / Growth,Southeast Asia VC,Information Technology / Consumer,Southeast Asia VC,Southeast Asia,Non-classifiable,Illiquid,,mandate_proxy,proxy
2024-06-30,H_PF_SPRING_OPP_CREDIT,H_PF_SPRING_OPP_CREDIT,Spring Point Opportunistic Credit Fund,private_fund,long,14.6213,14.621300000000002,14.621300000000002,14.621300000000002,private_fund,0.023761879680345,0.023761879680345002,0.023761879680345002,Private Credit,Opportunistic Credit,Special Situations Credit,Opportunistic Credit,Global / Multi-region,Non-classifiable,Illiquid,,mandate_proxy,proxy
2024-06-30,H_QAI,H_QAI,Multi-Strategy Liquid Alternatives ETF Proxy,etf,long,5.8924,5.8924,5.8924,5.8924,etf,0.009576063676175504,0.009576063676175504,0.009576063676175504,Hedge Funds / Absolute Return,Multi-Strategy Absolute Return,Multi-Strategy,Absolute Return,Global / Multi-region,Non-classifiable,Liquid,QAI,benchmark_proxy,proxy
2024-06-30,H_QQQ,H_QQQ,Invesco QQQ Trust,etf,long,17.8245,17.8245,17.8245,17.8245,etf,0.028967576368880293,0.028967576368880293,0.028967576368880293,Global Public Equities,US Technology / Growth,Information Technology,Growth / Technology ETF,North America,Mega Cap,Liquid,QQQ,lookthrough,lookthrough
2024-06-30,H_SPY,H_SPY,SPDR S&P 500 ETF,etf,long,29.7075,29.707499999999996,29.707499999999996,29.707499999999996,etf,0.04827929394813382,0.048279293948133815,0.048279293948133815,Global Public Equities,US Large Cap Core,Multi-Sector / Diversified,Broad Market ETF,North America,Multi Cap,Liquid,SPY,lookthrough,lookthrough
2024-06-30,H_SPY_PUT,H_SPY_PUT,S&P 500 Protective Put Overlay,listed_option,long,1.4854,-5.9416,8.9124,-5.9416,delta_adjusted_exposure,0.002414005326283194,0.014484031957699163,-0.009656021305132776,Global Public Equities,Options Overlay,Multi-Sector / Diversified,Equity Index Option,North America,Multi Cap,Liquid,SPY,underlying_proxy,proxy
2024-06-30,H_TLT,H_TLT,iShares 20+ Year Treasury Bond ETF,etf,long,12.4493,12.4493,12.4493,12.4493,etf,0.020232042889792218,0.020232042889792218,0.020232042889792218,Fixed Income & Liquid Credit,Long Duration Treasuries,Fixed Income / Sovereign,Government Bonds,North America,Non-classifiable,Liquid,TLT,benchmark_proxy,proxy
2024-06-30,H_VNQ,H_VNQ,US Listed REIT ETF Proxy,etf,long,5.0506,5.0506,5.0506,5.0506,etf,0.008208008146577284,0.008208008146577284,0.008208008146577284,Hedge Funds / Absolute Return,Listed Real Estate,Real Estate,REITs,North America,Mid Cap,Liquid,VNQ,lookthrough,lookthrough
2024-07-31,H_2800HK,H_2800HK,Tracker Fund of Hong Kong ETF,etf,long,9.0409,9.0409,9.0409,9.0409,etf,0.014655452039214993,0.014655452039214993,0.014655452039214993,Global Public Equities,Hong Kong Broad Market,Multi-Sector / Diversified,Hong Kong Equity ETF,Greater China,Large Cap,Liquid,2800.HK,lookthrough,lookthrough
2024-07-31,H_ACWI,H_ACWI,iShares MSCI ACWI ETF,etf,long,15.3535,15.3535,15.3535,15.3535,etf,0.02488828356514146,0.02488828356514146,0.02488828356514146,Global Public Equities,Global Equity Core,Multi-Sector / Diversified,Broad Market ETF,Global / Multi-region,Multi Cap,Liquid,ACWI,lookthrough,lookthrough
2024-07-31,H_AGG,H_AGG,iShares Core US Aggregate Bond ETF,etf,long,21.3289,21.3289,21.3289,21.3289,etf,0.03457450817940832,0.03457450817940832,0.03457450817940832,Fixed Income & Liquid Credit,US Aggregate Bonds,Fixed Income / Credit,Aggregate Bonds,North America,Non-classifiable,Liquid,AGG,benchmark_proxy,proxy
2024-07-31,H_BABA,H_BABA,Alibaba ADR,equity,long,5.2739,5.2739,5.2739,5.2739,equity,0.008549081231914517,0.008549081231914517,0.008549081231914517,Global Public Equities,China Internet ADR,Consumer Discretionary,Broadline Retail,Greater China,Large Cap,Liquid,BABA,direct,direct
2024-07-31,H_BIL,H_BIL,SPDR 1-3 Month T-Bill ETF,etf,long,7.1096,7.1096,7.1096,7.1096,etf,0.011524782025904824,0.011524782025904824,0.011524782025904824,Fixed Income & Liquid Credit,Treasury Bills,Fixed Income / Sovereign,Treasury Bills,North America,Non-classifiable,Liquid,BIL,benchmark_proxy,proxy
2024-07-31,H_BRKB,H_BRKB,Berkshire Hathaway Class B,equity,long,8.899,8.899,8.899,8.899,equity,0.014425429735642935,0.014425429735642935,0.014425429735642935,Global Public Equities,US Quality Compounder,Financials,Multi-Sector Holdings,North America,Mega Cap,Liquid,BRK.B,direct,direct
2024-07-31,H_CASH_HKD,H_CASH_HKD,HKD Working Capital,cash,long,2.3074,2.3074,2.3074,2.3074,cash,0.003740334483877122,0.003740334483877122,0.003740334483877122,Cash & Liquidity,Cash Accounts,Cash,Cash,Global / Multi-region,Non-classifiable,Cash,,direct,direct
2024-07-31,H_CASH_JPY,H_CASH_JPY,JPY Treasury Buffer,cash,long,1.5382,1.5382,1.5382,1.5382,cash,0.0024934482547888485,0.0024934482547888485,0.0024934482547888485,Cash & Liquidity,Cash Accounts,Cash,Cash,Global / Multi-region,Non-classifiable,Cash,,direct,direct
2024-07-31,H_CASH_OPS_USD,H_CASH_OPS_USD,USD Operating Cash,cash,long,11.5368,11.5368,11.5368,11.5368,cash,0.018701348215997914,0.018701348215997914,0.018701348215997914,Cash & Liquidity,Cash Accounts,Cash,Cash,Global / Multi-region,Non-classifiable,Cash,,direct,direct
2024-07-31,H_CASH_RESERVE_USD,H_CASH_RESERVE_USD,USD Liquidity Reserve,cash,long,4.3263,4.3263,4.3263,4.3263,cash,0.007013005580999217,0.007013005580999217,0.007013005580999217,Cash & Liquidity,Cash Accounts,Cash,Cash,Global / Multi-region,Non-classifiable,Cash,,direct,direct
2024-07-31,H_CASH_SGD,H_CASH_SGD,SGD Near-Term Reserve,cash,long,1.9228,1.9228,1.9228,1.9228,cash,0.0031168913693329857,0.0031168913693329857,0.0031168913693329857,Cash & Liquidity,Cash Accounts,Cash,Cash,Global / Multi-region,Non-classifiable,Cash,,direct,direct
2024-07-31,H_CNYA,H_CNYA,iShares MSCI China A ETF,etf,long,6.0273,6.0273,6.0273,6.0273,etf,0.009770355393374612,0.009770355393374612,0.009770355393374612,Global Public Equities,China A-Shares,Multi-Sector / Diversified,China A-Shares ETF,Greater China,All Cap,Liquid,CNYA,lookthrough,lookthrough
2024-07-31,H_DBC,H_DBC,Broad Commodities ETF Proxy,etf,long,6.7426,6.7426,6.7426,6.7426,etf,0.010929868809478152,0.010929868809478152,0.010929868809478152,Hedge Funds / Absolute Return,Commodities,Commodities,Broad Commodities,Global / Multi-region,Non-classifiable,Liquid,DBC,benchmark_proxy,proxy
2024-07-31,H_DBMF,H_DBMF,Managed Futures ETF Proxy,etf,long,8.4283,8.4283,8.4283,8.4283,etf,0.013662417062694613,0.013662417062694613,0.013662417062694613,Hedge Funds / Absolute Return,Managed Futures,Multi-Strategy,Managed Futures,Global / Multi-region,Non-classifiable,Liquid,DBMF,benchmark_proxy,proxy
2024-07-31,H_EEM,H_EEM,iShares MSCI Emerging Markets ETF,etf,long,5.3737,5.3737,5.3737,5.3737,etf,0.008710858722376048,0.008710858722376048,0.008710858722376048,Global Public Equities,Emerging Markets Core,Multi-Sector / Diversified,EM Equity ETF,Global / Multi-region,All Cap,Liquid,EEM,lookthrough,lookthrough
2024-07-31,H_EMB,H_EMB,iShares Emerging Markets Bond ETF,etf,long,7.1096,7.1096,7.1096,7.1096,etf,0.011524782025904824,0.011524782025904824,0.011524782025904824,Fixed Income & Liquid Credit,EM Sovereign / Credit,Fixed Income / Credit,EM Debt,Global / Multi-region,Non-classifiable,Liquid,EMB,benchmark_proxy,proxy
2024-07-31,H_ES_SHORT,H_ES_SHORT,S&P 500 Overlay Short Future,future,short,2.2248,-13.3488,13.3488,-13.3488,signed_notional,0.003606438484757659,0.021638630908545953,-0.021638630908545953,Global Public Equities,Equity Index Overlay,Multi-Sector / Diversified,Equity Index Future,North America,Multi Cap,Liquid,SPY,underlying_proxy,proxy
2024-07-31,H_EWJ,H_EWJ,iShares MSCI Japan ETF,etf,long,5.3732,5.3732,5.3732,5.3732,etf,0.008710048213906802,0.008710048213906802,0.008710048213906802,Global Public Equities,Japan Equities,Multi-Sector / Diversified,Japan Equity ETF,Japan,Large Cap,Liquid,EWJ,lookthrough,lookthrough
2024-07-31,H_EWS,H_EWS,iShares MSCI Singapore ETF,etf,long,2.2272,2.2272,2.2272,2.2272,etf,0.00361032892541004,0.00361032892541004,0.00361032892541004,Global Public Equities,Southeast Asia Equities,Multi-Sector / Diversified,Southeast Asia Equity ETF,Southeast Asia,Large Cap,Liquid,EWS,lookthrough,lookthrough
2024-07-31,H_EWY,H_EWY,iShares MSCI South Korea ETF,etf,long,3.7869,3.7869,3.7869,3.7869,etf,0.0061386290443764735,0.0061386290443764735,0.0061386290443764735,Global Public Equities,Korea Equities,Multi-Sector / Diversified,Korea Equity ETF,Korea,Large Cap,Liquid,EWY,lookthrough,lookthrough
2024-07-31,H_GLD,H_GLD,SPDR Gold Shares,etf,long,8.1813,8.1813,8.1813,8.1813,etf,0.013262025878887017,0.013262025878887017,0.013262025878887017,Hedge Funds / Absolute Return,Gold / Defensive,Commodities / Precious Metals,Gold,Global / Multi-region,Non-classifiable,Liquid,GLD,benchmark_proxy,proxy
2024-07-31,H_GMACRO,H_GMACRO,Global Macro Hedge Fund Sleeve,fund,long,15.171,15.171,15.171,15.171,fund,0.024592447973866612,0.024592447973866612,0.024592447973866612,Hedge Funds / Absolute Return,Global Macro,Multi-Strategy,Global Macro,Global / Multi-region,Non-classifiable,Semi-Liquid,GMACRO,mandate_proxy,proxy
2024-07-31,H_GOOGL,H_GOOGL,Alphabet Class A,equity,long,6.6743,6.6743,6.6743,6.6743,equity,0.010819153352579127,0.010819153352579127,0.010819153352579127,Global Public Equities,US Mega-cap Technology,Communication Services,Interactive Media,North America,Mega Cap,Liquid,GOOGL,direct,direct
2024-07-31,H_HSI_FUT,H_HSI_FUT,Hang Seng Index Tactical Long Future,future,long,1.8835,6.7806,6.7806,6.7806,signed_notional,0.003053185403650238,0.010991467453140858,0.010991467453140858,Global Public Equities,Greater China Tactical Overlay,Multi-Sector / Diversified,Equity Index Future,Greater China,Large Cap,Liquid,2800.HK,underlying_proxy,proxy
2024-07-31,H_HSTECH,H_HSTECH,Hang Seng TECH ETF-style Exposure,etf,long,7.5341,7.534099999999999,7.534099999999999,7.534099999999999,etf,0.012212903716294802,0.0122129037162948,0.0122129037162948,Global Public Equities,Hong Kong / China Technology,Information Technology,Technology ETF,Greater China,Large Cap,Liquid,3067.HK,lookthrough,lookthrough
2024-07-31,H_HYG,H_HYG,iShares High Yield Corporate Bond ETF,etf,long,7.9983,7.9983,7.9983,7.9983,etf,0.012965379779142926,0.012965379779142926,0.012965379779142926,Fixed Income & Liquid Credit,High Yield Credit,Fixed Income / Credit,High Yield Credit,North America,Non-classifiable,Liquid,HYG,benchmark_proxy,proxy
2024-07-31,H_IGIB,H_IGIB,iShares 5-10 Year Investment Grade Corporate Bond ETF,etf,long,10.6645,10.6645,10.6645,10.6645,etf,0.017287335140551086,0.017287335140551086,0.017287335140551086,Fixed Income & Liquid Credit,Investment Grade Credit,Fixed Income / Credit,Investment Grade Credit,North America,Non-classifiable,Liquid,IGIB,benchmark_proxy,proxy
2024-07-31,H_INDA,H_INDA,iShares MSCI India ETF,etf,long,4.9147,4.9147,4.9147,4.9147,etf,0.007966811947608083,0.007966811947608083,0.007966811947608083,Global Public Equities,India Equities,Multi-Sector / Diversified,India Equity ETF,India,All Cap,Liquid,INDA,lookthrough,lookthrough
2024-07-31,H_JD,H_JD,JD.com ADR,equity,long,3.767,3.767,3.767,3.767,equity,0.006106370807300476,0.006106370807300476,0.006106370807300476,Global Public Equities,China E-commerce ADR,Consumer Discretionary,Broadline Retail,Greater China,Large Cap,Liquid,JD,direct,direct
2024-07-31,H_LQD,H_LQD,iShares Investment Grade Corporate Bond ETF,etf,long,7.1096,7.1096,7.1096,7.1096,etf,0.011524782025904824,0.011524782025904824,0.011524782025904824,Fixed Income & Liquid Credit,Investment Grade Credit,Fixed Income / Credit,Investment Grade Credit,North America,Non-classifiable,Liquid,LQD,benchmark_proxy,proxy
2024-07-31,H_MKTNEUT,H_MKTNEUT,Equity Market Neutral Fund Sleeve,fund,long,13.4853,13.4853,13.4853,13.4853,fund,0.021859899720650153,0.021859899720650153,0.021859899720650153,Hedge Funds / Absolute Return,Equity Market Neutral,Multi-Strategy,Equity Market Neutral,Global / Multi-region,Non-classifiable,Semi-Liquid,MKTNEUT,mandate_proxy,proxy
2024-07-31,H_MSFT,H_MSFT,Microsoft,equity,long,7.4159,7.4159,7.4159,7.4159,equity,0.012021299514165014,0.012021299514165014,0.012021299514165014,Global Public Equities,US Mega-cap Technology,Information Technology,Software,North America,Mega Cap,Liquid,MSFT,direct,direct
2024-07-31,H_NQ_SHORT,H_NQ_SHORT,Nasdaq Overlay Short Future,future,short,1.4832,-8.8992,8.8992,-8.8992,signed_notional,0.0024042923231717725,0.014425753939030636,-0.014425753939030636,Global Public Equities,Technology Overlay,Information Technology,Equity Index Future,North America,Mega Cap,Liquid,QQQ,underlying_proxy,proxy
2024-07-31,H_NVDA,H_NVDA,NVIDIA,equity,long,5.9327,5.9327,5.9327,5.9327,equity,0.00961700719099324,0.00961700719099324,0.00961700719099324,Global Public Equities,US Semiconductor Growth,Information Technology,Semiconductors,North America,Mega Cap,Liquid,NVDA,direct,direct
2024-07-31,H_PDD,H_PDD,PDD Holdings ADR,equity,long,4.5205,4.5205,4.5205,4.5205,equity,0.007327807070454421,0.007327807070454421,0.007327807070454421,Global Public Equities,China Internet ADR,Consumer Discretionary,Broadline Retail,Greater China,Large Cap,Liquid,PDD,direct,direct
2024-07-31,H_PF_APAC_LOGISTICS,H_PF_APAC_LOGISTICS,APAC Logistics Real Estate Fund,private_fund,long,6.9111,6.9111,6.9111,6.9111,private_fund,0.011203010163614103,0.011203010163614103,0.011203010163614103,Real Estate,APAC Logistics,Industrial Real Estate,APAC Logistics,Japan,Non-classifiable,Illiquid,,mandate_proxy,proxy
2024-07-31,H_PF_APEX_SECONDARIES_II,H_PF_APEX_SECONDARIES_II,Apex Secondaries Fund II,private_fund,long,16.6421,16.6421,16.6421,16.6421,private_fund,0.02697712599208263,0.02697712599208263,0.02697712599208263,Private Equity,Secondaries,Diversified / Secondaries,Secondaries,Global / Multi-region,Non-classifiable,Illiquid,,mandate_proxy,proxy
2024-07-31,H_PF_ATLAS_COINV_I,H_PF_ATLAS_COINV_I,Atlas Co-Investment Fund I,private_fund,long,18.3063,18.3063,18.3063,18.3063,private_fund,0.029674822381121506,0.029674822381121506,0.029674822381121506,Private Equity,Co-investment,Business Services,Co-investment,North America,Non-classifiable,Illiquid,,mandate_proxy,proxy
2024-07-31,H_PF_BLUE_HORIZON_III,H_PF_BLUE_HORIZON_III,Blue Horizon Ventures III,private_fund,long,14.3929,14.392899999999997,14.392899999999997,14.392899999999997,private_fund,0.023331134694025757,0.023331134694025753,0.023331134694025753,Venture Capital / Growth,US Technology VC,Information Technology,US Technology VC,North America,Non-classifiable,Illiquid,,mandate_proxy,proxy
2024-07-31,H_PF_CLIMATE_ALPHA,H_PF_CLIMATE_ALPHA,Climate Alpha Fund,private_fund,long,11.994,11.994,11.994,11.994,private_fund,0.01944247716027659,0.01944247716027659,0.01944247716027659,Venture Capital / Growth,Climate Technology,Climate / Industrials,Climate Technology,Global / Multi-region,Non-classifiable,Illiquid,,mandate_proxy,proxy
2024-07-31,H_PF_COVE_SPECIALTY_FIN,H_PF_COVE_SPECIALTY_FIN,Cove Specialty Finance Fund,private_fund,long,12.1047,12.1047,12.1047,12.1047,private_fund,0.019621923735367686,0.019621923735367686,0.019621923735367686,Private Credit,Specialty Finance,Financials,Specialty Finance,North America,Non-classifiable,Illiquid,,mandate_proxy,proxy
2024-07-31,H_PF_CRESCENT_DIRECT_LEND,H_PF_CRESCENT_DIRECT_LEND,Crescent Direct Lending Fund,private_fund,long,17.2924,17.2924,17.2924,17.2924,private_fund,0.02803127330718417,0.02803127330718417,0.02803127330718417,Private Credit,Senior Direct Lending,Diversified Credit,Senior Direct Lending,North America,Non-classifiable,Illiquid,,mandate_proxy,proxy
2024-07-31,H_PF_DIGITAL_INFRA,H_PF_DIGITAL_INFRA,Horizon Digital Infrastructure Fund,private_fund,long,6.8975,6.8975,6.8975,6.8975,private_fund,0.011180964333250607,0.011180964333250607,0.011180964333250607,Infrastructure,Digital Infrastructure,Diversified,Digital Infrastructure,Global / Multi-region,Non-classifiable,Illiquid,,mandate_proxy,proxy
2024-07-31,H_PF_DRAGONBRIDGE,H_PF_DRAGONBRIDGE,DragonBridge Greater China Fund,private_fund,long,23.299,23.299,23.299,23.299,private_fund,0.03776807364993199,0.03776807364993199,0.03776807364993199,Private Equity,Asia Buyout / Greater China,Consumer / Industrials,Asia Buyout / Greater China,Greater China,Non-classifiable,Illiquid,,mandate_proxy,proxy
2024-07-31,H_PF_GLOBAL_GROWTH_II,H_PF_GLOBAL_GROWTH_II,Redwood Growth Fund II,private_fund,long,15.9921,15.9921,15.9921,15.9921,private_fund,0.025923464982062636,0.025923464982062636,0.025923464982062636,Venture Capital / Growth,Global Growth Equity,Information Technology / Consumer,Global Growth Equity,Global / Multi-region,Non-classifiable,Illiquid,,mandate_proxy,proxy
2024-07-31,H_PF_HARBOR_PEAK_V,H_PF_HARBOR_PEAK_V,Harbor Peak Partners V,private_fund,long,24.9632,24.9632,24.9632,24.9632,private_fund,0.040465770038970866,0.040465770038970866,0.040465770038970866,Private Equity,Secondaries,Diversified / Secondaries,Secondaries,Global / Multi-region,Non-classifiable,Illiquid,,mandate_proxy,proxy
2024-07-31,H_PF_HARBOUR_CORE_RE,H_PF_HARBOUR_CORE_RE,Harbour Core Real Estate Fund,private_fund,long,17.2778,17.2778,17.2778,17.2778,private_fund,0.02800760645988218,0.02800760645988218,0.02800760645988218,Real Estate,Core Real Estate,Real Estate,Core Real Estate,Global / Multi-region,Non-classifiable,Illiquid,,mandate_proxy,proxy
2024-07-31,H_PF_HOME_MULTIFAMILY,H_PF_HOME_MULTIFAMILY,HomeStone Multifamily Fund,private_fund,long,10.3667,10.3667,10.3667,10.3667,private_fund,0.016804596296268078,0.016804596296268078,0.016804596296268078,Real Estate,US Multifamily,Residential Real Estate,US Multifamily,North America,Non-classifiable,Illiquid,,mandate_proxy,proxy
2024-07-31,H_PF_INDIA_DIGITAL,H_PF_INDIA_DIGITAL,Indigo India Digital Growth Fund,private_fund,long,9.5952,9.5952,9.5952,9.5952,private_fund,0.015553981728221273,0.015553981728221273,0.015553981728221273,Venture Capital / Growth,India Digital Growth,Information Technology,India Digital Growth,India,Non-classifiable,Illiquid,,mandate_proxy,proxy
2024-07-31,H_PF_INFRA_CORE,H_PF_INFRA_CORE,Evergreen Core Infrastructure Fund,private_fund,long,10.3463,10.3463,10.3463,10.3463,private_fund,0.016771527550722833,0.016771527550722833,0.016771527550722833,Infrastructure,Core Infrastructure,Infrastructure,Core Infrastructure,Global / Multi-region,Non-classifiable,Illiquid,,mandate_proxy,proxy
2024-07-31,H_PF_LIONROCK_CREDIT,H_PF_LIONROCK_CREDIT,LionRock Asia Private Credit Fund,private_fund,long,14.2663,14.2663,14.2663,14.2663,private_fund,0.023125913949612633,0.023125913949612633,0.023125913949612633,Private Credit,Asia Private Credit,Diversified Credit,Asia Private Credit,Southeast Asia,Non-classifiable,Illiquid,,mandate_proxy,proxy
2024-07-31,H_PF_METRO_LOGISTICS,H_PF_METRO_LOGISTICS,Metro Logistics Fund,private_fund,long,10.7986,10.7986,10.7986,10.7986,private_fund,0.0175047135120029,0.0175047135120029,0.0175047135120029,Real Estate,Logistics Real Estate,Industrial Real Estate,Logistics Real Estate,Southeast Asia,Non-classifiable,Illiquid,,mandate_proxy,proxy
2024-07-31,H_PF_NORTHSTAR_IV,H_PF_NORTHSTAR_IV,Northstar Buyout Fund IV,private_fund,long,29.1237,29.1237,29.1237,29.1237,private_fund,0.04721001101156806,0.04721001101156806,0.04721001101156806,Private Equity,Buyout,Industrials,Buyout,North America,Non-classifiable,Illiquid,,mandate_proxy,proxy
2024-07-31,H_PF_RENEWABLES_II,H_PF_RENEWABLES_II,SolarBridge Renewables Fund II,private_fund,long,8.6219,8.6219,8.6219,8.6219,private_fund,0.013976245941986721,0.013976245941986721,0.013976245941986721,Infrastructure,Renewables,Utilities / Infrastructure,Renewables,Global / Multi-region,Non-classifiable,Illiquid,,mandate_proxy,proxy
2024-07-31,H_PF_SEEDSPRING_I,H_PF_SEEDSPRING_I,SeedSpring Southeast Asia VC Fund I,private_fund,long,7.996,7.996,7.996,7.996,private_fund,0.012961651440184395,0.012961651440184395,0.012961651440184395,Venture Capital / Growth,Southeast Asia VC,Information Technology / Consumer,Southeast Asia VC,Southeast Asia,Non-classifiable,Illiquid,,mandate_proxy,proxy
2024-07-31,H_PF_SPRING_OPP_CREDIT,H_PF_SPRING_OPP_CREDIT,Spring Point Opportunistic Credit Fund,private_fund,long,14.6986,14.6986,14.6986,14.6986,private_fund,0.023826679572122852,0.023826679572122852,0.023826679572122852,Private Credit,Opportunistic Credit,Special Situations Credit,Opportunistic Credit,Global / Multi-region,Non-classifiable,Illiquid,,mandate_proxy,proxy
2024-07-31,H_QAI,H_QAI,Multi-Strategy Liquid Alternatives ETF Proxy,etf,long,5.8998,5.8998,5.8998,5.8998,etf,0.009563675733716845,0.009563675733716845,0.009563675733716845,Hedge Funds / Absolute Return,Multi-Strategy Absolute Return,Multi-Strategy,Absolute Return,Global / Multi-region,Non-classifiable,Liquid,QAI,benchmark_proxy,proxy
2024-07-31,H_QQQ,H_QQQ,Invesco QQQ Trust,etf,long,17.7981,17.7981,17.7981,17.7981,etf,0.028851021572979724,0.028851021572979724,0.028851021572979724,Global Public Equities,US Technology / Growth,Information Technology,Growth / Technology ETF,North America,Mega Cap,Liquid,QQQ,lookthrough,lookthrough
2024-07-31,H_SPY,H_SPY,SPDR S&P 500 ETF,etf,long,29.6635,29.6635,29.6635,29.6635,etf,0.0480850359549662,0.0480850359549662,0.0480850359549662,Global Public Equities,US Large Cap Core,Multi-Sector / Diversified,Broad Market ETF,North America,Multi Cap,Liquid,SPY,lookthrough,lookthrough
2024-07-31,H_SPY_PUT,H_SPY_PUT,S&P 500 Protective Put Overlay,listed_option,long,1.4832,-5.9328,8.8992,-5.9328,delta_adjusted_exposure,0.0024042923231717725,0.014425753939030636,-0.00961716929268709,Global Public Equities,Options Overlay,Multi-Sector / Diversified,Equity Index Option,North America,Multi Cap,Liquid,SPY,underlying_proxy,proxy
2024-07-31,H_TLT,H_TLT,iShares 20+ Year Treasury Bond ETF,etf,long,12.4419,12.4419,12.4419,12.4419,etf,0.02016853064702729,0.02016853064702729,0.02016853064702729,Fixed Income & Liquid Credit,Long Duration Treasuries,Fixed Income / Sovereign,Government Bonds,North America,Non-classifiable,Liquid,TLT,benchmark_proxy,proxy
2024-07-31,H_VNQ,H_VNQ,US Listed REIT ETF Proxy,etf,long,5.057,5.057,5.057,5.057,etf,0.008197482657955538,0.008197482657955538,0.008197482657955538,Hedge Funds / Absolute Return,Listed Real Estate,Real Estate,REITs,North America,Mid Cap,Liquid,VNQ,lookthrough,lookthrough
2024-08-31,H_2800HK,H_2800HK,Tracker Fund of Hong Kong ETF,etf,long,9.1954,9.1954,9.1954,9.1954,etf,0.014787493107108734,0.014787493107108734,0.014787493107108734,Global Public Equities,Hong Kong Broad Market,Multi-Sector / Diversified,Hong Kong Equity ETF,Greater China,Large Cap,Liquid,2800.HK,lookthrough,lookthrough
2024-08-31,H_ACWI,H_ACWI,iShares MSCI ACWI ETF,etf,long,15.521,15.521,15.521,15.521,etf,0.02495994524603983,0.02495994524603983,0.02495994524603983,Global Public Equities,Global Equity Core,Multi-Sector / Diversified,Broad Market ETF,Global / Multi-region,Multi Cap,Liquid,ACWI,lookthrough,lookthrough
2024-08-31,H_AGG,H_AGG,iShares Core US Aggregate Bond ETF,etf,long,21.4186,21.4186,21.4186,21.4186,etf,0.03444411334622954,0.03444411334622954,0.03444411334622954,Fixed Income & Liquid Credit,US Aggregate Bonds,Fixed Income / Credit,Aggregate Bonds,North America,Non-classifiable,Liquid,AGG,benchmark_proxy,proxy
2024-08-31,H_BABA,H_BABA,Alibaba ADR,equity,long,5.364,5.364,5.364,5.364,equity,0.008626064448151385,0.008626064448151385,0.008626064448151385,Global Public Equities,China Internet ADR,Consumer Discretionary,Broadline Retail,Greater China,Large Cap,Liquid,BABA,direct,direct
2024-08-31,H_BIL,H_BIL,SPDR 1-3 Month T-Bill ETF,etf,long,7.1395,7.1395,7.1395,7.1395,etf,0.011481317510733934,0.011481317510733934,0.011481317510733934,Fixed Income & Liquid Credit,Treasury Bills,Fixed Income / Sovereign,Treasury Bills,North America,Non-classifiable,Liquid,BIL,benchmark_proxy,proxy
2024-08-31,H_BRKB,H_BRKB,Berkshire Hathaway Class B,equity,long,8.9715,8.9715,8.9715,8.9715,equity,0.014427430498991456,0.014427430498991456,0.014427430498991456,Global Public Equities,US Quality Compounder,Financials,Multi-Sector Holdings,North America,Mega Cap,Liquid,BRK.B,direct,direct
2024-08-31,H_CASH_HKD,H_CASH_HKD,HKD Working Capital,cash,long,2.3103,2.3103,2.3103,2.3103,cash,0.0037152864829537928,0.0037152864829537928,0.0037152864829537928,Cash & Liquidity,Cash Accounts,Cash,Cash,Global / Multi-region,Non-classifiable,Cash,,direct,direct
2024-08-31,H_CASH_JPY,H_CASH_JPY,JPY Treasury Buffer,cash,long,1.5402,1.5402,1.5402,1.5402,cash,0.0024768576553025287,0.0024768576553025287,0.0024768576553025287,Cash & Liquidity,Cash Accounts,Cash,Cash,Global / Multi-region,Non-classifiable,Cash,,direct,direct
2024-08-31,H_CASH_OPS_USD,H_CASH_OPS_USD,USD Operating Cash,cash,long,11.5515,11.5515,11.5515,11.5515,cash,0.018576432414768966,0.018576432414768966,0.018576432414768966,Cash & Liquidity,Cash Accounts,Cash,Cash,Global / Multi-region,Non-classifiable,Cash,,direct,direct
2024-08-31,H_CASH_RESERVE_USD,H_CASH_RESERVE_USD,USD Liquidity Reserve,cash,long,4.3318,4.3318,4.3318,4.3318,cash,0.006966142053784895,0.006966142053784895,0.006966142053784895,Cash & Liquidity,Cash Accounts,Cash,Cash,Global / Multi-region,Non-classifiable,Cash,,direct,direct
2024-08-31,H_CASH_SGD,H_CASH_SGD,SGD Near-Term Reserve,cash,long,1.9253,1.9253,1.9253,1.9253,cash,0.0030961524761420325,0.0030961524761420325,0.0030961524761420325,Cash & Liquidity,Cash Accounts,Cash,Cash,Global / Multi-region,Non-classifiable,Cash,,direct,direct
2024-08-31,H_CNYA,H_CNYA,iShares MSCI China A ETF,etf,long,6.1303,6.1303,6.1303,6.1303,etf,0.009858382342748405,0.009858382342748405,0.009858382342748405,Global Public Equities,China A-Shares,Multi-Sector / Diversified,China A-Shares ETF,Greater China,All Cap,Liquid,CNYA,lookthrough,lookthrough
2024-08-31,H_DBC,H_DBC,Broad Commodities ETF Proxy,etf,long,6.7964,6.7964,6.7964,6.7964,etf,0.010929564581546623,0.010929564581546623,0.010929564581546623,Hedge Funds / Absolute Return,Commodities,Commodities,Broad Commodities,Global / Multi-region,Non-classifiable,Liquid,DBC,benchmark_proxy,proxy
2024-08-31,H_DBMF,H_DBMF,Managed Futures ETF Proxy,etf,long,8.4955,8.4955,8.4955,8.4955,etf,0.013661955726933277,0.013661955726933277,0.013661955726933277,Hedge Funds / Absolute Return,Managed Futures,Multi-Strategy,Managed Futures,Global / Multi-region,Non-classifiable,Liquid,DBMF,benchmark_proxy,proxy
2024-08-31,H_EEM,H_EEM,iShares MSCI Emerging Markets ETF,etf,long,5.4323,5.4323,5.4323,5.4323,etf,0.00873590042910007,0.00873590042910007,0.00873590042910007,Global Public Equities,Emerging Markets Core,Multi-Sector / Diversified,EM Equity ETF,Global / Multi-region,All Cap,Liquid,EEM,lookthrough,lookthrough
2024-08-31,H_EMB,H_EMB,iShares Emerging Markets Bond ETF,etf,long,7.1395,7.1395,7.1395,7.1395,etf,0.011481317510733934,0.011481317510733934,0.011481317510733934,Fixed Income & Liquid Credit,EM Sovereign / Credit,Fixed Income / Credit,EM Debt,Global / Multi-region,Non-classifiable,Liquid,EMB,benchmark_proxy,proxy
2024-08-31,H_ES_SHORT,H_ES_SHORT,S&P 500 Overlay Short Future,future,short,2.2429,-13.4574,13.4574,-13.4574,signed_notional,0.0036068978282547993,0.021641386969528796,-0.021641386969528796,Global Public Equities,Equity Index Overlay,Multi-Sector / Diversified,Equity Index Future,North America,Multi Cap,Liquid,SPY,underlying_proxy,proxy
2024-08-31,H_EWJ,H_EWJ,iShares MSCI Japan ETF,etf,long,5.4472,5.4472,5.4472,5.4472,etf,0.008759861719233823,0.008759861719233823,0.008759861719233823,Global Public Equities,Japan Equities,Multi-Sector / Diversified,Japan Equity ETF,Japan,Large Cap,Liquid,EWJ,lookthrough,lookthrough
2024-08-31,H_EWS,H_EWS,iShares MSCI Singapore ETF,etf,long,2.274,2.274,2.274,2.274,etf,0.00365691099088297,0.00365691099088297,0.00365691099088297,Global Public Equities,Southeast Asia Equities,Multi-Sector / Diversified,Southeast Asia Equity ETF,Southeast Asia,Large Cap,Liquid,EWS,lookthrough,lookthrough
2024-08-31,H_EWY,H_EWY,iShares MSCI South Korea ETF,etf,long,3.8524,3.8524,3.8524,3.8524,etf,0.006195199604783445,0.006195199604783445,0.006195199604783445,Global Public Equities,Korea Equities,Multi-Sector / Diversified,Korea Equity ETF,Korea,Large Cap,Liquid,EWY,lookthrough,lookthrough
2024-08-31,H_GLD,H_GLD,SPDR Gold Shares,etf,long,8.2253,8.2253,8.2253,8.2253,etf,0.013227436223970842,0.013227436223970842,0.013227436223970842,Hedge Funds / Absolute Return,Gold / Defensive,Commodities / Precious Metals,Gold,Global / Multi-region,Non-classifiable,Liquid,GLD,benchmark_proxy,proxy
2024-08-31,H_GMACRO,H_GMACRO,Global Macro Hedge Fund Sleeve,fund,long,15.2919,15.2919,15.2919,15.2919,fund,0.0245915203084799,0.0245915203084799,0.0245915203084799,Hedge Funds / Absolute Return,Global Macro,Multi-Strategy,Global Macro,Global / Multi-region,Non-classifiable,Semi-Liquid,GMACRO,mandate_proxy,proxy
2024-08-31,H_GOOGL,H_GOOGL,Alphabet Class A,equity,long,6.7287,6.7287,6.7287,6.7287,equity,0.010820693484764398,0.010820693484764398,0.010820693484764398,Global Public Equities,US Mega-cap Technology,Communication Services,Interactive Media,North America,Mega Cap,Liquid,GOOGL,direct,direct
2024-08-31,H_HSI_FUT,H_HSI_FUT,Hang Seng Index Tactical Long Future,future,long,1.9157,6.89652,6.89652,6.89652,signed_notional,0.0030807143294786744,0.011090571586123227,0.011090571586123227,Global Public Equities,Greater China Tactical Overlay,Multi-Sector / Diversified,Equity Index Future,Greater China,Large Cap,Liquid,2800.HK,underlying_proxy,proxy
2024-08-31,H_HSTECH,H_HSTECH,Hang Seng TECH ETF-style Exposure,etf,long,7.6629,7.662899999999999,7.662899999999999,7.662899999999999,etf,0.012323018131942441,0.01232301813194244,0.01232301813194244,Global Public Equities,Hong Kong / China Technology,Information Technology,Technology ETF,Greater China,Large Cap,Liquid,3067.HK,lookthrough,lookthrough
2024-08-31,H_HYG,H_HYG,iShares High Yield Corporate Bond ETF,etf,long,8.032,8.032,8.032,8.032,etf,0.012916582708343014,0.012916582708343014,0.012916582708343014,Fixed Income & Liquid Credit,High Yield Credit,Fixed Income / Credit,High Yield Credit,North America,Non-classifiable,Liquid,HYG,benchmark_proxy,proxy
2024-08-31,H_IGIB,H_IGIB,iShares 5-10 Year Investment Grade Corporate Bond ETF,etf,long,10.7093,10.7093,10.7093,10.7093,etf,0.01722205667311477,0.01722205667311477,0.01722205667311477,Fixed Income & Liquid Credit,Investment Grade Credit,Fixed Income / Credit,Investment Grade Credit,North America,Non-classifiable,Liquid,IGIB,benchmark_proxy,proxy
2024-08-31,H_INDA,H_INDA,iShares MSCI India ETF,etf,long,4.9773,4.9773,4.9773,4.9773,etf,0.008004196602867988,0.008004196602867988,0.008004196602867988,Global Public Equities,India Equities,Multi-Sector / Diversified,India Equity ETF,India,All Cap,Liquid,INDA,lookthrough,lookthrough
2024-08-31,H_JD,H_JD,JD.com ADR,equity,long,3.8314,3.8314,3.8314,3.8314,equity,0.006161428658957349,0.006161428658957349,0.006161428658957349,Global Public Equities,China E-commerce ADR,Consumer Discretionary,Broadline Retail,Greater China,Large Cap,Liquid,JD,direct,direct
2024-08-31,H_LQD,H_LQD,iShares Investment Grade Corporate Bond ETF,etf,long,7.1395,7.1395,7.1395,7.1395,etf,0.011481317510733934,0.011481317510733934,0.011481317510733934,Fixed Income & Liquid Credit,Investment Grade Credit,Fixed Income / Credit,Investment Grade Credit,North America,Non-classifiable,Liquid,LQD,benchmark_proxy,proxy
2024-08-31,H_MKTNEUT,H_MKTNEUT,Equity Market Neutral Fund Sleeve,fund,long,13.5928,13.5928,13.5928,13.5928,fund,0.021859129163093245,0.021859129163093245,0.021859129163093245,Hedge Funds / Absolute Return,Equity Market Neutral,Multi-Strategy,Equity Market Neutral,Global / Multi-region,Non-classifiable,Semi-Liquid,MKTNEUT,mandate_proxy,proxy
2024-08-31,H_MSFT,H_MSFT,Microsoft,equity,long,7.4763,7.4763,7.4763,7.4763,equity,0.012022939156173416,0.012022939156173416,0.012022939156173416,Global Public Equities,US Mega-cap Technology,Information Technology,Software,North America,Mega Cap,Liquid,MSFT,direct,direct
2024-08-31,H_NQ_SHORT,H_NQ_SHORT,Nasdaq Overlay Short Future,future,short,1.4953,-8.9718,8.9718,-8.9718,signed_notional,0.002404652156845781,0.014427912941074683,-0.014427912941074683,Global Public Equities,Technology Overlay,Information Technology,Equity Index Future,North America,Mega Cap,Liquid,QQQ,underlying_proxy,proxy
2024-08-31,H_NVDA,H_NVDA,NVIDIA,equity,long,5.981,5.981,5.981,5.981,equity,0.009618286999327635,0.009618286999327635,0.009618286999327635,Global Public Equities,US Semiconductor Growth,Information Technology,Semiconductors,North America,Mega Cap,Liquid,NVDA,direct,direct
2024-08-31,H_PDD,H_PDD,PDD Holdings ADR,equity,long,4.5977,4.5977,4.5977,4.5977,equity,0.007393746553554367,0.007393746553554367,0.007393746553554367,Global Public Equities,China Internet ADR,Consumer Discretionary,Broadline Retail,Greater China,Large Cap,Liquid,PDD,direct,direct
2024-08-31,H_PF_APAC_LOGISTICS,H_PF_APAC_LOGISTICS,APAC Logistics Real Estate Fund,private_fund,long,6.9694,6.9694,6.9694,6.9694,private_fund,0.011207772849542556,0.011207772849542556,0.011207772849542556,Real Estate,APAC Logistics,Industrial Real Estate,APAC Logistics,Japan,Non-classifiable,Illiquid,,mandate_proxy,proxy
2024-08-31,H_PF_APEX_SECONDARIES_II,H_PF_APEX_SECONDARIES_II,Apex Secondaries Fund II,private_fund,long,16.7458,16.7458,16.7458,16.7458,private_fund,0.026929595457839947,0.026929595457839947,0.026929595457839947,Private Equity,Secondaries,Diversified / Secondaries,Secondaries,Global / Multi-region,Non-classifiable,Illiquid,,mandate_proxy,proxy
2024-08-31,H_PF_ATLAS_COINV_I,H_PF_ATLAS_COINV_I,Atlas Co-Investment Fund I,private_fund,long,18.4203,18.4203,18.4203,18.4203,private_fund,0.029622426352401747,0.029622426352401747,0.029622426352401747,Private Equity,Co-investment,Business Services,Co-investment,North America,Non-classifiable,Illiquid,,mandate_proxy,proxy
2024-08-31,H_PF_BLUE_HORIZON_III,H_PF_BLUE_HORIZON_III,Blue Horizon Ventures III,private_fund,long,14.5359,14.5359,14.5359,14.5359,private_fund,0.02337576625874044,0.02337576625874044,0.02337576625874044,Venture Capital / Growth,US Technology VC,Information Technology,US Technology VC,North America,Non-classifiable,Illiquid,,mandate_proxy,proxy
2024-08-31,H_PF_CLIMATE_ALPHA,H_PF_CLIMATE_ALPHA,Climate Alpha Fund,private_fund,long,12.1132,12.1132,12.1132,12.1132,private_fund,0.019479724808603164,0.019479724808603164,0.019479724808603164,Venture Capital / Growth,Climate Technology,Climate / Industrials,Climate Technology,Global / Multi-region,Non-classifiable,Illiquid,,mandate_proxy,proxy
2024-08-31,H_PF_COVE_SPECIALTY_FIN,H_PF_COVE_SPECIALTY_FIN,Cove Specialty Finance Fund,private_fund,long,12.1923,12.1923,12.1923,12.1923,private_fund,0.019606928704548124,0.019606928704548124,0.019606928704548124,Private Credit,Specialty Finance,Financials,Specialty Finance,North America,Non-classifiable,Illiquid,,mandate_proxy,proxy
2024-08-31,H_PF_CRESCENT_DIRECT_LEND,H_PF_CRESCENT_DIRECT_LEND,Crescent Direct Lending Fund,private_fund,long,17.4176,17.4176,17.4176,17.4176,private_fund,0.028009944096219534,0.028009944096219534,0.028009944096219534,Private Credit,Senior Direct Lending,Diversified Credit,Senior Direct Lending,North America,Non-classifiable,Illiquid,,mandate_proxy,proxy
2024-08-31,H_PF_DIGITAL_INFRA,H_PF_DIGITAL_INFRA,Horizon Digital Infrastructure Fund,private_fund,long,6.9591,6.9591,6.9591,6.9591,private_fund,0.011191209004684994,0.011191209004684994,0.011191209004684994,Infrastructure,Digital Infrastructure,Diversified,Digital Infrastructure,Global / Multi-region,Non-classifiable,Illiquid,,mandate_proxy,proxy
2024-08-31,H_PF_DRAGONBRIDGE,H_PF_DRAGONBRIDGE,DragonBridge Greater China Fund,private_fund,long,23.4441,23.4441,23.4441,23.4441,private_fund,0.037701401478170374,0.037701401478170374,0.037701401478170374,Private Equity,Asia Buyout / Greater China,Consumer / Industrials,Asia Buyout / Greater China,Greater China,Non-classifiable,Illiquid,,mandate_proxy,proxy
2024-08-31,H_PF_GLOBAL_GROWTH_II,H_PF_GLOBAL_GROWTH_II,Redwood Growth Fund II,private_fund,long,16.151,16.151,16.151,16.151,private_fund,0.025973073620822712,0.025973073620822712,0.025973073620822712,Venture Capital / Growth,Global Growth Equity,Information Technology / Consumer,Global Growth Equity,Global / Multi-region,Non-classifiable,Illiquid,,mandate_proxy,proxy
2024-08-31,H_PF_HARBOR_PEAK_V,H_PF_HARBOR_PEAK_V,Harbor Peak Partners V,private_fund,long,25.1186,25.1186,25.1186,25.1186,private_fund,0.04039423237273218,0.04039423237273218,0.04039423237273218,Private Equity,Secondaries,Diversified / Secondaries,Secondaries,Global / Multi-region,Non-classifiable,Illiquid,,mandate_proxy,proxy
2024-08-31,H_PF_HARBOUR_CORE_RE,H_PF_HARBOUR_CORE_RE,Harbour Core Real Estate Fund,private_fund,long,17.4234,17.4234,17.4234,17.4234,private_fund,0.028019271309828647,0.028019271309828647,0.028019271309828647,Real Estate,Core Real Estate,Real Estate,Core Real Estate,Global / Multi-region,Non-classifiable,Illiquid,,mandate_proxy,proxy
2024-08-31,H_PF_HOME_MULTIFAMILY,H_PF_HOME_MULTIFAMILY,HomeStone Multifamily Fund,private_fund,long,10.4541,10.4541,10.4541,10.4541,private_fund,0.016811659274313835,0.016811659274313835,0.016811659274313835,Real Estate,US Multifamily,Residential Real Estate,US Multifamily,North America,Non-classifiable,Illiquid,,mandate_proxy,proxy
2024-08-31,H_PF_INDIA_DIGITAL,H_PF_INDIA_DIGITAL,Indigo India Digital Growth Fund,private_fund,long,9.6906,9.6906,9.6906,9.6906,private_fund,0.015583844172493628,0.015583844172493628,0.015583844172493628,Venture Capital / Growth,India Digital Growth,Information Technology,India Digital Growth,India,Non-classifiable,Illiquid,,mandate_proxy,proxy
2024-08-31,H_PF_INFRA_CORE,H_PF_INFRA_CORE,Evergreen Core Infrastructure Fund,private_fund,long,10.4387,10.4387,10.4387,10.4387,private_fund,0.016786893914041364,0.016786893914041364,0.016786893914041364,Infrastructure,Core Infrastructure,Infrastructure,Core Infrastructure,Global / Multi-region,Non-classifiable,Illiquid,,mandate_proxy,proxy
2024-08-31,H_PF_LIONROCK_CREDIT,H_PF_LIONROCK_CREDIT,LionRock Asia Private Credit Fund,private_fund,long,14.3695,14.3695,14.3695,14.3695,private_fund,0.023108171716575567,0.023108171716575567,0.023108171716575567,Private Credit,Asia Private Credit,Diversified Credit,Asia Private Credit,Southeast Asia,Non-classifiable,Illiquid,,mandate_proxy,proxy
2024-08-31,H_PF_METRO_LOGISTICS,H_PF_METRO_LOGISTICS,Metro Logistics Fund,private_fund,long,10.8896,10.8896,10.8896,10.8896,private_fund,0.017512004365135968,0.017512004365135968,0.017512004365135968,Real Estate,Logistics Real Estate,Industrial Real Estate,Logistics Real Estate,Southeast Asia,Non-classifiable,Illiquid,,mandate_proxy,proxy
2024-08-31,H_PF_NORTHSTAR_IV,H_PF_NORTHSTAR_IV,Northstar Buyout Fund IV,private_fund,long,29.3051,29.3051,29.3051,29.3051,private_fund,0.04712671164420604,0.04712671164420604,0.04712671164420604,Private Equity,Buyout,Industrials,Buyout,North America,Non-classifiable,Illiquid,,mandate_proxy,proxy
2024-08-31,H_PF_RENEWABLES_II,H_PF_RENEWABLES_II,SolarBridge Renewables Fund II,private_fund,long,8.6989,8.6989,8.6989,8.6989,private_fund,0.013989051459363178,0.013989051459363178,0.013989051459363178,Infrastructure,Renewables,Utilities / Infrastructure,Renewables,Global / Multi-region,Non-classifiable,Illiquid,,mandate_proxy,proxy
2024-08-31,H_PF_SEEDSPRING_I,H_PF_SEEDSPRING_I,SeedSpring Southeast Asia VC Fund I,private_fund,long,8.0755,8.0755,8.0755,8.0755,private_fund,0.012986536810411356,0.012986536810411356,0.012986536810411356,Venture Capital / Growth,Southeast Asia VC,Information Technology / Consumer,Southeast Asia VC,Southeast Asia,Non-classifiable,Illiquid,,mandate_proxy,proxy
2024-08-31,H_PF_SPRING_OPP_CREDIT,H_PF_SPRING_OPP_CREDIT,Spring Point Opportunistic Credit Fund,private_fund,long,14.8049,14.8049,14.8049,14.8049,private_fund,0.023808355993369956,0.023808355993369956,0.023808355993369956,Private Credit,Opportunistic Credit,Special Situations Credit,Opportunistic Credit,Global / Multi-region,Non-classifiable,Illiquid,,mandate_proxy,proxy
2024-08-31,H_QAI,H_QAI,Multi-Strategy Liquid Alternatives ETF Proxy,etf,long,5.9469,5.9469,5.9469,5.9469,etf,0.009563449415867165,0.009563449415867165,0.009563449415867165,Hedge Funds / Absolute Return,Multi-Strategy Absolute Return,Multi-Strategy,Absolute Return,Global / Multi-region,Non-classifiable,Liquid,QAI,benchmark_proxy,proxy
2024-08-31,H_QQQ,H_QQQ,Invesco QQQ Trust,etf,long,17.9431,17.9431,17.9431,17.9431,etf,0.02885502181201065,0.02885502181201065,0.02885502181201065,Global Public Equities,US Technology / Growth,Information Technology,Growth / Technology ETF,North America,Mega Cap,Liquid,QQQ,lookthrough,lookthrough
2024-08-31,H_SPY,H_SPY,SPDR S&P 500 ETF,etf,long,29.9052,29.9052,29.9052,29.9052,etf,0.048091756624693664,0.048091756624693664,0.048091756624693664,Global Public Equities,US Large Cap Core,Multi-Sector / Diversified,Broad Market ETF,North America,Multi Cap,Liquid,SPY,lookthrough,lookthrough
2024-08-31,H_SPY_PUT,H_SPY_PUT,S&P 500 Protective Put Overlay,listed_option,long,1.4953,-5.9812,8.9718,-5.9812,delta_adjusted_exposure,0.002404652156845781,0.014427912941074683,-0.009618608627383124,Global Public Equities,Options Overlay,Multi-Sector / Diversified,Equity Index Option,North America,Multi Cap,Liquid,SPY,underlying_proxy,proxy
2024-08-31,H_TLT,H_TLT,iShares 20+ Year Treasury Bond ETF,etf,long,12.4942,12.4942,12.4942,12.4942,etf,0.020092426254305188,0.020092426254305188,0.020092426254305188,Fixed Income & Liquid Credit,Long Duration Treasuries,Fixed Income / Sovereign,Government Bonds,North America,Non-classifiable,Liquid,TLT,benchmark_proxy,proxy
2024-08-31,H_VNQ,H_VNQ,US Listed REIT ETF Proxy,etf,long,5.0973,5.0973,5.0973,5.0973,etf,0.008197173436159966,0.008197173436159966,0.008197173436159966,Hedge Funds / Absolute Return,Listed Real Estate,Real Estate,REITs,North America,Mid Cap,Liquid,VNQ,lookthrough,lookthrough
2024-09-30,H_2800HK,H_2800HK,Tracker Fund of Hong Kong ETF,etf,long,9.467,9.467,9.467,9.467,etf,0.01502545534652744,0.01502545534652744,0.01502545534652744,Global Public Equities,Hong Kong Broad Market,Multi-Sector / Diversified,Hong Kong Equity ETF,Greater China,Large Cap,Liquid,2800.HK,lookthrough,lookthrough
2024-09-30,H_ACWI,H_ACWI,iShares MSCI ACWI ETF,etf,long,15.8077,15.8077,15.8077,15.8077,etf,0.025089034591877238,0.025089034591877238,0.025089034591877238,Global Public Equities,Global Equity Core,Multi-Sector / Diversified,Broad Market ETF,Global / Multi-region,Multi Cap,Liquid,ACWI,lookthrough,lookthrough
2024-09-30,H_AGG,H_AGG,iShares Core US Aggregate Bond ETF,etf,long,21.6079,21.6079,21.6079,21.6079,etf,0.034294764612045024,0.034294764612045024,0.034294764612045024,Fixed Income & Liquid Credit,US Aggregate Bonds,Fixed Income / Credit,Aggregate Bonds,North America,Non-classifiable,Liquid,AGG,benchmark_proxy,proxy
2024-09-30,H_BABA,H_BABA,Alibaba ADR,equity,long,5.5224,5.5224,5.5224,5.5224,equity,0.008764822499805971,0.008764822499805971,0.008764822499805971,Global Public Equities,China Internet ADR,Consumer Discretionary,Broadline Retail,Greater China,Large Cap,Liquid,BABA,direct,direct
2024-09-30,H_BIL,H_BIL,SPDR 1-3 Month T-Bill ETF,etf,long,7.2026,7.2026,7.2026,7.2026,etf,0.011431535299344939,0.011431535299344939,0.011431535299344939,Fixed Income & Liquid Credit,Treasury Bills,Fixed Income / Sovereign,Treasury Bills,North America,Non-classifiable,Liquid,BIL,benchmark_proxy,proxy
2024-09-30,H_BRKB,H_BRKB,Berkshire Hathaway Class B,equity,long,9.1314,9.1314,9.1314,9.1314,equity,0.014492811128264567,0.014492811128264567,0.014492811128264567,Global Public Equities,US Quality Compounder,Financials,Multi-Sector Holdings,North America,Mega Cap,Liquid,BRK.B,direct,direct
2024-09-30,H_CASH_HKD,H_CASH_HKD,HKD Working Capital,cash,long,2.315,2.315,2.315,2.315,cash,0.0036742293363484758,0.0036742293363484758,0.0036742293363484758,Cash & Liquidity,Cash Accounts,Cash,Cash,Global / Multi-region,Non-classifiable,Cash,,direct,direct
2024-09-30,H_CASH_JPY,H_CASH_JPY,JPY Treasury Buffer,cash,long,1.5433,1.5433,1.5433,1.5433,cash,0.0024494333195622473,0.0024494333195622473,0.0024494333195622473,Cash & Liquidity,Cash Accounts,Cash,Cash,Global / Multi-region,Non-classifiable,Cash,,direct,direct
2024-09-30,H_CASH_OPS_USD,H_CASH_OPS_USD,USD Operating Cash,cash,long,11.5748,11.5748,11.5748,11.5748,cash,0.018370829253721962,0.018370829253721962,0.018370829253721962,Cash & Liquidity,Cash Accounts,Cash,Cash,Global / Multi-region,Non-classifiable,Cash,,direct,direct
2024-09-30,H_CASH_RESERVE_USD,H_CASH_RESERVE_USD,USD Liquidity Reserve,cash,long,4.3405,4.3405,4.3405,4.3405,cash,0.00688898161314063,0.00688898161314063,0.00688898161314063,Cash & Liquidity,Cash Accounts,Cash,Cash,Global / Multi-region,Non-classifiable,Cash,,direct,direct
2024-09-30,H_CASH_SGD,H_CASH_SGD,SGD Near-Term Reserve,cash,long,1.9291,1.9291,1.9291,1.9291,cash,0.003061751970950257,0.003061751970950257,0.003061751970950257,Cash & Liquidity,Cash Accounts,Cash,Cash,Global / Multi-region,Non-classifiable,Cash,,direct,direct
2024-09-30,H_CNYA,H_CNYA,iShares MSCI China A ETF,etf,long,6.3113,6.3113,6.3113,6.3113,etf,0.010016917326348223,0.010016917326348223,0.010016917326348223,Global Public Equities,China A-Shares,Multi-Sector / Diversified,China A-Shares ETF,Greater China,All Cap,Liquid,CNYA,lookthrough,lookthrough
2024-09-30,H_DBC,H_DBC,Broad Commodities ETF Proxy,etf,long,6.8934,6.8934,6.8934,6.8934,etf,0.010940791579777358,0.010940791579777358,0.010940791579777358,Hedge Funds / Absolute Return,Commodities,Commodities,Broad Commodities,Global / Multi-region,Non-classifiable,Liquid,DBC,benchmark_proxy,proxy
2024-09-30,H_DBMF,H_DBMF,Managed Futures ETF Proxy,etf,long,8.6167,8.6167,8.6167,8.6167,etf,0.013675910117716593,0.013675910117716593,0.013675910117716593,Hedge Funds / Absolute Return,Managed Futures,Multi-Strategy,Managed Futures,Global / Multi-region,Non-classifiable,Liquid,DBMF,benchmark_proxy,proxy
2024-09-30,H_EEM,H_EEM,iShares MSCI Emerging Markets ETF,etf,long,5.5327,5.5327,5.5327,5.5327,etf,0.008781170042857544,0.008781170042857544,0.008781170042857544,Global Public Equities,Emerging Markets Core,Multi-Sector / Diversified,EM Equity ETF,Global / Multi-region,All Cap,Liquid,EEM,lookthrough,lookthrough
2024-09-30,H_EMB,H_EMB,iShares Emerging Markets Bond ETF,etf,long,7.2026,7.2026,7.2026,7.2026,etf,0.011431535299344939,0.011431535299344939,0.011431535299344939,Fixed Income & Liquid Credit,EM Sovereign / Credit,Fixed Income / Credit,EM Debt,Global / Multi-region,Non-classifiable,Liquid,EMB,benchmark_proxy,proxy
2024-09-30,H_ES_SHORT,H_ES_SHORT,S&P 500 Overlay Short Future,future,short,2.2829,-13.6974,13.6974,-13.6974,signed_notional,0.003623282139071247,0.02173969283442748,-0.02173969283442748,Global Public Equities,Equity Index Overlay,Multi-Sector / Diversified,Equity Index Future,North America,Multi Cap,Liquid,SPY,underlying_proxy,proxy
2024-09-30,H_EWJ,H_EWJ,iShares MSCI Japan ETF,etf,long,5.5623,5.5623,5.5623,5.5623,etf,0.008828149389879537,0.008828149389879537,0.008828149389879537,Global Public Equities,Japan Equities,Multi-Sector / Diversified,Japan Equity ETF,Japan,Large Cap,Liquid,EWJ,lookthrough,lookthrough
2024-09-30,H_EWS,H_EWS,iShares MSCI Singapore ETF,etf,long,2.3386,2.3386,2.3386,2.3386,etf,0.003711685842757903,0.003711685842757903,0.003711685842757903,Global Public Equities,Southeast Asia Equities,Multi-Sector / Diversified,Southeast Asia Equity ETF,Southeast Asia,Large Cap,Liquid,EWS,lookthrough,lookthrough
2024-09-30,H_EWY,H_EWY,iShares MSCI South Korea ETF,etf,long,3.952,3.952,3.952,3.952,etf,0.006272377683476966,0.006272377683476966,0.006272377683476966,Global Public Equities,Korea Equities,Multi-Sector / Diversified,Korea Equity ETF,Korea,Large Cap,Liquid,EWY,lookthrough,lookthrough
2024-09-30,H_GLD,H_GLD,SPDR Gold Shares,etf,long,8.3373,8.3373,8.3373,8.3373,etf,0.013232463173191426,0.013232463173191426,0.013232463173191426,Hedge Funds / Absolute Return,Gold / Defensive,Commodities / Precious Metals,Gold,Global / Multi-region,Non-classifiable,Liquid,GLD,benchmark_proxy,proxy
2024-09-30,H_GMACRO,H_GMACRO,Global Macro Hedge Fund Sleeve,fund,long,15.5101,15.5101,15.5101,15.5101,fund,0.02461670169749395,0.02461670169749395,0.02461670169749395,Hedge Funds / Absolute Return,Global Macro,Multi-Strategy,Global Macro,Global / Multi-region,Non-classifiable,Semi-Liquid,GMACRO,mandate_proxy,proxy
2024-09-30,H_GOOGL,H_GOOGL,Alphabet Class A,equity,long,6.8486,6.8486,6.8486,6.8486,equity,0.010869687703203531,0.010869687703203531,0.010869687703203531,Global Public Equities,US Mega-cap Technology,Communication Services,Interactive Media,North America,Mega Cap,Liquid,GOOGL,direct,direct
2024-09-30,H_HSI_FUT,H_HSI_FUT,Hang Seng Index Tactical Long Future,future,long,1.9723,7.10028,7.10028,7.10028,signed_notional,0.003130316423360734,0.011269139124098642,0.011269139124098642,Global Public Equities,Greater China Tactical Overlay,Multi-Sector / Diversified,Equity Index Future,Greater China,Large Cap,Liquid,2800.HK,underlying_proxy,proxy
2024-09-30,H_HSTECH,H_HSTECH,Hang Seng TECH ETF-style Exposure,etf,long,7.8891,7.8891,7.8891,7.8891,etf,0.012521106979432726,0.012521106979432726,0.012521106979432726,Global Public Equities,Hong Kong / China Technology,Information Technology,Technology ETF,Greater China,Large Cap,Liquid,3067.HK,lookthrough,lookthrough
2024-09-30,H_HYG,H_HYG,iShares High Yield Corporate Bond ETF,etf,long,8.103,8.103,8.103,8.103,etf,0.012860596247270713,0.012860596247270713,0.012860596247270713,Fixed Income & Liquid Credit,High Yield Credit,Fixed Income / Credit,High Yield Credit,North America,Non-classifiable,Liquid,HYG,benchmark_proxy,proxy
2024-09-30,H_IGIB,H_IGIB,iShares 5-10 Year Investment Grade Corporate Bond ETF,etf,long,10.804,10.804,10.804,10.804,etf,0.017147461663027618,0.017147461663027618,0.017147461663027618,Fixed Income & Liquid Credit,Investment Grade Credit,Fixed Income / Credit,Investment Grade Credit,North America,Non-classifiable,Liquid,IGIB,benchmark_proxy,proxy
2024-09-30,H_INDA,H_INDA,iShares MSCI India ETF,etf,long,5.0974,5.0974,5.0974,5.0974,etf,0.008090287956415863,0.008090287956415863,0.008090287956415863,Global Public Equities,India Equities,Multi-Sector / Diversified,India Equity ETF,India,All Cap,Liquid,INDA,lookthrough,lookthrough
2024-09-30,H_JD,H_JD,JD.com ADR,equity,long,3.9446,3.9446,3.9446,3.9446,equity,0.006260632846721468,0.006260632846721468,0.006260632846721468,Global Public Equities,China E-commerce ADR,Consumer Discretionary,Broadline Retail,Greater China,Large Cap,Liquid,JD,direct,direct
2024-09-30,H_LQD,H_LQD,iShares Investment Grade Corporate Bond ETF,etf,long,7.2026,7.2026,7.2026,7.2026,etf,0.011431535299344939,0.011431535299344939,0.011431535299344939,Fixed Income & Liquid Credit,Investment Grade Credit,Fixed Income / Credit,Investment Grade Credit,North America,Non-classifiable,Liquid,LQD,benchmark_proxy,proxy
2024-09-30,H_MKTNEUT,H_MKTNEUT,Equity Market Neutral Fund Sleeve,fund,long,13.7868,13.7868,13.7868,13.7868,fund,0.021881583159554716,0.021881583159554716,0.021881583159554716,Hedge Funds / Absolute Return,Equity Market Neutral,Multi-Strategy,Equity Market Neutral,Global / Multi-region,Non-classifiable,Semi-Liquid,MKTNEUT,mandate_proxy,proxy
2024-09-30,H_MSFT,H_MSFT,Microsoft,equity,long,7.6095,7.609500000000001,7.609500000000001,7.609500000000001,equity,0.012077342606887139,0.01207734260688714,0.01207734260688714,Global Public Equities,US Mega-cap Technology,Information Technology,Software,North America,Mega Cap,Liquid,MSFT,direct,direct
2024-09-30,H_NQ_SHORT,H_NQ_SHORT,Nasdaq Overlay Short Future,future,short,1.5219,-9.1314,9.1314,-9.1314,signed_notional,0.002415468521377428,0.014492811128264567,-0.014492811128264567,Global Public Equities,Technology Overlay,Information Technology,Equity Index Future,North America,Mega Cap,Liquid,QQQ,underlying_proxy,proxy
2024-09-30,H_NVDA,H_NVDA,NVIDIA,equity,long,6.0876,6.0876,6.0876,6.0876,equity,0.009661874085509711,0.009661874085509711,0.009661874085509711,Global Public Equities,US Semiconductor Growth,Information Technology,Semiconductors,North America,Mega Cap,Liquid,NVDA,direct,direct
2024-09-30,H_PDD,H_PDD,PDD Holdings ADR,equity,long,4.7335,4.7335,4.7335,4.7335,equity,0.00751272767326372,0.00751272767326372,0.00751272767326372,Global Public Equities,China Internet ADR,Consumer Discretionary,Broadline Retail,Greater China,Large Cap,Liquid,PDD,direct,direct
2024-09-30,H_PF_APAC_LOGISTICS,H_PF_APAC_LOGISTICS,APAC Logistics Real Estate Fund,private_fund,long,7.0433,7.0433,7.0433,7.0433,private_fund,0.011178703881081305,0.011178703881081305,0.011178703881081305,Real Estate,APAC Logistics,Industrial Real Estate,APAC Logistics,Japan,Non-classifiable,Illiquid,,mandate_proxy,proxy
2024-09-30,H_PF_APEX_SECONDARIES_II,H_PF_APEX_SECONDARIES_II,Apex Secondaries Fund II,private_fund,long,16.9035,16.9035,16.9035,16.9035,private_fund,0.026828222715752255,0.026828222715752255,0.026828222715752255,Private Equity,Secondaries,Diversified / Secondaries,Secondaries,Global / Multi-region,Non-classifiable,Illiquid,,mandate_proxy,proxy
2024-09-30,H_PF_ATLAS_COINV_I,H_PF_ATLAS_COINV_I,Atlas Co-Investment Fund I,private_fund,long,18.5939,18.5939,18.5939,18.5939,private_fund,0.029511124344332583,0.029511124344332583,0.029511124344332583,Private Equity,Co-investment,Business Services,Co-investment,North America,Non-classifiable,Illiquid,,mandate_proxy,proxy
2024-09-30,H_PF_BLUE_HORIZON_III,H_PF_BLUE_HORIZON_III,Blue Horizon Ventures III,private_fund,long,14.7462,14.7462,14.7462,14.7462,private_fund,0.023404285373504058,0.023404285373504058,0.023404285373504058,Venture Capital / Growth,US Technology VC,Information Technology,US Technology VC,North America,Non-classifiable,Illiquid,,mandate_proxy,proxy
2024-09-30,H_PF_CLIMATE_ALPHA,H_PF_CLIMATE_ALPHA,Climate Alpha Fund,private_fund,long,12.2885,12.2885,12.2885,12.2885,private_fund,0.01950357114458672,0.01950357114458672,0.01950357114458672,Venture Capital / Growth,Climate Technology,Climate / Industrials,Climate Technology,Global / Multi-region,Non-classifiable,Illiquid,,mandate_proxy,proxy
2024-09-30,H_PF_COVE_SPECIALTY_FIN,H_PF_COVE_SPECIALTY_FIN,Cove Specialty Finance Fund,private_fund,long,12.3025,12.3025,12.3025,12.3025,private_fund,0.019525791106016037,0.019525791106016037,0.019525791106016037,Private Credit,Specialty Finance,Financials,Specialty Finance,North America,Non-classifiable,Illiquid,,mandate_proxy,proxy
2024-09-30,H_PF_CRESCENT_DIRECT_LEND,H_PF_CRESCENT_DIRECT_LEND,Crescent Direct Lending Fund,private_fund,long,17.575,17.575,17.575,17.575,private_fund,0.027893987294308625,0.027893987294308625,0.027893987294308625,Private Credit,Senior Direct Lending,Diversified Credit,Senior Direct Lending,North America,Non-classifiable,Illiquid,,mandate_proxy,proxy
2024-09-30,H_PF_DIGITAL_INFRA,H_PF_DIGITAL_INFRA,Horizon Digital Infrastructure Fund,private_fund,long,7.033,7.033,7.033,7.033,private_fund,0.011162356338029733,0.011162356338029733,0.011162356338029733,Infrastructure,Digital Infrastructure,Diversified,Digital Infrastructure,Global / Multi-region,Non-classifiable,Illiquid,,mandate_proxy,proxy
2024-09-30,H_PF_DRAGONBRIDGE,H_PF_DRAGONBRIDGE,DragonBridge Greater China Fund,private_fund,long,23.6649,23.6649,23.6649,23.6649,private_fund,0.03755951180205315,0.03755951180205315,0.03755951180205315,Private Equity,Asia Buyout / Greater China,Consumer / Industrials,Asia Buyout / Greater China,Greater China,Non-classifiable,Illiquid,,mandate_proxy,proxy
2024-09-30,H_PF_GLOBAL_GROWTH_II,H_PF_GLOBAL_GROWTH_II,Redwood Growth Fund II,private_fund,long,16.3847,16.3847,16.3847,16.3847,private_fund,0.02600481443078569,0.02600481443078569,0.02600481443078569,Venture Capital / Growth,Global Growth Equity,Information Technology / Consumer,Global Growth Equity,Global / Multi-region,Non-classifiable,Illiquid,,mandate_proxy,proxy
2024-09-30,H_PF_HARBOR_PEAK_V,H_PF_HARBOR_PEAK_V,Harbor Peak Partners V,private_fund,long,25.3553,25.3553,25.3553,25.3553,private_fund,0.040242413430633485,0.040242413430633485,0.040242413430633485,Private Equity,Secondaries,Diversified / Secondaries,Secondaries,Global / Multi-region,Non-classifiable,Illiquid,,mandate_proxy,proxy
2024-09-30,H_PF_HARBOUR_CORE_RE,H_PF_HARBOUR_CORE_RE,Harbour Core Real Estate Fund,private_fund,long,17.6083,17.6083,17.6083,17.6083,private_fund,0.027946839059708368,0.027946839059708368,0.027946839059708368,Real Estate,Core Real Estate,Real Estate,Core Real Estate,Global / Multi-region,Non-classifiable,Illiquid,,mandate_proxy,proxy
2024-09-30,H_PF_HOME_MULTIFAMILY,H_PF_HOME_MULTIFAMILY,HomeStone Multifamily Fund,private_fund,long,10.565,10.565,10.565,10.565,private_fund,0.01676813517862706,0.01676813517862706,0.01676813517862706,Real Estate,US Multifamily,Residential Real Estate,US Multifamily,North America,Non-classifiable,Illiquid,,mandate_proxy,proxy
2024-09-30,H_PF_INDIA_DIGITAL,H_PF_INDIA_DIGITAL,Indigo India Digital Growth Fund,private_fund,long,9.8308,9.8308,9.8308,9.8308,private_fund,0.015602856915669372,0.015602856915669372,0.015602856915669372,Venture Capital / Growth,India Digital Growth,Information Technology,India Digital Growth,India,Non-classifiable,Illiquid,,mandate_proxy,proxy
2024-09-30,H_PF_INFRA_CORE,H_PF_INFRA_CORE,Evergreen Core Infrastructure Fund,private_fund,long,10.5495,10.5495,10.5495,10.5495,private_fund,0.016743534507044598,0.016743534507044598,0.016743534507044598,Infrastructure,Core Infrastructure,Infrastructure,Core Infrastructure,Global / Multi-region,Non-classifiable,Illiquid,,mandate_proxy,proxy
2024-09-30,H_PF_LIONROCK_CREDIT,H_PF_LIONROCK_CREDIT,LionRock Asia Private Credit Fund,private_fund,long,14.4994,14.4994,14.4994,14.4994,private_fund,0.023012579196307167,0.023012579196307167,0.023012579196307167,Private Credit,Asia Private Credit,Diversified Credit,Asia Private Credit,Southeast Asia,Non-classifiable,Illiquid,,mandate_proxy,proxy
2024-09-30,H_PF_METRO_LOGISTICS,H_PF_METRO_LOGISTICS,Metro Logistics Fund,private_fund,long,11.0052,11.0052,11.0052,11.0052,private_fund,0.017466794251569006,0.017466794251569006,0.017466794251569006,Real Estate,Logistics Real Estate,Industrial Real Estate,Logistics Real Estate,Southeast Asia,Non-classifiable,Illiquid,,mandate_proxy,proxy
2024-09-30,H_PF_NORTHSTAR_IV,H_PF_NORTHSTAR_IV,Northstar Buyout Fund IV,private_fund,long,29.5811,29.5811,29.5811,29.5811,private_fund,0.04694935007406389,0.04694935007406389,0.04694935007406389,Private Equity,Buyout,Industrials,Buyout,North America,Non-classifiable,Illiquid,,mandate_proxy,proxy
2024-09-30,H_PF_RENEWABLES_II,H_PF_RENEWABLES_II,SolarBridge Renewables Fund II,private_fund,long,8.7913,8.7913,8.7913,8.7913,private_fund,0.01395302477954227,0.01395302477954227,0.01395302477954227,Infrastructure,Renewables,Utilities / Infrastructure,Renewables,Global / Multi-region,Non-classifiable,Illiquid,,mandate_proxy,proxy
2024-09-30,H_PF_SEEDSPRING_I,H_PF_SEEDSPRING_I,SeedSpring Southeast Asia VC Fund I,private_fund,long,8.1923,8.1923,8.1923,8.1923,private_fund,0.01300232785838774,0.01300232785838774,0.01300232785838774,Venture Capital / Growth,Southeast Asia VC,Information Technology / Consumer,Southeast Asia VC,Southeast Asia,Non-classifiable,Illiquid,,mandate_proxy,proxy
2024-09-30,H_PF_SPRING_OPP_CREDIT,H_PF_SPRING_OPP_CREDIT,Spring Point Opportunistic Credit Fund,private_fund,long,14.9387,14.9387,14.9387,14.9387,private_fund,0.023709809843157226,0.023709809843157226,0.023709809843157226,Private Credit,Opportunistic Credit,Special Situations Credit,Opportunistic Credit,Global / Multi-region,Non-classifiable,Illiquid,,mandate_proxy,proxy
2024-09-30,H_QAI,H_QAI,Multi-Strategy Liquid Alternatives ETF Proxy,etf,long,6.0317,6.0317,6.0317,6.0317,etf,0.009573152953802636,0.009573152953802636,0.009573152953802636,Hedge Funds / Absolute Return,Multi-Strategy Absolute Return,Multi-Strategy,Absolute Return,Global / Multi-region,Non-classifiable,Liquid,QAI,benchmark_proxy,proxy
2024-09-30,H_QQQ,H_QQQ,Invesco QQQ Trust,etf,long,18.2629,18.2629,18.2629,18.2629,etf,0.028985780970539343,0.028985780970539343,0.028985780970539343,Global Public Equities,US Technology / Growth,Information Technology,Growth / Technology ETF,North America,Mega Cap,Liquid,QQQ,lookthrough,lookthrough
2024-09-30,H_SPY,H_SPY,SPDR S&P 500 ETF,etf,long,30.4381,30.4381,30.4381,30.4381,etf,0.04830952914155877,0.04830952914155877,0.04830952914155877,Global Public Equities,US Large Cap Core,Multi-Sector / Diversified,Broad Market ETF,North America,Multi Cap,Liquid,SPY,lookthrough,lookthrough
2024-09-30,H_SPY_PUT,H_SPY_PUT,S&P 500 Protective Put Overlay,listed_option,long,1.5219,-6.0876,9.1314,-6.0876,delta_adjusted_exposure,0.002415468521377428,0.014492811128264567,-0.009661874085509711,Global Public Equities,Options Overlay,Multi-Sector / Diversified,Equity Index Option,North America,Multi Cap,Liquid,SPY,underlying_proxy,proxy
2024-09-30,H_TLT,H_TLT,iShares 20+ Year Treasury Bond ETF,etf,long,12.6046,12.6046,12.6046,12.6046,etf,0.020005266130858748,0.020005266130858748,0.020005266130858748,Fixed Income & Liquid Credit,Long Duration Treasuries,Fixed Income / Sovereign,Government Bonds,North America,Non-classifiable,Liquid,TLT,benchmark_proxy,proxy
2024-09-30,H_VNQ,H_VNQ,US Listed REIT ETF Proxy,etf,long,5.17,5.17,5.17,5.17,etf,0.008205514327827915,0.008205514327827915,0.008205514327827915,Hedge Funds / Absolute Return,Listed Real Estate,Real Estate,REITs,North America,Mid Cap,Liquid,VNQ,lookthrough,lookthrough
2024-10-31,H_2800HK,H_2800HK,Tracker Fund of Hong Kong ETF,etf,long,9.8328,9.8328,9.8328,9.8328,etf,0.015338489425227829,0.015338489425227829,0.015338489425227829,Global Public Equities,Hong Kong Broad Market,Multi-Sector / Diversified,Hong Kong Equity ETF,Greater China,Large Cap,Liquid,2800.HK,lookthrough,lookthrough
2024-10-31,H_ACWI,H_ACWI,iShares MSCI ACWI ETF,etf,long,16.1954,16.1954,16.1954,16.1954,etf,0.0252637063336318,0.0252637063336318,0.0252637063336318,Global Public Equities,Global Equity Core,Multi-Sector / Diversified,Broad Market ETF,Global / Multi-region,Multi Cap,Liquid,ACWI,lookthrough,lookthrough
2024-10-31,H_AGG,H_AGG,iShares Core US Aggregate Bond ETF,etf,long,21.8799,21.8799,21.8799,21.8799,etf,0.034131134038630134,0.034131134038630134,0.034131134038630134,Fixed Income & Liquid Credit,US Aggregate Bonds,Fixed Income / Credit,Aggregate Bonds,North America,Non-classifiable,Liquid,AGG,benchmark_proxy,proxy
2024-10-31,H_BABA,H_BABA,Alibaba ADR,equity,long,5.7358,5.7358,5.7358,5.7358,equity,0.008947452164716234,0.008947452164716234,0.008947452164716234,Global Public Equities,China Internet ADR,Consumer Discretionary,Broadline Retail,Greater China,Large Cap,Liquid,BABA,direct,direct
2024-10-31,H_BIL,H_BIL,SPDR 1-3 Month T-Bill ETF,etf,long,7.2933,7.2933,7.2933,7.2933,etf,0.011377044679543378,0.011377044679543378,0.011377044679543378,Fixed Income & Liquid Credit,Treasury Bills,Fixed Income / Sovereign,Treasury Bills,North America,Non-classifiable,Liquid,BIL,benchmark_proxy,proxy
2024-10-31,H_BRKB,H_BRKB,Berkshire Hathaway Class B,equity,long,9.3692,9.3692,9.3692,9.3692,equity,0.014615305418888268,0.014615305418888268,0.014615305418888268,Global Public Equities,US Quality Compounder,Financials,Multi-Sector Holdings,North America,Mega Cap,Liquid,BRK.B,direct,direct
2024-10-31,H_CASH_HKD,H_CASH_HKD,HKD Working Capital,cash,long,2.3211,2.3211,2.3211,2.3211,cash,0.003620755817762622,0.003620755817762622,0.003620755817762622,Cash & Liquidity,Cash Accounts,Cash,Cash,Global / Multi-region,Non-classifiable,Cash,,direct,direct
2024-10-31,H_CASH_JPY,H_CASH_JPY,JPY Treasury Buffer,cash,long,1.5474,1.5474,1.5474,1.5474,cash,0.0024138372118417484,0.0024138372118417484,0.0024138372118417484,Cash & Liquidity,Cash Accounts,Cash,Cash,Global / Multi-region,Non-classifiable,Cash,,direct,direct
2024-10-31,H_CASH_OPS_USD,H_CASH_OPS_USD,USD Operating Cash,cash,long,11.6057,11.6057,11.6057,11.6057,cash,0.018104091075010844,0.018104091075010844,0.018104091075010844,Cash & Liquidity,Cash Accounts,Cash,Cash,Global / Multi-region,Non-classifiable,Cash,,direct,direct
2024-10-31,H_CASH_RESERVE_USD,H_CASH_RESERVE_USD,USD Liquidity Reserve,cash,long,4.3521,4.3521,4.3521,4.3521,cash,0.006788975655716991,0.006788975655716991,0.006788975655716991,Cash & Liquidity,Cash Accounts,Cash,Cash,Global / Multi-region,Non-classifiable,Cash,,direct,direct
2024-10-31,H_CASH_SGD,H_CASH_SGD,SGD Near-Term Reserve,cash,long,1.9343,1.9343,1.9343,1.9343,cash,0.003017374511351618,0.003017374511351618,0.003017374511351618,Cash & Liquidity,Cash Accounts,Cash,Cash,Global / Multi-region,Non-classifiable,Cash,,direct,direct
2024-10-31,H_CNYA,H_CNYA,iShares MSCI China A ETF,etf,long,6.5552,6.5552,6.5552,6.5552,etf,0.010225659616818553,0.010225659616818553,0.010225659616818553,Global Public Equities,China A-Shares,Multi-Sector / Diversified,China A-Shares ETF,Greater China,All Cap,Liquid,CNYA,lookthrough,lookthrough
2024-10-31,H_DBC,H_DBC,Broad Commodities ETF Proxy,etf,long,7.0253,7.0253,7.0253,7.0253,etf,0.010958983174584356,0.010958983174584356,0.010958983174584356,Hedge Funds / Absolute Return,Commodities,Commodities,Broad Commodities,Global / Multi-region,Non-classifiable,Liquid,DBC,benchmark_proxy,proxy
2024-10-31,H_DBMF,H_DBMF,Managed Futures ETF Proxy,etf,long,8.7816,8.7816,8.7816,8.7816,etf,0.013698689969955729,0.013698689969955729,0.013698689969955729,Hedge Funds / Absolute Return,Managed Futures,Multi-Strategy,Managed Futures,Global / Multi-region,Non-classifiable,Liquid,DBMF,benchmark_proxy,proxy
2024-10-31,H_EEM,H_EEM,iShares MSCI Emerging Markets ETF,etf,long,5.6684,5.6684,5.6684,5.6684,etf,0.008842312816081017,0.008842312816081017,0.008842312816081017,Global Public Equities,Emerging Markets Core,Multi-Sector / Diversified,EM Equity ETF,Global / Multi-region,All Cap,Liquid,EEM,lookthrough,lookthrough
2024-10-31,H_EMB,H_EMB,iShares Emerging Markets Bond ETF,etf,long,7.2933,7.2933,7.2933,7.2933,etf,0.011377044679543378,0.011377044679543378,0.011377044679543378,Fixed Income & Liquid Credit,EM Sovereign / Credit,Fixed Income / Credit,EM Debt,Global / Multi-region,Non-classifiable,Liquid,EMB,benchmark_proxy,proxy
2024-10-31,H_ES_SHORT,H_ES_SHORT,S&P 500 Overlay Short Future,future,short,2.3423,-14.053799999999999,14.053799999999999,-14.053799999999999,signed_notional,0.003653826354722067,0.021922958128332403,-0.021922958128332403,Global Public Equities,Equity Index Overlay,Multi-Sector / Diversified,Equity Index Future,North America,Multi Cap,Liquid,SPY,underlying_proxy,proxy
2024-10-31,H_EWJ,H_EWJ,iShares MSCI Japan ETF,etf,long,5.7106,5.7106,5.7106,5.7106,etf,0.008908141903802177,0.008908141903802177,0.008908141903802177,Global Public Equities,Japan Equities,Multi-Sector / Diversified,Japan Equity ETF,Japan,Large Cap,Liquid,EWJ,lookthrough,lookthrough
2024-10-31,H_EWS,H_EWS,iShares MSCI Singapore ETF,etf,long,2.4162,2.4162,2.4162,2.4162,etf,0.0037691052547835285,0.0037691052547835285,0.0037691052547835285,Global Public Equities,Southeast Asia Equities,Multi-Sector / Diversified,Southeast Asia Equity ETF,Southeast Asia,Large Cap,Liquid,EWS,lookthrough,lookthrough
2024-10-31,H_EWY,H_EWY,iShares MSCI South Korea ETF,etf,long,4.0781,4.0781,4.0781,4.0781,etf,0.006361554564826052,0.006361554564826052,0.006361554564826052,Global Public Equities,Korea Equities,Multi-Sector / Diversified,Korea Equity ETF,Korea,Large Cap,Liquid,EWY,lookthrough,lookthrough
2024-10-31,H_GLD,H_GLD,SPDR Gold Shares,etf,long,8.5081,8.5081,8.5081,8.5081,etf,0.013272048844559119,0.013272048844559119,0.013272048844559119,Hedge Funds / Absolute Return,Gold / Defensive,Commodities / Precious Metals,Gold,Global / Multi-region,Non-classifiable,Liquid,GLD,benchmark_proxy,proxy
2024-10-31,H_GMACRO,H_GMACRO,Global Macro Hedge Fund Sleeve,fund,long,15.8069,15.8069,15.8069,15.8069,fund,0.024657673144540086,0.024657673144540086,0.024657673144540086,Hedge Funds / Absolute Return,Global Macro,Multi-Strategy,Global Macro,Global / Multi-region,Non-classifiable,Semi-Liquid,GMACRO,mandate_proxy,proxy
2024-10-31,H_GOOGL,H_GOOGL,Alphabet Class A,equity,long,7.0269,7.0269,7.0269,7.0269,equity,0.010961479064166202,0.010961479064166202,0.010961479064166202,Global Public Equities,US Mega-cap Technology,Communication Services,Interactive Media,North America,Mega Cap,Liquid,GOOGL,direct,direct
2024-10-31,H_HSI_FUT,H_HSI_FUT,Hang Seng Index Tactical Long Future,future,long,2.0485,7.374600000000001,7.374600000000001,7.374600000000001,signed_notional,0.003195518630255798,0.011503867068920873,0.011503867068920873,Global Public Equities,Greater China Tactical Overlay,Multi-Sector / Diversified,Equity Index Future,Greater China,Large Cap,Liquid,2800.HK,underlying_proxy,proxy
2024-10-31,H_HSTECH,H_HSTECH,Hang Seng TECH ETF-style Exposure,etf,long,8.194,8.194,8.194,8.194,etf,0.012782074521023193,0.012782074521023193,0.012782074521023193,Global Public Equities,Hong Kong / China Technology,Information Technology,Technology ETF,Greater China,Large Cap,Liquid,3067.HK,lookthrough,lookthrough
2024-10-31,H_HYG,H_HYG,iShares High Yield Corporate Bond ETF,etf,long,8.205,8.205,8.205,8.205,etf,0.012799233761898374,0.012799233761898374,0.012799233761898374,Fixed Income & Liquid Credit,High Yield Credit,Fixed Income / Credit,High Yield Credit,North America,Non-classifiable,Liquid,HYG,benchmark_proxy,proxy
2024-10-31,H_IGIB,H_IGIB,iShares 5-10 Year Investment Grade Corporate Bond ETF,etf,long,10.94,10.94,10.94,10.94,etf,0.017065645015864498,0.017065645015864498,0.017065645015864498,Fixed Income & Liquid Credit,Investment Grade Credit,Fixed Income / Credit,Investment Grade Credit,North America,Non-classifiable,Liquid,IGIB,benchmark_proxy,proxy
2024-10-31,H_INDA,H_INDA,iShares MSCI India ETF,etf,long,5.2675,5.2675,5.2675,5.2675,etf,0.008216936482730005,0.008216936482730005,0.008216936482730005,Global Public Equities,India Equities,Multi-Sector / Diversified,India Equity ETF,India,All Cap,Liquid,INDA,lookthrough,lookthrough
2024-10-31,H_JD,H_JD,JD.com ADR,equity,long,4.097,4.097,4.097,4.097,equity,0.006391037260511596,0.006391037260511596,0.006391037260511596,Global Public Equities,China E-commerce ADR,Consumer Discretionary,Broadline Retail,Greater China,Large Cap,Liquid,JD,direct,direct
2024-10-31,H_LQD,H_LQD,iShares Investment Grade Corporate Bond ETF,etf,long,7.2933,7.2933,7.2933,7.2933,etf,0.011377044679543378,0.011377044679543378,0.011377044679543378,Fixed Income & Liquid Credit,Investment Grade Credit,Fixed Income / Credit,Investment Grade Credit,North America,Non-classifiable,Liquid,LQD,benchmark_proxy,proxy
2024-10-31,H_MKTNEUT,H_MKTNEUT,Equity Market Neutral Fund Sleeve,fund,long,14.0506,14.0506,14.0506,14.0506,fund,0.021917966349168712,0.021917966349168712,0.021917966349168712,Hedge Funds / Absolute Return,Equity Market Neutral,Multi-Strategy,Equity Market Neutral,Global / Multi-region,Non-classifiable,Semi-Liquid,MKTNEUT,mandate_proxy,proxy
2024-10-31,H_MSFT,H_MSFT,Microsoft,equity,long,7.8077,7.8077,7.8077,7.8077,equity,0.012179473180106513,0.012179473180106513,0.012179473180106513,Global Public Equities,US Mega-cap Technology,Information Technology,Software,North America,Mega Cap,Liquid,MSFT,direct,direct
2024-10-31,H_NQ_SHORT,H_NQ_SHORT,Nasdaq Overlay Short Future,future,short,1.5615,-9.369,9.369,-9.369,signed_notional,0.0024358322387817567,0.014614993432690538,-0.014614993432690538,Global Public Equities,Technology Overlay,Information Technology,Equity Index Future,North America,Mega Cap,Liquid,QQQ,underlying_proxy,proxy
2024-10-31,H_NVDA,H_NVDA,NVIDIA,equity,long,6.2461,6.2461,6.2461,6.2461,equity,0.009743484948225892,0.009743484948225892,0.009743484948225892,Global Public Equities,US Semiconductor Growth,Information Technology,Semiconductors,North America,Mega Cap,Liquid,NVDA,direct,direct
2024-10-31,H_PDD,H_PDD,PDD Holdings ADR,equity,long,4.9164,4.9164,4.9164,4.9164,equity,0.0076692447126139145,0.0076692447126139145,0.0076692447126139145,Global Public Equities,China Internet ADR,Consumer Discretionary,Broadline Retail,Greater China,Large Cap,Liquid,PDD,direct,direct
2024-10-31,H_PF_APAC_LOGISTICS,H_PF_APAC_LOGISTICS,APAC Logistics Real Estate Fund,private_fund,long,7.1286,7.1286,7.1286,7.1286,private_fund,0.011120124045712217,0.011120124045712217,0.011120124045712217,Real Estate,APAC Logistics,Industrial Real Estate,APAC Logistics,Japan,Non-classifiable,Illiquid,,mandate_proxy,proxy
2024-10-31,H_PF_APEX_SECONDARIES_II,H_PF_APEX_SECONDARIES_II,Apex Secondaries Fund II,private_fund,long,17.1097,17.1097,17.1097,17.1097,private_fund,0.026689951236557295,0.026689951236557295,0.026689951236557295,Private Equity,Secondaries,Diversified / Secondaries,Secondaries,Global / Multi-region,Non-classifiable,Illiquid,,mandate_proxy,proxy
2024-10-31,H_PF_ATLAS_COINV_I,H_PF_ATLAS_COINV_I,Atlas Co-Investment Fund I,private_fund,long,18.8207,18.8207,18.8207,18.8207,private_fund,0.029358993158142683,0.029358993158142683,0.029358993158142683,Private Equity,Co-investment,Business Services,Co-investment,North America,Non-classifiable,Illiquid,,mandate_proxy,proxy
2024-10-31,H_PF_BLUE_HORIZON_III,H_PF_BLUE_HORIZON_III,Blue Horizon Ventures III,private_fund,long,15.0124,15.0124,15.0124,15.0124,private_fund,0.023418307974055228,0.023418307974055228,0.023418307974055228,Venture Capital / Growth,US Technology VC,Information Technology,US Technology VC,North America,Non-classifiable,Illiquid,,mandate_proxy,proxy
2024-10-31,H_PF_CLIMATE_ALPHA,H_PF_CLIMATE_ALPHA,Climate Alpha Fund,private_fund,long,12.5103,12.5103,12.5103,12.5103,private_fund,0.019515204647346403,0.019515204647346403,0.019515204647346403,Venture Capital / Growth,Climate Technology,Climate / Industrials,Climate Technology,Global / Multi-region,Non-classifiable,Illiquid,,mandate_proxy,proxy
2024-10-31,H_PF_COVE_SPECIALTY_FIN,H_PF_COVE_SPECIALTY_FIN,Cove Specialty Finance Fund,private_fund,long,12.4302,12.4302,12.4302,12.4302,private_fund,0.019390254175155292,0.019390254175155292,0.019390254175155292,Private Credit,Specialty Finance,Financials,Specialty Finance,North America,Non-classifiable,Illiquid,,mandate_proxy,proxy
2024-10-31,H_PF_CRESCENT_DIRECT_LEND,H_PF_CRESCENT_DIRECT_LEND,Crescent Direct Lending Fund,private_fund,long,17.7575,17.7575,17.7575,17.7575,private_fund,0.027700474531006748,0.027700474531006748,0.027700474531006748,Private Credit,Senior Direct Lending,Diversified Credit,Senior Direct Lending,North America,Non-classifiable,Illiquid,,mandate_proxy,proxy
2024-10-31,H_PF_DIGITAL_INFRA,H_PF_DIGITAL_INFRA,Horizon Digital Infrastructure Fund,private_fund,long,7.1151,7.1151,7.1151,7.1151,private_fund,0.011099064977365401,0.011099064977365401,0.011099064977365401,Infrastructure,Digital Infrastructure,Diversified,Digital Infrastructure,Global / Multi-region,Non-classifiable,Illiquid,,mandate_proxy,proxy
2024-10-31,H_PF_DRAGONBRIDGE,H_PF_DRAGONBRIDGE,DragonBridge Greater China Fund,private_fund,long,23.9536,23.9536,23.9536,23.9536,private_fund,0.03736596292979999,0.03736596292979999,0.03736596292979999,Private Equity,Asia Buyout / Greater China,Consumer / Industrials,Asia Buyout / Greater China,Greater China,Non-classifiable,Illiquid,,mandate_proxy,proxy
2024-10-31,H_PF_GLOBAL_GROWTH_II,H_PF_GLOBAL_GROWTH_II,Redwood Growth Fund II,private_fund,long,16.6804,16.6804,16.6804,16.6804,private_fund,0.026020272863128534,0.026020272863128534,0.026020272863128534,Venture Capital / Growth,Global Growth Equity,Information Technology / Consumer,Global Growth Equity,Global / Multi-region,Non-classifiable,Illiquid,,mandate_proxy,proxy
2024-10-31,H_PF_HARBOR_PEAK_V,H_PF_HARBOR_PEAK_V,Harbor Peak Partners V,private_fund,long,25.6646,25.6646,25.6646,25.6646,private_fund,0.04003500485138538,0.04003500485138538,0.04003500485138538,Private Equity,Secondaries,Diversified / Secondaries,Secondaries,Global / Multi-region,Non-classifiable,Illiquid,,mandate_proxy,proxy
2024-10-31,H_PF_HARBOUR_CORE_RE,H_PF_HARBOUR_CORE_RE,Harbour Core Real Estate Fund,private_fund,long,17.8215,17.8215,17.8215,17.8215,private_fund,0.027800310114280545,0.027800310114280545,0.027800310114280545,Real Estate,Core Real Estate,Real Estate,Core Real Estate,Global / Multi-region,Non-classifiable,Illiquid,,mandate_proxy,proxy
2024-10-31,H_PF_HOME_MULTIFAMILY,H_PF_HOME_MULTIFAMILY,HomeStone Multifamily Fund,private_fund,long,10.6929,10.6929,10.6929,10.6929,private_fund,0.016680186068568328,0.016680186068568328,0.016680186068568328,Real Estate,US Multifamily,Residential Real Estate,US Multifamily,North America,Non-classifiable,Illiquid,,mandate_proxy,proxy
2024-10-31,H_PF_INDIA_DIGITAL,H_PF_INDIA_DIGITAL,Indigo India Digital Growth Fund,private_fund,long,10.0083,10.0083,10.0083,10.0083,private_fund,0.01561225731373644,0.01561225731373644,0.01561225731373644,Venture Capital / Growth,India Digital Growth,Information Technology,India Digital Growth,India,Non-classifiable,Illiquid,,mandate_proxy,proxy
2024-10-31,H_PF_INFRA_CORE,H_PF_INFRA_CORE,Evergreen Core Infrastructure Fund,private_fund,long,10.6726,10.6726,10.6726,10.6726,private_fund,0.01664851946949867,0.01664851946949867,0.01664851946949867,Infrastructure,Core Infrastructure,Infrastructure,Core Infrastructure,Global / Multi-region,Non-classifiable,Illiquid,,mandate_proxy,proxy
2024-10-31,H_PF_LIONROCK_CREDIT,H_PF_LIONROCK_CREDIT,LionRock Asia Private Credit Fund,private_fund,long,14.6499,14.6499,14.6499,14.6499,private_fund,0.022852832990668495,0.022852832990668495,0.022852832990668495,Private Credit,Asia Private Credit,Diversified Credit,Asia Private Credit,Southeast Asia,Non-classifiable,Illiquid,,mandate_proxy,proxy
2024-10-31,H_PF_METRO_LOGISTICS,H_PF_METRO_LOGISTICS,Metro Logistics Fund,private_fund,long,11.1384,11.1384,11.1384,11.1384,private_fund,0.017375135324013267,0.017375135324013267,0.017375135324013267,Real Estate,Logistics Real Estate,Industrial Real Estate,Logistics Real Estate,Southeast Asia,Non-classifiable,Illiquid,,mandate_proxy,proxy
2024-10-31,H_PF_NORTHSTAR_IV,H_PF_NORTHSTAR_IV,Northstar Buyout Fund IV,private_fund,long,29.942,29.942,29.942,29.942,private_fund,0.04670745366224999,0.04670745366224999,0.04670745366224999,Private Equity,Buyout,Industrials,Buyout,North America,Non-classifiable,Illiquid,,mandate_proxy,proxy
2024-10-31,H_PF_RENEWABLES_II,H_PF_RENEWABLES_II,SolarBridge Renewables Fund II,private_fund,long,8.8939,8.8939,8.8939,8.8939,private_fund,0.013873870219981469,0.013873870219981469,0.013873870219981469,Infrastructure,Renewables,Utilities / Infrastructure,Renewables,Global / Multi-region,Non-classifiable,Illiquid,,mandate_proxy,proxy
2024-10-31,H_PF_SEEDSPRING_I,H_PF_SEEDSPRING_I,SeedSpring Southeast Asia VC Fund I,private_fund,long,8.3402,8.3402,8.3402,8.3402,private_fund,0.013010136431564267,0.013010136431564267,0.013010136431564267,Venture Capital / Growth,Southeast Asia VC,Information Technology / Consumer,Southeast Asia VC,Southeast Asia,Non-classifiable,Illiquid,,mandate_proxy,proxy
2024-10-31,H_PF_SPRING_OPP_CREDIT,H_PF_SPRING_OPP_CREDIT,Spring Point Opportunistic Credit Fund,private_fund,long,15.0938,15.0938,15.0938,15.0938,private_fund,0.023545286356531588,0.023545286356531588,0.023545286356531588,Private Credit,Opportunistic Credit,Special Situations Credit,Opportunistic Credit,Global / Multi-region,Non-classifiable,Illiquid,,mandate_proxy,proxy
2024-10-31,H_QAI,H_QAI,Multi-Strategy Liquid Alternatives ETF Proxy,etf,long,6.1471,6.1471,6.1471,6.1471,etf,0.009589051780349238,0.009589051780349238,0.009589051780349238,Hedge Funds / Absolute Return,Multi-Strategy Absolute Return,Multi-Strategy,Absolute Return,Global / Multi-region,Non-classifiable,Liquid,QAI,benchmark_proxy,proxy
2024-10-31,H_QQQ,H_QQQ,Invesco QQQ Trust,etf,long,18.7384,18.7384,18.7384,18.7384,etf,0.029230610837776536,0.029230610837776536,0.029230610837776536,Global Public Equities,US Technology / Growth,Information Technology,Growth / Technology ETF,North America,Mega Cap,Liquid,QQQ,lookthrough,lookthrough
2024-10-31,H_SPY,H_SPY,SPDR S&P 500 ETF,etf,long,31.2306,31.230599999999995,31.230599999999995,31.230599999999995,etf,0.04871758073422832,0.048717580734228313,0.048717580734228313,Global Public Equities,US Large Cap Core,Multi-Sector / Diversified,Broad Market ETF,North America,Multi Cap,Liquid,SPY,lookthrough,lookthrough
2024-10-31,H_SPY_PUT,H_SPY_PUT,S&P 500 Protective Put Overlay,listed_option,long,1.5615,-6.246,9.369,-6.246,delta_adjusted_exposure,0.0024358322387817567,0.014614993432690538,-0.009743328955127027,Global Public Equities,Options Overlay,Multi-Sector / Diversified,Equity Index Option,North America,Multi Cap,Liquid,SPY,underlying_proxy,proxy
2024-10-31,H_TLT,H_TLT,iShares 20+ Year Treasury Bond ETF,etf,long,12.7633,12.7633,12.7633,12.7633,etf,0.019909867187475627,0.019909867187475627,0.019909867187475627,Fixed Income & Liquid Credit,Long Duration Treasuries,Fixed Income / Sovereign,Government Bonds,North America,Non-classifiable,Liquid,TLT,benchmark_proxy,proxy
2024-10-31,H_VNQ,H_VNQ,US Listed REIT ETF Proxy,etf,long,5.269,5.269,5.269,5.269,etf,0.008219276379212985,0.008219276379212985,0.008219276379212985,Hedge Funds / Absolute Return,Listed Real Estate,Real Estate,REITs,North America,Mid Cap,Liquid,VNQ,lookthrough,lookthrough
2024-11-30,H_2800HK,H_2800HK,Tracker Fund of Hong Kong ETF,etf,long,10.2554,10.2554,10.2554,10.2554,etf,0.01568388635674395,0.01568388635674395,0.01568388635674395,Global Public Equities,Hong Kong Broad Market,Multi-Sector / Diversified,Hong Kong Equity ETF,Greater China,Large Cap,Liquid,2800.HK,lookthrough,lookthrough
2024-11-30,H_ACWI,H_ACWI,iShares MSCI ACWI ETF,etf,long,16.6516,16.6516,16.6516,16.6516,etf,0.025465784080382782,0.025465784080382782,0.025465784080382782,Global Public Equities,Global Equity Core,Multi-Sector / Diversified,Broad Market ETF,Global / Multi-region,Multi Cap,Liquid,ACWI,lookthrough,lookthrough
2024-11-30,H_AGG,H_AGG,iShares Core US Aggregate Bond ETF,etf,long,22.2054,22.2054,22.2054,22.2054,etf,0.03395937458373561,0.03395937458373561,0.03395937458373561,Fixed Income & Liquid Credit,US Aggregate Bonds,Fixed Income / Credit,Aggregate Bonds,North America,Non-classifiable,Liquid,AGG,benchmark_proxy,proxy
2024-11-30,H_BABA,H_BABA,Alibaba ADR,equity,long,5.9823,5.9823,5.9823,5.9823,equity,0.009148908219274662,0.009148908219274662,0.009148908219274662,Global Public Equities,China Internet ADR,Consumer Discretionary,Broadline Retail,Greater China,Large Cap,Liquid,BABA,direct,direct
2024-11-30,H_BIL,H_BIL,SPDR 1-3 Month T-Bill ETF,etf,long,7.4018,7.4018,7.4018,7.4018,etf,0.01131979152791187,0.01131979152791187,0.01131979152791187,Fixed Income & Liquid Credit,Treasury Bills,Fixed Income / Sovereign,Treasury Bills,North America,Non-classifiable,Liquid,BIL,benchmark_proxy,proxy
2024-11-30,H_BRKB,H_BRKB,Berkshire Hathaway Class B,equity,long,9.665,9.665,9.665,9.665,equity,0.014780970185261451,0.014780970185261451,0.014780970185261451,Global Public Equities,US Quality Compounder,Financials,Multi-Sector Holdings,North America,Mega Cap,Liquid,BRK.B,direct,direct
2024-11-30,H_CASH_HKD,H_CASH_HKD,HKD Working Capital,cash,long,2.3285,2.3285,2.3285,2.3285,cash,0.003561043877535571,0.003561043877535571,0.003561043877535571,Cash & Liquidity,Cash Accounts,Cash,Cash,Global / Multi-region,Non-classifiable,Cash,,direct,direct
2024-11-30,H_CASH_JPY,H_CASH_JPY,JPY Treasury Buffer,cash,long,1.5523,1.5523,1.5523,1.5523,cash,0.0023739782740384227,0.0023739782740384227,0.0023739782740384227,Cash & Liquidity,Cash Accounts,Cash,Cash,Global / Multi-region,Non-classifiable,Cash,,direct,direct
2024-11-30,H_CASH_OPS_USD,H_CASH_OPS_USD,USD Operating Cash,cash,long,11.6424,11.6424,11.6424,11.6424,cash,0.01780506645472198,0.01780506645472198,0.01780506645472198,Cash & Liquidity,Cash Accounts,Cash,Cash,Global / Multi-region,Non-classifiable,Cash,,direct,direct
2024-11-30,H_CASH_RESERVE_USD,H_CASH_RESERVE_USD,USD Liquidity Reserve,cash,long,4.3659,4.3659,4.3659,4.3659,cash,0.006676899920520743,0.006676899920520743,0.006676899920520743,Cash & Liquidity,Cash Accounts,Cash,Cash,Global / Multi-region,Non-classifiable,Cash,,direct,direct
2024-11-30,H_CASH_SGD,H_CASH_SGD,SGD Near-Term Reserve,cash,long,1.9404,1.9404,1.9404,1.9404,cash,0.0029675110757869964,0.0029675110757869964,0.0029675110757869964,Cash & Liquidity,Cash Accounts,Cash,Cash,Global / Multi-region,Non-classifiable,Cash,,direct,direct
2024-11-30,H_CNYA,H_CNYA,iShares MSCI China A ETF,etf,long,6.8369,6.8369,6.8369,6.8369,etf,0.010455873260177344,0.010455873260177344,0.010455873260177344,Global Public Equities,China A-Shares,Multi-Sector / Diversified,China A-Shares ETF,Greater China,All Cap,Liquid,CNYA,lookthrough,lookthrough
2024-11-30,H_DBC,H_DBC,Broad Commodities ETF Proxy,etf,long,7.1784,7.1784,7.1784,7.1784,etf,0.010978139304488444,0.010978139304488444,0.010978139304488444,Hedge Funds / Absolute Return,Commodities,Commodities,Broad Commodities,Global / Multi-region,Non-classifiable,Liquid,DBC,benchmark_proxy,proxy
2024-11-30,H_DBMF,H_DBMF,Managed Futures ETF Proxy,etf,long,8.9731,8.9731,8.9731,8.9731,etf,0.013722827063566432,0.013722827063566432,0.013722827063566432,Hedge Funds / Absolute Return,Managed Futures,Multi-Strategy,Managed Futures,Global / Multi-region,Non-classifiable,Liquid,DBMF,benchmark_proxy,proxy
2024-11-30,H_EEM,H_EEM,iShares MSCI Emerging Markets ETF,etf,long,5.8281,5.8281,5.8281,5.8281,etf,0.008913085601316324,0.008913085601316324,0.008913085601316324,Global Public Equities,Emerging Markets Core,Multi-Sector / Diversified,EM Equity ETF,Global / Multi-region,All Cap,Liquid,EEM,lookthrough,lookthrough
2024-11-30,H_EMB,H_EMB,iShares Emerging Markets Bond ETF,etf,long,7.4018,7.4018,7.4018,7.4018,etf,0.01131979152791187,0.01131979152791187,0.01131979152791187,Fixed Income & Liquid Credit,EM Sovereign / Credit,Fixed Income / Credit,EM Debt,Global / Multi-region,Non-classifiable,Liquid,EMB,benchmark_proxy,proxy
2024-11-30,H_ES_SHORT,H_ES_SHORT,S&P 500 Overlay Short Future,future,short,2.4163,-14.4978,14.4978,-14.4978,signed_notional,0.0036953190127933006,0.022171914076759804,-0.022171914076759804,Global Public Equities,Equity Index Overlay,Multi-Sector / Diversified,Equity Index Future,North America,Multi Cap,Liquid,SPY,underlying_proxy,proxy
2024-11-30,H_EWJ,H_EWJ,iShares MSCI Japan ETF,etf,long,5.8794,5.8794,5.8794,5.8794,etf,0.008991540207679895,0.008991540207679895,0.008991540207679895,Global Public Equities,Japan Equities,Multi-Sector / Diversified,Japan Equity ETF,Japan,Large Cap,Liquid,EWJ,lookthrough,lookthrough
2024-11-30,H_EWS,H_EWS,iShares MSCI Singapore ETF,etf,long,2.4997,2.4997,2.4997,2.4997,etf,0.003822865097992556,0.003822865097992556,0.003822865097992556,Global Public Equities,Southeast Asia Equities,Multi-Sector / Diversified,Southeast Asia Equity ETF,Southeast Asia,Large Cap,Liquid,EWS,lookthrough,lookthrough
2024-11-30,H_EWY,H_EWY,iShares MSCI South Korea ETF,etf,long,4.2189,4.2189,4.2189,4.2189,etf,0.006452088475385364,0.006452088475385364,0.006452088475385364,Global Public Equities,Korea Equities,Multi-Sector / Diversified,Korea Equity ETF,Korea,Large Cap,Liquid,EWY,lookthrough,lookthrough
2024-11-30,H_GLD,H_GLD,SPDR Gold Shares,etf,long,8.721,8.721,8.721,8.721,etf,0.013337283081807049,0.013337283081807049,0.013337283081807049,Hedge Funds / Absolute Return,Gold / Defensive,Commodities / Precious Metals,Gold,Global / Multi-region,Non-classifiable,Liquid,GLD,benchmark_proxy,proxy
2024-11-30,H_GMACRO,H_GMACRO,Global Macro Hedge Fund Sleeve,fund,long,16.1515,16.1515,16.1515,16.1515,fund,0.024700966368054873,0.024700966368054873,0.024700966368054873,Hedge Funds / Absolute Return,Global Macro,Multi-Strategy,Global Macro,Global / Multi-region,Non-classifiable,Semi-Liquid,GMACRO,mandate_proxy,proxy
2024-11-30,H_GOOGL,H_GOOGL,Alphabet Class A,equity,long,7.2488,7.2488,7.2488,7.2488,equity,0.011085804105424027,0.011085804105424027,0.011085804105424027,Global Public Equities,US Mega-cap Technology,Communication Services,Interactive Media,North America,Mega Cap,Liquid,GOOGL,direct,direct
2024-11-30,H_HSI_FUT,H_HSI_FUT,Hang Seng Index Tactical Long Future,future,long,2.1365,7.691399999999999,7.691399999999999,7.691399999999999,signed_notional,0.003267412602256709,0.011762685368124151,0.011762685368124151,Global Public Equities,Greater China Tactical Overlay,Multi-Sector / Diversified,Equity Index Future,Greater China,Large Cap,Liquid,2800.HK,underlying_proxy,proxy
2024-11-30,H_HSTECH,H_HSTECH,Hang Seng TECH ETF-style Exposure,etf,long,8.5461,8.5461,8.5461,8.5461,etf,0.013069803341982711,0.013069803341982711,0.013069803341982711,Global Public Equities,Hong Kong / China Technology,Information Technology,Technology ETF,Greater China,Large Cap,Liquid,3067.HK,lookthrough,lookthrough
2024-11-30,H_HYG,H_HYG,iShares High Yield Corporate Bond ETF,etf,long,8.327,8.327,8.327,8.327,etf,0.012734727235661885,0.012734727235661885,0.012734727235661885,Fixed Income & Liquid Credit,High Yield Credit,Fixed Income / Credit,High Yield Credit,North America,Non-classifiable,Liquid,HYG,benchmark_proxy,proxy
2024-11-30,H_IGIB,H_IGIB,iShares 5-10 Year Investment Grade Corporate Bond ETF,etf,long,11.1027,11.1027,11.1027,11.1027,etf,0.016979687291867804,0.016979687291867804,0.016979687291867804,Fixed Income & Liquid Credit,Investment Grade Credit,Fixed Income / Credit,Investment Grade Credit,North America,Non-classifiable,Liquid,IGIB,benchmark_proxy,proxy
2024-11-30,H_INDA,H_INDA,iShares MSCI India ETF,etf,long,5.4738,5.4738,5.4738,5.4738,etf,0.008371244138653299,0.008371244138653299,0.008371244138653299,Global Public Equities,India Equities,Multi-Sector / Diversified,India Equity ETF,India,All Cap,Liquid,INDA,lookthrough,lookthrough
2024-11-30,H_JD,H_JD,JD.com ADR,equity,long,4.2731,4.2731,4.2731,4.2731,equity,0.006534978137469293,0.006534978137469293,0.006534978137469293,Global Public Equities,China E-commerce ADR,Consumer Discretionary,Broadline Retail,Greater China,Large Cap,Liquid,JD,direct,direct
2024-11-30,H_LQD,H_LQD,iShares Investment Grade Corporate Bond ETF,etf,long,7.4018,7.4018,7.4018,7.4018,etf,0.01131979152791187,0.01131979152791187,0.01131979152791187,Fixed Income & Liquid Credit,Investment Grade Credit,Fixed Income / Credit,Investment Grade Credit,North America,Non-classifiable,Liquid,LQD,benchmark_proxy,proxy
2024-11-30,H_MKTNEUT,H_MKTNEUT,Equity Market Neutral Fund Sleeve,fund,long,14.3569,14.3569,14.3569,14.3569,fund,0.02195643154193276,0.02195643154193276,0.02195643154193276,Hedge Funds / Absolute Return,Equity Market Neutral,Multi-Strategy,Equity Market Neutral,Global / Multi-region,Non-classifiable,Semi-Liquid,MKTNEUT,mandate_proxy,proxy
2024-11-30,H_MSFT,H_MSFT,Microsoft,equity,long,8.0542,8.0542,8.0542,8.0542,equity,0.012317526132036502,0.012317526132036502,0.012317526132036502,Global Public Equities,US Mega-cap Technology,Information Technology,Software,North America,Mega Cap,Liquid,MSFT,direct,direct
2024-11-30,H_NQ_SHORT,H_NQ_SHORT,Nasdaq Overlay Short Future,future,short,1.6108,-9.6648,9.6648,-9.6648,signed_notional,0.002463444053224951,0.014780664319349704,-0.014780664319349704,Global Public Equities,Technology Overlay,Information Technology,Equity Index Future,North America,Mega Cap,Liquid,QQQ,underlying_proxy,proxy
2024-11-30,H_NVDA,H_NVDA,NVIDIA,equity,long,6.4433,6.4433,6.4433,6.4433,equity,0.009853929145855677,0.009853929145855677,0.009853929145855677,Global Public Equities,US Semiconductor Growth,Information Technology,Semiconductors,North America,Mega Cap,Liquid,NVDA,direct,direct
2024-11-30,H_PDD,H_PDD,PDD Holdings ADR,equity,long,5.1277,5.1277,5.1277,5.1277,equity,0.007841943178371976,0.007841943178371976,0.007841943178371976,Global Public Equities,China Internet ADR,Consumer Discretionary,Broadline Retail,Greater China,Large Cap,Liquid,PDD,direct,direct
2024-11-30,H_PF_APAC_LOGISTICS,H_PF_APAC_LOGISTICS,APAC Logistics Real Estate Fund,private_fund,long,7.2189,7.2189,7.2189,7.2189,private_fund,0.011040077151617578,0.011040077151617578,0.011040077151617578,Real Estate,APAC Logistics,Industrial Real Estate,APAC Logistics,Japan,Non-classifiable,Illiquid,,mandate_proxy,proxy
2024-11-30,H_PF_APEX_SECONDARIES_II,H_PF_APEX_SECONDARIES_II,Apex Secondaries Fund II,private_fund,long,17.3525,17.3525,17.3525,17.3525,private_fund,0.026537691168106503,0.026537691168106503,0.026537691168106503,Private Equity,Secondaries,Diversified / Secondaries,Secondaries,Global / Multi-region,Non-classifiable,Illiquid,,mandate_proxy,proxy
2024-11-30,H_PF_ATLAS_COINV_I,H_PF_ATLAS_COINV_I,Atlas Co-Investment Fund I,private_fund,long,19.0878,19.0878,19.0878,19.0878,private_fund,0.029191536751395096,0.029191536751395096,0.029191536751395096,Private Equity,Co-investment,Business Services,Co-investment,North America,Non-classifiable,Illiquid,,mandate_proxy,proxy
2024-11-30,H_PF_BLUE_HORIZON_III,H_PF_BLUE_HORIZON_III,Blue Horizon Ventures III,private_fund,long,15.3147,15.3147,15.3147,15.3147,private_fund,0.023421223393297837,0.023421223393297837,0.023421223393297837,Venture Capital / Growth,US Technology VC,Information Technology,US Technology VC,North America,Non-classifiable,Illiquid,,mandate_proxy,proxy
2024-11-30,H_PF_CLIMATE_ALPHA,H_PF_CLIMATE_ALPHA,Climate Alpha Fund,private_fund,long,12.7623,12.7623,12.7623,12.7623,private_fund,0.019517762627559467,0.019517762627559467,0.019517762627559467,Venture Capital / Growth,Climate Technology,Climate / Industrials,Climate Technology,Global / Multi-region,Non-classifiable,Illiquid,,mandate_proxy,proxy
2024-11-30,H_PF_COVE_SPECIALTY_FIN,H_PF_COVE_SPECIALTY_FIN,Cove Specialty Finance Fund,private_fund,long,12.5674,12.5674,12.5674,12.5674,private_fund,0.019219696296560247,0.019219696296560247,0.019219696296560247,Private Credit,Specialty Finance,Financials,Specialty Finance,North America,Non-classifiable,Illiquid,,mandate_proxy,proxy
2024-11-30,H_PF_CRESCENT_DIRECT_LEND,H_PF_CRESCENT_DIRECT_LEND,Crescent Direct Lending Fund,private_fund,long,17.9535,17.9535,17.9535,17.9535,private_fund,0.027456818232911687,0.027456818232911687,0.027456818232911687,Private Credit,Senior Direct Lending,Diversified Credit,Senior Direct Lending,North America,Non-classifiable,Illiquid,,mandate_proxy,proxy
2024-11-30,H_PF_DIGITAL_INFRA,H_PF_DIGITAL_INFRA,Horizon Digital Infrastructure Fund,private_fund,long,7.1997,7.1997,7.1997,7.1997,private_fund,0.011010714024089693,0.011010714024089693,0.011010714024089693,Infrastructure,Digital Infrastructure,Diversified,Digital Infrastructure,Global / Multi-region,Non-classifiable,Illiquid,,mandate_proxy,proxy
2024-11-30,H_PF_DRAGONBRIDGE,H_PF_DRAGONBRIDGE,DragonBridge Greater China Fund,private_fund,long,24.2935,24.2935,24.2935,24.2935,private_fund,0.03715276763534911,0.03715276763534911,0.03715276763534911,Private Equity,Asia Buyout / Greater China,Consumer / Industrials,Asia Buyout / Greater China,Greater China,Non-classifiable,Illiquid,,mandate_proxy,proxy
2024-11-30,H_PF_GLOBAL_GROWTH_II,H_PF_GLOBAL_GROWTH_II,Redwood Growth Fund II,private_fund,long,17.0164,17.0164,17.0164,17.0164,private_fund,0.026023683503412623,0.026023683503412623,0.026023683503412623,Venture Capital / Growth,Global Growth Equity,Information Technology / Consumer,Global Growth Equity,Global / Multi-region,Non-classifiable,Illiquid,,mandate_proxy,proxy
2024-11-30,H_PF_HARBOR_PEAK_V,H_PF_HARBOR_PEAK_V,Harbor Peak Partners V,private_fund,long,26.0288,26.0288,26.0288,26.0288,private_fund,0.039806613218637696,0.039806613218637696,0.039806613218637696,Private Equity,Secondaries,Diversified / Secondaries,Secondaries,Global / Multi-region,Non-classifiable,Illiquid,,mandate_proxy,proxy
2024-11-30,H_PF_HARBOUR_CORE_RE,H_PF_HARBOUR_CORE_RE,Harbour Core Real Estate Fund,private_fund,long,18.0473,18.0473,18.0473,18.0473,private_fund,0.027600269345521886,0.027600269345521886,0.027600269345521886,Real Estate,Core Real Estate,Real Estate,Core Real Estate,Global / Multi-region,Non-classifiable,Illiquid,,mandate_proxy,proxy
2024-11-30,H_PF_HOME_MULTIFAMILY,H_PF_HOME_MULTIFAMILY,HomeStone Multifamily Fund,private_fund,long,10.8284,10.8284,10.8284,10.8284,private_fund,0.016560192193904307,0.016560192193904307,0.016560192193904307,Real Estate,US Multifamily,Residential Real Estate,US Multifamily,North America,Non-classifiable,Illiquid,,mandate_proxy,proxy
2024-11-30,H_PF_INDIA_DIGITAL,H_PF_INDIA_DIGITAL,Indigo India Digital Growth Fund,private_fund,long,10.2098,10.2098,10.2098,10.2098,private_fund,0.015614148928865222,0.015614148928865222,0.015614148928865222,Venture Capital / Growth,India Digital Growth,Information Technology,India Digital Growth,India,Non-classifiable,Illiquid,,mandate_proxy,proxy
2024-11-30,H_PF_INFRA_CORE,H_PF_INFRA_CORE,Evergreen Core Infrastructure Fund,private_fund,long,10.7996,10.7996,10.7996,10.7996,private_fund,0.016516147502612478,0.016516147502612478,0.016516147502612478,Infrastructure,Core Infrastructure,Infrastructure,Core Infrastructure,Global / Multi-region,Non-classifiable,Illiquid,,mandate_proxy,proxy
2024-11-30,H_PF_LIONROCK_CREDIT,H_PF_LIONROCK_CREDIT,LionRock Asia Private Credit Fund,private_fund,long,14.8116,14.8116,14.8116,14.8116,private_fund,0.022651817692293692,0.022651817692293692,0.022651817692293692,Private Credit,Asia Private Credit,Diversified Credit,Asia Private Credit,Southeast Asia,Non-classifiable,Illiquid,,mandate_proxy,proxy
2024-11-30,H_PF_METRO_LOGISTICS,H_PF_METRO_LOGISTICS,Metro Logistics Fund,private_fund,long,11.2795,11.2795,11.2795,11.2795,private_fund,0.017250072757853757,0.017250072757853757,0.017250072757853757,Real Estate,Logistics Real Estate,Industrial Real Estate,Logistics Real Estate,Southeast Asia,Non-classifiable,Illiquid,,mandate_proxy,proxy
2024-11-30,H_PF_NORTHSTAR_IV,H_PF_NORTHSTAR_IV,Northstar Buyout Fund IV,private_fund,long,30.3669,30.3669,30.3669,30.3669,private_fund,0.04644099777742535,0.04644099777742535,0.04644099777742535,Private Equity,Buyout,Industrials,Buyout,North America,Non-classifiable,Illiquid,,mandate_proxy,proxy
2024-11-30,H_PF_RENEWABLES_II,H_PF_RENEWABLES_II,SolarBridge Renewables Fund II,private_fund,long,8.9997,8.9997,8.9997,8.9997,private_fund,0.013763507229829023,0.013763507229829023,0.013763507229829023,Infrastructure,Renewables,Utilities / Infrastructure,Renewables,Global / Multi-region,Non-classifiable,Illiquid,,mandate_proxy,proxy
2024-11-30,H_PF_SEEDSPRING_I,H_PF_SEEDSPRING_I,SeedSpring Southeast Asia VC Fund I,private_fund,long,8.5082,8.5082,8.5082,8.5082,private_fund,0.013011841751706311,0.013011841751706311,0.013011841751706311,Venture Capital / Growth,Southeast Asia VC,Information Technology / Consumer,Southeast Asia VC,Southeast Asia,Non-classifiable,Illiquid,,mandate_proxy,proxy
2024-11-30,H_PF_SPRING_OPP_CREDIT,H_PF_SPRING_OPP_CREDIT,Spring Point Opportunistic Credit Fund,private_fund,long,15.2605,15.2605,15.2605,15.2605,private_fund,0.023338333731213908,0.023338333731213908,0.023338333731213908,Private Credit,Opportunistic Credit,Special Situations Credit,Opportunistic Credit,Global / Multi-region,Non-classifiable,Illiquid,,mandate_proxy,proxy
2024-11-30,H_QAI,H_QAI,Multi-Strategy Liquid Alternatives ETF Proxy,etf,long,6.2811,6.2811,6.2811,6.2811,etf,0.009605871891427389,0.009605871891427389,0.009605871891427389,Hedge Funds / Absolute Return,Multi-Strategy Absolute Return,Multi-Strategy,Absolute Return,Global / Multi-region,Non-classifiable,Liquid,QAI,benchmark_proxy,proxy
2024-11-30,H_QQQ,H_QQQ,Invesco QQQ Trust,etf,long,19.33,19.33,19.33,19.33,etf,0.029561940370522902,0.029561940370522902,0.029561940370522902,Global Public Equities,US Technology / Growth,Information Technology,Growth / Technology ETF,North America,Mega Cap,Liquid,QQQ,lookthrough,lookthrough
2024-11-30,H_SPY,H_SPY,SPDR S&P 500 ETF,etf,long,32.2167,32.2167,32.2167,32.2167,etf,0.04926995159519014,0.04926995159519014,0.04926995159519014,Global Public Equities,US Large Cap Core,Multi-Sector / Diversified,Broad Market ETF,North America,Multi Cap,Liquid,SPY,lookthrough,lookthrough
2024-11-30,H_SPY_PUT,H_SPY_PUT,S&P 500 Protective Put Overlay,listed_option,long,1.6108,-6.4432,9.6648,-6.4432,delta_adjusted_exposure,0.002463444053224951,0.014780664319349704,-0.009853776212899804,Global Public Equities,Options Overlay,Multi-Sector / Diversified,Equity Index Option,North America,Multi Cap,Liquid,SPY,underlying_proxy,proxy
2024-11-30,H_TLT,H_TLT,iShares 20+ Year Treasury Bond ETF,etf,long,12.9531,12.9531,12.9531,12.9531,etf,0.019809558707367836,0.019809558707367836,0.019809558707367836,Fixed Income & Liquid Credit,Long Duration Treasuries,Fixed Income / Sovereign,Government Bonds,North America,Non-classifiable,Liquid,TLT,benchmark_proxy,proxy
2024-11-30,H_VNQ,H_VNQ,US Listed REIT ETF Proxy,etf,long,5.3838,5.3838,5.3838,5.3838,etf,0.008233604478366333,0.008233604478366333,0.008233604478366333,Hedge Funds / Absolute Return,Listed Real Estate,Real Estate,REITs,North America,Mid Cap,Liquid,VNQ,lookthrough,lookthrough
2024-12-31,H_2800HK,H_2800HK,Tracker Fund of Hong Kong ETF,etf,long,10.6859,10.6859,10.6859,10.6859,etf,0.0160123460749006,0.0160123460749006,0.0160123460749006,Global Public Equities,Hong Kong Broad Market,Multi-Sector / Diversified,Hong Kong Equity ETF,Greater China,Large Cap,Liquid,2800.HK,lookthrough,lookthrough
2024-12-31,H_ACWI,H_ACWI,iShares MSCI ACWI ETF,etf,long,17.1343,17.1343,17.1343,17.1343,etf,0.0256749867911144,0.0256749867911144,0.0256749867911144,Global Public Equities,Global Equity Core,Multi-Sector / Diversified,Broad Market ETF,Global / Multi-region,Multi Cap,Liquid,ACWI,lookthrough,lookthrough
2024-12-31,H_AGG,H_AGG,iShares Core US Aggregate Bond ETF,etf,long,22.548,22.548,22.548,22.548,etf,0.03378717555815221,0.03378717555815221,0.03378717555815221,Fixed Income & Liquid Credit,US Aggregate Bonds,Fixed Income / Credit,Aggregate Bonds,North America,Non-classifiable,Liquid,AGG,benchmark_proxy,proxy
2024-12-31,H_BABA,H_BABA,Alibaba ADR,equity,long,6.2334,6.2334,6.2334,6.2334,equity,0.009340472774711105,0.009340472774711105,0.009340472774711105,Global Public Equities,China Internet ADR,Consumer Discretionary,Broadline Retail,Greater China,Large Cap,Liquid,BABA,direct,direct
2024-12-31,H_BIL,H_BIL,SPDR 1-3 Month T-Bill ETF,etf,long,7.516,7.516,7.516,7.516,etf,0.011262391852717404,0.011262391852717404,0.011262391852717404,Fixed Income & Liquid Credit,Treasury Bills,Fixed Income / Sovereign,Treasury Bills,North America,Non-classifiable,Liquid,BIL,benchmark_proxy,proxy
2024-12-31,H_BRKB,H_BRKB,Berkshire Hathaway Class B,equity,long,9.9914,9.9914,9.9914,9.9914,equity,0.014971668701069809,0.014971668701069809,0.014971668701069809,Global Public Equities,US Quality Compounder,Financials,Multi-Sector Holdings,North America,Mega Cap,Liquid,BRK.B,direct,direct
2024-12-31,H_CASH_HKD,H_CASH_HKD,HKD Working Capital,cash,long,2.3366,2.3366,2.3366,2.3366,cash,0.0035012912191404316,0.0035012912191404316,0.0035012912191404316,Cash & Liquidity,Cash Accounts,Cash,Cash,Global / Multi-region,Non-classifiable,Cash,,direct,direct
2024-12-31,H_CASH_JPY,H_CASH_JPY,JPY Treasury Buffer,cash,long,1.5577,1.5577,1.5577,1.5577,cash,0.002334144197575559,0.002334144197575559,0.002334144197575559,Cash & Liquidity,Cash Accounts,Cash,Cash,Global / Multi-region,Non-classifiable,Cash,,direct,direct
2024-12-31,H_CASH_OPS_USD,H_CASH_OPS_USD,USD Operating Cash,cash,long,11.6828,11.6828,11.6828,11.6828,cash,0.017506156404593787,0.017506156404593787,0.017506156404593787,Cash & Liquidity,Cash Accounts,Cash,Cash,Global / Multi-region,Non-classifiable,Cash,,direct,direct
2024-12-31,H_CASH_RESERVE_USD,H_CASH_RESERVE_USD,USD Liquidity Reserve,cash,long,4.3811,4.3811,4.3811,4.3811,cash,0.006564883574499763,0.006564883574499763,0.006564883574499763,Cash & Liquidity,Cash Accounts,Cash,Cash,Global / Multi-region,Non-classifiable,Cash,,direct,direct
2024-12-31,H_CASH_SGD,H_CASH_SGD,SGD Near-Term Reserve,cash,long,1.9471,1.9471,1.9471,1.9471,cash,0.002917642785580902,0.002917642785580902,0.002917642785580902,Cash & Liquidity,Cash Accounts,Cash,Cash,Global / Multi-region,Non-classifiable,Cash,,direct,direct
2024-12-31,H_CNYA,H_CNYA,iShares MSCI China A ETF,etf,long,7.1239,7.1239,7.1239,7.1239,etf,0.010674847434749004,0.010674847434749004,0.010674847434749004,Global Public Equities,China A-Shares,Multi-Sector / Diversified,China A-Shares ETF,Greater China,All Cap,Liquid,CNYA,lookthrough,lookthrough
2024-12-31,H_DBC,H_DBC,Broad Commodities ETF Proxy,etf,long,7.3358,7.3358,7.3358,7.3358,etf,0.010992370164071891,0.010992370164071891,0.010992370164071891,Hedge Funds / Absolute Return,Commodities,Commodities,Broad Commodities,Global / Multi-region,Non-classifiable,Liquid,DBC,benchmark_proxy,proxy
2024-12-31,H_DBMF,H_DBMF,Managed Futures ETF Proxy,etf,long,9.1697,9.1697,9.1697,9.1697,etf,0.013740387782312772,0.013740387782312772,0.013740387782312772,Hedge Funds / Absolute Return,Managed Futures,Multi-Strategy,Managed Futures,Global / Multi-region,Non-classifiable,Liquid,DBMF,benchmark_proxy,proxy
2024-12-31,H_EEM,H_EEM,iShares MSCI Emerging Markets ETF,etf,long,5.997,5.997,5.997,5.997,etf,0.00898623788461233,0.00898623788461233,0.00898623788461233,Global Public Equities,Emerging Markets Core,Multi-Sector / Diversified,EM Equity ETF,Global / Multi-region,All Cap,Liquid,EEM,lookthrough,lookthrough
2024-12-31,H_EMB,H_EMB,iShares Emerging Markets Bond ETF,etf,long,7.516,7.516,7.516,7.516,etf,0.011262391852717404,0.011262391852717404,0.011262391852717404,Fixed Income & Liquid Credit,EM Sovereign / Credit,Fixed Income / Credit,EM Debt,Global / Multi-region,Non-classifiable,Liquid,EMB,benchmark_proxy,proxy
2024-12-31,H_ES_SHORT,H_ES_SHORT,S&P 500 Overlay Short Future,future,short,2.4978,-14.986799999999999,14.986799999999999,-14.986799999999999,signed_notional,0.003742842252490358,0.02245705351494215,-0.02245705351494215,Global Public Equities,Equity Index Overlay,Multi-Sector / Diversified,Equity Index Future,North America,Multi Cap,Liquid,SPY,underlying_proxy,proxy
2024-12-31,H_EWJ,H_EWJ,iShares MSCI Japan ETF,etf,long,6.0525,6.0525,6.0525,6.0525,etf,0.009069402167186281,0.009069402167186281,0.009069402167186281,Global Public Equities,Japan Equities,Multi-Sector / Diversified,Japan Equity ETF,Japan,Large Cap,Liquid,EWJ,lookthrough,lookthrough
2024-12-31,H_EWS,H_EWS,iShares MSCI Singapore ETF,etf,long,2.5804,2.5804,2.5804,2.5804,etf,0.0038666146802490676,0.0038666146802490676,0.0038666146802490676,Global Public Equities,Southeast Asia Equities,Multi-Sector / Diversified,Southeast Asia Equity ETF,Southeast Asia,Large Cap,Liquid,EWS,lookthrough,lookthrough
2024-12-31,H_EWY,H_EWY,iShares MSCI South Korea ETF,etf,long,4.3598,4.3598,4.3598,4.3598,etf,0.006532966471457869,0.006532966471457869,0.006532966471457869,Global Public Equities,Korea Equities,Multi-Sector / Diversified,Korea Equity ETF,Korea,Large Cap,Liquid,EWY,lookthrough,lookthrough
2024-12-31,H_GLD,H_GLD,SPDR Gold Shares,etf,long,8.9539,8.9539,8.9539,8.9539,etf,0.01341702107637658,0.01341702107637658,0.01341702107637658,Hedge Funds / Absolute Return,Gold / Defensive,Commodities / Precious Metals,Gold,Global / Multi-region,Non-classifiable,Liquid,GLD,benchmark_proxy,proxy
2024-12-31,H_GMACRO,H_GMACRO,Global Macro Hedge Fund Sleeve,fund,long,16.5055,16.5055,16.5055,16.5055,fund,0.024732757946384663,0.024732757946384663,0.024732757946384663,Hedge Funds / Absolute Return,Global Macro,Multi-Strategy,Global Macro,Global / Multi-region,Non-classifiable,Semi-Liquid,GMACRO,mandate_proxy,proxy
2024-12-31,H_GOOGL,H_GOOGL,Alphabet Class A,equity,long,7.4935,7.4935,7.4935,7.4935,equity,0.011228676603025262,0.011228676603025262,0.011228676603025262,Global Public Equities,US Mega-cap Technology,Communication Services,Interactive Media,North America,Mega Cap,Liquid,GOOGL,direct,direct
2024-12-31,H_HSI_FUT,H_HSI_FUT,Hang Seng Index Tactical Long Future,future,long,2.2262,8.01432,8.01432,8.01432,signed_notional,0.003335861727317654,0.012009102218343554,0.012009102218343554,Global Public Equities,Greater China Tactical Overlay,Multi-Sector / Diversified,Equity Index Future,Greater China,Large Cap,Liquid,2800.HK,underlying_proxy,proxy
2024-12-31,H_HSTECH,H_HSTECH,Hang Seng TECH ETF-style Exposure,etf,long,8.9049,8.9049,8.9049,8.9049,etf,0.013343596754824803,0.013343596754824803,0.013343596754824803,Global Public Equities,Hong Kong / China Technology,Information Technology,Technology ETF,Greater China,Large Cap,Liquid,3067.HK,lookthrough,lookthrough
2024-12-31,H_HYG,H_HYG,iShares High Yield Corporate Bond ETF,etf,long,8.4555,8.4555,8.4555,8.4555,etf,0.012670190834307081,0.012670190834307081,0.012670190834307081,Fixed Income & Liquid Credit,High Yield Credit,Fixed Income / Credit,High Yield Credit,North America,Non-classifiable,Liquid,HYG,benchmark_proxy,proxy
2024-12-31,H_IGIB,H_IGIB,iShares 5-10 Year Investment Grade Corporate Bond ETF,etf,long,11.274,11.274,11.274,11.274,etf,0.016893587779076104,0.016893587779076104,0.016893587779076104,Fixed Income & Liquid Credit,Investment Grade Credit,Fixed Income / Credit,Investment Grade Credit,North America,Non-classifiable,Liquid,IGIB,benchmark_proxy,proxy
2024-12-31,H_INDA,H_INDA,iShares MSCI India ETF,etf,long,5.6966,5.6966,5.6966,5.6966,etf,0.008536101839833684,0.008536101839833684,0.008536101839833684,Global Public Equities,India Equities,Multi-Sector / Diversified,India Equity ETF,India,All Cap,Liquid,INDA,lookthrough,lookthrough
2024-12-31,H_JD,H_JD,JD.com ADR,equity,long,4.4524,4.4524,4.4524,4.4524,equity,0.006671723454635308,0.006671723454635308,0.006671723454635308,Global Public Equities,China E-commerce ADR,Consumer Discretionary,Broadline Retail,Greater China,Large Cap,Liquid,JD,direct,direct
2024-12-31,H_LQD,H_LQD,iShares Investment Grade Corporate Bond ETF,etf,long,7.516,7.516,7.516,7.516,etf,0.011262391852717404,0.011262391852717404,0.011262391852717404,Fixed Income & Liquid Credit,Investment Grade Credit,Fixed Income / Credit,Investment Grade Credit,North America,Non-classifiable,Liquid,LQD,benchmark_proxy,proxy
2024-12-31,H_MKTNEUT,H_MKTNEUT,Equity Market Neutral Fund Sleeve,fund,long,14.6716,14.6716,14.6716,14.6716,fund,0.021984740328143782,0.021984740328143782,0.021984740328143782,Hedge Funds / Absolute Return,Equity Market Neutral,Multi-Strategy,Equity Market Neutral,Global / Multi-region,Non-classifiable,Semi-Liquid,MKTNEUT,mandate_proxy,proxy
2024-12-31,H_MSFT,H_MSFT,Microsoft,equity,long,8.3261,8.3261,8.3261,8.3261,equity,0.012476290687188715,0.012476290687188715,0.012476290687188715,Global Public Equities,US Mega-cap Technology,Information Technology,Software,North America,Mega Cap,Liquid,MSFT,direct,direct
2024-12-31,H_NQ_SHORT,H_NQ_SHORT,Nasdaq Overlay Short Future,future,short,1.6652,-9.9912,9.9912,-9.9912,signed_notional,0.0024952281683269057,0.014971369009961433,-0.014971369009961433,Global Public Equities,Technology Overlay,Information Technology,Equity Index Future,North America,Mega Cap,Liquid,QQQ,underlying_proxy,proxy
2024-12-31,H_NVDA,H_NVDA,NVIDIA,equity,long,6.6609,6.6609,6.6609,6.6609,equity,0.00998106251886181,0.00998106251886181,0.00998106251886181,Global Public Equities,US Semiconductor Growth,Information Technology,Semiconductors,North America,Mega Cap,Liquid,NVDA,direct,direct
2024-12-31,H_PDD,H_PDD,PDD Holdings ADR,equity,long,5.3429,5.3429,5.3429,5.3429,equity,0.008006098114673206,0.008006098114673206,0.008006098114673206,Global Public Equities,China Internet ADR,Consumer Discretionary,Broadline Retail,Greater China,Large Cap,Liquid,PDD,direct,direct
2024-12-31,H_PF_APAC_LOGISTICS,H_PF_APAC_LOGISTICS,APAC Logistics Real Estate Fund,private_fund,long,7.3073,7.3073,7.3073,7.3073,private_fund,0.010949664181128511,0.010949664181128511,0.010949664181128511,Real Estate,APAC Logistics,Industrial Real Estate,APAC Logistics,Japan,Non-classifiable,Illiquid,,mandate_proxy,proxy
2024-12-31,H_PF_APEX_SECONDARIES_II,H_PF_APEX_SECONDARIES_II,Apex Secondaries Fund II,private_fund,long,17.6157,17.6157,17.6157,17.6157,private_fund,0.026396343288972057,0.026396343288972057,0.026396343288972057,Private Equity,Secondaries,Diversified / Secondaries,Secondaries,Global / Multi-region,Non-classifiable,Illiquid,,mandate_proxy,proxy
2024-12-31,H_PF_ATLAS_COINV_I,H_PF_ATLAS_COINV_I,Atlas Co-Investment Fund I,private_fund,long,19.3773,19.3773,19.3773,19.3773,private_fund,0.029036022571535522,0.029036022571535522,0.029036022571535522,Private Equity,Co-investment,Business Services,Co-investment,North America,Non-classifiable,Illiquid,,mandate_proxy,proxy
2024-12-31,H_PF_BLUE_HORIZON_III,H_PF_BLUE_HORIZON_III,Blue Horizon Ventures III,private_fund,long,15.6282,15.6282,15.6282,15.6282,private_fund,0.023418162899499485,0.023418162899499485,0.023418162899499485,Venture Capital / Growth,US Technology VC,Information Technology,US Technology VC,North America,Non-classifiable,Illiquid,,mandate_proxy,proxy
2024-12-31,H_PF_CLIMATE_ALPHA,H_PF_CLIMATE_ALPHA,Climate Alpha Fund,private_fund,long,13.0235,13.0235,13.0235,13.0235,private_fund,0.019515135749582906,0.019515135749582906,0.019515135749582906,Venture Capital / Growth,Climate Technology,Climate / Industrials,Climate Technology,Global / Multi-region,Non-classifiable,Illiquid,,mandate_proxy,proxy
2024-12-31,H_PF_COVE_SPECIALTY_FIN,H_PF_COVE_SPECIALTY_FIN,Cove Specialty Finance Fund,private_fund,long,12.7047,12.7047,12.7047,12.7047,private_fund,0.019037428122833797,0.019037428122833797,0.019037428122833797,Private Credit,Specialty Finance,Financials,Specialty Finance,North America,Non-classifiable,Illiquid,,mandate_proxy,proxy
2024-12-31,H_PF_CRESCENT_DIRECT_LEND,H_PF_CRESCENT_DIRECT_LEND,Crescent Direct Lending Fund,private_fund,long,18.1495,18.1495,18.1495,18.1495,private_fund,0.02719621885722386,0.02719621885722386,0.02719621885722386,Private Credit,Senior Direct Lending,Diversified Credit,Senior Direct Lending,North America,Non-classifiable,Illiquid,,mandate_proxy,proxy
2024-12-31,H_PF_DIGITAL_INFRA,H_PF_DIGITAL_INFRA,Horizon Digital Infrastructure Fund,private_fund,long,7.2808,7.2808,7.2808,7.2808,private_fund,0.010909955109268878,0.010909955109268878,0.010909955109268878,Infrastructure,Digital Infrastructure,Diversified,Digital Infrastructure,Global / Multi-region,Non-classifiable,Illiquid,,mandate_proxy,proxy
2024-12-31,H_PF_DRAGONBRIDGE,H_PF_DRAGONBRIDGE,DragonBridge Greater China Fund,private_fund,long,24.662,24.662,24.662,24.662,private_fund,0.036954910573671715,0.036954910573671715,0.036954910573671715,Private Equity,Asia Buyout / Greater China,Consumer / Industrials,Asia Buyout / Greater China,Greater China,Non-classifiable,Illiquid,,mandate_proxy,proxy
2024-12-31,H_PF_GLOBAL_GROWTH_II,H_PF_GLOBAL_GROWTH_II,Redwood Growth Fund II,private_fund,long,17.3647,17.3647,17.3647,17.3647,private_fund,0.026020230947961936,0.026020230947961936,0.026020230947961936,Venture Capital / Growth,Global Growth Equity,Information Technology / Consumer,Global Growth Equity,Global / Multi-region,Non-classifiable,Illiquid,,mandate_proxy,proxy
2024-12-31,H_PF_HARBOR_PEAK_V,H_PF_HARBOR_PEAK_V,Harbor Peak Partners V,private_fund,long,26.4236,26.4236,26.4236,26.4236,private_fund,0.03959458985623518,0.03959458985623518,0.03959458985623518,Private Equity,Secondaries,Diversified / Secondaries,Secondaries,Global / Multi-region,Non-classifiable,Illiquid,,mandate_proxy,proxy
2024-12-31,H_PF_HARBOUR_CORE_RE,H_PF_HARBOUR_CORE_RE,Harbour Core Real Estate Fund,private_fund,long,18.2682,18.2682,18.2682,18.2682,private_fund,0.027374085530044185,0.027374085530044185,0.027374085530044185,Real Estate,Core Real Estate,Real Estate,Core Real Estate,Global / Multi-region,Non-classifiable,Illiquid,,mandate_proxy,proxy
2024-12-31,H_PF_HOME_MULTIFAMILY,H_PF_HOME_MULTIFAMILY,HomeStone Multifamily Fund,private_fund,long,10.9609,10.9609,10.9609,10.9609,private_fund,0.016424421348915676,0.016424421348915676,0.016424421348915676,Real Estate,US Multifamily,Residential Real Estate,US Multifamily,North America,Non-classifiable,Illiquid,,mandate_proxy,proxy
2024-12-31,H_PF_INDIA_DIGITAL,H_PF_INDIA_DIGITAL,Indigo India Digital Growth Fund,private_fund,long,10.4188,10.4188,10.4188,10.4188,private_fund,0.015612108599666323,0.015612108599666323,0.015612108599666323,Venture Capital / Growth,India Digital Growth,Information Technology,India Digital Growth,India,Non-classifiable,Illiquid,,mandate_proxy,proxy
2024-12-31,H_PF_INFRA_CORE,H_PF_INFRA_CORE,Evergreen Core Infrastructure Fund,private_fund,long,10.9212,10.9212,10.9212,10.9212,private_fund,0.016364932663903316,0.016364932663903316,0.016364932663903316,Infrastructure,Core Infrastructure,Infrastructure,Core Infrastructure,Global / Multi-region,Non-classifiable,Illiquid,,mandate_proxy,proxy
2024-12-31,H_PF_LIONROCK_CREDIT,H_PF_LIONROCK_CREDIT,LionRock Asia Private Credit Fund,private_fund,long,14.9734,14.9734,14.9734,14.9734,private_fund,0.02243697421068105,0.02243697421068105,0.02243697421068105,Private Credit,Asia Private Credit,Diversified Credit,Asia Private Credit,Southeast Asia,Non-classifiable,Illiquid,,mandate_proxy,proxy
2024-12-31,H_PF_METRO_LOGISTICS,H_PF_METRO_LOGISTICS,Metro Logistics Fund,private_fund,long,11.4176,11.4176,11.4176,11.4176,private_fund,0.01710876599488907,0.01710876599488907,0.01710876599488907,Real Estate,Logistics Real Estate,Industrial Real Estate,Logistics Real Estate,Southeast Asia,Non-classifiable,Illiquid,,mandate_proxy,proxy
2024-12-31,H_PF_NORTHSTAR_IV,H_PF_NORTHSTAR_IV,Northstar Buyout Fund IV,private_fund,long,30.8276,30.8276,30.8276,30.8276,private_fund,0.046193788062643834,0.046193788062643834,0.046193788062643834,Private Equity,Buyout,Industrials,Buyout,North America,Non-classifiable,Illiquid,,mandate_proxy,proxy
2024-12-31,H_PF_RENEWABLES_II,H_PF_RENEWABLES_II,SolarBridge Renewables Fund II,private_fund,long,9.101,9.101,9.101,9.101,private_fund,0.013637443886586097,0.013637443886586097,0.013637443886586097,Infrastructure,Renewables,Utilities / Infrastructure,Renewables,Global / Multi-region,Non-classifiable,Illiquid,,mandate_proxy,proxy
2024-12-31,H_PF_SEEDSPRING_I,H_PF_SEEDSPRING_I,SeedSpring Southeast Asia VC Fund I,private_fund,long,8.6823,8.6823,8.6823,8.6823,private_fund,0.013010040551203875,0.013010040551203875,0.013010040551203875,Venture Capital / Growth,Southeast Asia VC,Information Technology / Consumer,Southeast Asia VC,Southeast Asia,Non-classifiable,Illiquid,,mandate_proxy,proxy
2024-12-31,H_PF_SPRING_OPP_CREDIT,H_PF_SPRING_OPP_CREDIT,Spring Point Opportunistic Credit Fund,private_fund,long,15.4271,15.4271,15.4271,15.4271,private_fund,0.023116823490028828,0.023116823490028828,0.023116823490028828,Private Credit,Opportunistic Credit,Special Situations Credit,Opportunistic Credit,Global / Multi-region,Non-classifiable,Illiquid,,mandate_proxy,proxy
2024-12-31,H_QAI,H_QAI,Multi-Strategy Liquid Alternatives ETF Proxy,etf,long,6.4188,6.4188,6.4188,6.4188,etf,0.009618286432174359,0.009618286432174359,0.009618286432174359,Hedge Funds / Absolute Return,Multi-Strategy Absolute Return,Multi-Strategy,Absolute Return,Global / Multi-region,Non-classifiable,Liquid,QAI,benchmark_proxy,proxy
2024-12-31,H_QQQ,H_QQQ,Invesco QQQ Trust,etf,long,19.9827,19.9827,19.9827,19.9827,etf,0.02994318755658543,0.02994318755658543,0.02994318755658543,Global Public Equities,US Technology / Growth,Information Technology,Growth / Technology ETF,North America,Mega Cap,Liquid,QQQ,lookthrough,lookthrough
2024-12-31,H_SPY,H_SPY,SPDR S&P 500 ETF,etf,long,33.3045,33.3045,33.3045,33.3045,etf,0.04990531259430905,0.04990531259430905,0.04990531259430905,Global Public Equities,US Large Cap Core,Multi-Sector / Diversified,Broad Market ETF,North America,Multi Cap,Liquid,SPY,lookthrough,lookthrough
2024-12-31,H_SPY_PUT,H_SPY_PUT,S&P 500 Protective Put Overlay,listed_option,long,1.6652,-6.6608,9.9912,-6.6608,delta_adjusted_exposure,0.0024952281683269057,0.014971369009961433,-0.009980912673307623,Global Public Equities,Options Overlay,Multi-Sector / Diversified,Equity Index Option,North America,Multi Cap,Liquid,SPY,underlying_proxy,proxy
2024-12-31,H_TLT,H_TLT,iShares 20+ Year Treasury Bond ETF,etf,long,13.153,13.153,13.153,13.153,etf,0.01970918574225546,0.01970918574225546,0.01970918574225546,Fixed Income & Liquid Credit,Long Duration Treasuries,Fixed Income / Sovereign,Government Bonds,North America,Non-classifiable,Liquid,TLT,benchmark_proxy,proxy
2024-12-31,H_VNQ,H_VNQ,US Listed REIT ETF Proxy,etf,long,5.5018,5.5018,5.5018,5.5018,etf,0.008244202700276825,0.008244202700276825,0.008244202700276825,Hedge Funds / Absolute Return,Listed Real Estate,Real Estate,REITs,North America,Mid Cap,Liquid,VNQ,lookthrough,lookthrough
2025-01-31,H_2800HK,H_2800HK,Tracker Fund of Hong Kong ETF,etf,long,11.072,11.072,11.072,11.072,etf,0.01627713229036393,0.01627713229036393,0.01627713229036393,Global Public Equities,Hong Kong Broad Market,Multi-Sector / Diversified,Hong Kong Equity ETF,Greater China,Large Cap,Liquid,2800.HK,lookthrough,lookthrough
2025-01-31,H_ACWI,H_ACWI,iShares MSCI ACWI ETF,etf,long,17.5983,17.5983,17.5983,17.5983,etf,0.025871555020367733,0.025871555020367733,0.025871555020367733,Global Public Equities,Global Equity Core,Multi-Sector / Diversified,Broad Market ETF,Global / Multi-region,Multi Cap,Liquid,ACWI,lookthrough,lookthrough
2025-01-31,H_AGG,H_AGG,iShares Core US Aggregate Bond ETF,etf,long,22.8707,22.8707,22.8707,22.8707,etf,0.03362259839895469,0.03362259839895469,0.03362259839895469,Fixed Income & Liquid Credit,US Aggregate Bonds,Fixed Income / Credit,Aggregate Bonds,North America,Non-classifiable,Liquid,AGG,benchmark_proxy,proxy
2025-01-31,H_BABA,H_BABA,Alibaba ADR,equity,long,6.4587,6.4587,6.4587,6.4587,equity,0.009495042839936192,0.009495042839936192,0.009495042839936192,Global Public Equities,China Internet ADR,Consumer Discretionary,Broadline Retail,Greater China,Large Cap,Liquid,BABA,direct,direct
2025-01-31,H_BIL,H_BIL,SPDR 1-3 Month T-Bill ETF,etf,long,7.6236,7.6236,7.6236,7.6236,etf,0.01120758180354213,0.01120758180354213,0.01120758180354213,Fixed Income & Liquid Credit,Treasury Bills,Fixed Income / Sovereign,Treasury Bills,North America,Non-classifiable,Liquid,BIL,benchmark_proxy,proxy
2025-01-31,H_BRKB,H_BRKB,Berkshire Hathaway Class B,equity,long,10.3174,10.3174,10.3174,10.3174,equity,0.015167782215733455,0.015167782215733455,0.015167782215733455,Global Public Equities,US Quality Compounder,Financials,Multi-Sector Holdings,North America,Mega Cap,Liquid,BRK.B,direct,direct
2025-01-31,H_CASH_HKD,H_CASH_HKD,HKD Working Capital,cash,long,2.3449,2.3449,2.3449,2.3449,cash,0.0034472766896382206,0.0034472766896382206,0.0034472766896382206,Cash & Liquidity,Cash Accounts,Cash,Cash,Global / Multi-region,Non-classifiable,Cash,,direct,direct
2025-01-31,H_CASH_JPY,H_CASH_JPY,JPY Treasury Buffer,cash,long,1.5633,1.5633,1.5633,1.5633,cash,0.0022982334636493795,0.0022982334636493795,0.0022982334636493795,Cash & Liquidity,Cash Accounts,Cash,Cash,Global / Multi-region,Non-classifiable,Cash,,direct,direct
2025-01-31,H_CASH_OPS_USD,H_CASH_OPS_USD,USD Operating Cash,cash,long,11.7244,11.7244,11.7244,11.7244,cash,0.017236236436519406,0.017236236436519406,0.017236236436519406,Cash & Liquidity,Cash Accounts,Cash,Cash,Global / Multi-region,Non-classifiable,Cash,,direct,direct
2025-01-31,H_CASH_RESERVE_USD,H_CASH_RESERVE_USD,USD Liquidity Reserve,cash,long,4.3966,4.3966,4.3966,4.3966,cash,0.006463515157858929,0.006463515157858929,0.006463515157858929,Cash & Liquidity,Cash Accounts,Cash,Cash,Global / Multi-region,Non-classifiable,Cash,,direct,direct
2025-01-31,H_CASH_SGD,H_CASH_SGD,SGD Near-Term Reserve,cash,long,1.9541,1.9541,1.9541,1.9541,cash,0.0028727550766438,0.0028727550766438,0.0028727550766438,Cash & Liquidity,Cash Accounts,Cash,Cash,Global / Multi-region,Non-classifiable,Cash,,direct,direct
2025-01-31,H_CNYA,H_CNYA,iShares MSCI China A ETF,etf,long,7.3814,7.3814,7.3814,7.3814,etf,0.010851519534690419,0.010851519534690419,0.010851519534690419,Global Public Equities,China A-Shares,Multi-Sector / Diversified,China A-Shares ETF,Greater China,All Cap,Liquid,CNYA,lookthrough,lookthrough
2025-01-31,H_DBC,H_DBC,Broad Commodities ETF Proxy,etf,long,7.4801,7.4801,7.4801,7.4801,etf,0.010996620054656,0.010996620054656,0.010996620054656,Hedge Funds / Absolute Return,Commodities,Commodities,Broad Commodities,Global / Multi-region,Non-classifiable,Liquid,DBC,benchmark_proxy,proxy
2025-01-31,H_DBMF,H_DBMF,Managed Futures ETF Proxy,etf,long,9.3501,9.3501,9.3501,9.3501,etf,0.013745738315402075,0.013745738315402075,0.013745738315402075,Hedge Funds / Absolute Return,Managed Futures,Multi-Strategy,Managed Futures,Global / Multi-region,Non-classifiable,Liquid,DBMF,benchmark_proxy,proxy
2025-01-31,H_EEM,H_EEM,iShares MSCI Emerging Markets ETF,etf,long,6.1594,6.1594,6.1594,6.1594,etf,0.009055036906545123,0.009055036906545123,0.009055036906545123,Global Public Equities,Emerging Markets Core,Multi-Sector / Diversified,EM Equity ETF,Global / Multi-region,All Cap,Liquid,EEM,lookthrough,lookthrough
2025-01-31,H_EMB,H_EMB,iShares Emerging Markets Bond ETF,etf,long,7.6236,7.6236,7.6236,7.6236,etf,0.01120758180354213,0.01120758180354213,0.01120758180354213,Fixed Income & Liquid Credit,EM Sovereign / Credit,Fixed Income / Credit,EM Debt,Global / Multi-region,Non-classifiable,Liquid,EMB,benchmark_proxy,proxy
2025-01-31,H_ES_SHORT,H_ES_SHORT,S&P 500 Overlay Short Future,future,short,2.5793,-15.4758,15.4758,-15.4758,signed_notional,0.003791872048097515,0.02275123228858509,-0.02275123228858509,Global Public Equities,Equity Index Overlay,Multi-Sector / Diversified,Equity Index Future,North America,Multi Cap,Liquid,SPY,underlying_proxy,proxy
2025-01-31,H_EWJ,H_EWJ,iShares MSCI Japan ETF,etf,long,6.2133,6.2133,6.2133,6.2133,etf,0.009134276197590156,0.009134276197590156,0.009134276197590156,Global Public Equities,Japan Equities,Multi-Sector / Diversified,Japan Equity ETF,Japan,Large Cap,Liquid,EWJ,lookthrough,lookthrough
2025-01-31,H_EWS,H_EWS,iShares MSCI Singapore ETF,etf,long,2.65,2.65,2.65,2.65,etf,0.0038958092999877543,0.0038958092999877543,0.0038958092999877543,Global Public Equities,Southeast Asia Equities,Multi-Sector / Diversified,Southeast Asia Equity ETF,Southeast Asia,Large Cap,Liquid,EWS,lookthrough,lookthrough
2025-01-31,H_EWY,H_EWY,iShares MSCI South Korea ETF,etf,long,4.4856,4.4856,4.4856,4.4856,etf,0.006594355545669838,0.006594355545669838,0.006594355545669838,Global Public Equities,Korea Equities,Multi-Sector / Diversified,Korea Equity ETF,Korea,Large Cap,Liquid,EWY,lookthrough,lookthrough
2025-01-31,H_GLD,H_GLD,SPDR Gold Shares,etf,long,9.1827,9.1827,9.1827,9.1827,etf,0.01349964077698021,0.01349964077698021,0.01349964077698021,Hedge Funds / Absolute Return,Gold / Defensive,Commodities / Precious Metals,Gold,Global / Multi-region,Non-classifiable,Liquid,GLD,benchmark_proxy,proxy
2025-01-31,H_GMACRO,H_GMACRO,Global Macro Hedge Fund Sleeve,fund,long,16.8302,16.8302,16.8302,16.8302,fund,0.024742358370058077,0.024742358370058077,0.024742358370058077,Hedge Funds / Absolute Return,Global Macro,Multi-Strategy,Global Macro,Global / Multi-region,Non-classifiable,Semi-Liquid,GMACRO,mandate_proxy,proxy
2025-01-31,H_GOOGL,H_GOOGL,Alphabet Class A,equity,long,7.738,7.738,7.738,7.738,equity,0.011375763155964244,0.011375763155964244,0.011375763155964244,Global Public Equities,US Mega-cap Technology,Communication Services,Interactive Media,North America,Mega Cap,Liquid,GOOGL,direct,direct
2025-01-31,H_HSI_FUT,H_HSI_FUT,Hang Seng Index Tactical Long Future,future,long,2.3067,8.304120000000001,8.304120000000001,8.304120000000001,signed_notional,0.0033911182310497182,0.012208025631778986,0.012208025631778986,Global Public Equities,Greater China Tactical Overlay,Multi-Sector / Diversified,Equity Index Future,Greater China,Large Cap,Liquid,2800.HK,underlying_proxy,proxy
2025-01-31,H_HSTECH,H_HSTECH,Hang Seng TECH ETF-style Exposure,etf,long,9.2267,9.2267,9.2267,9.2267,etf,0.013564325912527174,0.013564325912527174,0.013564325912527174,Global Public Equities,Hong Kong / China Technology,Information Technology,Technology ETF,Greater China,Large Cap,Liquid,3067.HK,lookthrough,lookthrough
2025-01-31,H_HYG,H_HYG,iShares High Yield Corporate Bond ETF,etf,long,8.5765,8.5765,8.5765,8.5765,etf,0.012608456023149046,0.012608456023149046,0.012608456023149046,Fixed Income & Liquid Credit,High Yield Credit,Fixed Income / Credit,High Yield Credit,North America,Non-classifiable,Liquid,HYG,benchmark_proxy,proxy
2025-01-31,H_IGIB,H_IGIB,iShares 5-10 Year Investment Grade Corporate Bond ETF,etf,long,11.4354,11.4354,11.4354,11.4354,etf,0.016811372705313195,0.016811372705313195,0.016811372705313195,Fixed Income & Liquid Credit,Investment Grade Credit,Fixed Income / Credit,Investment Grade Credit,North America,Non-classifiable,Liquid,IGIB,benchmark_proxy,proxy
2025-01-31,H_INDA,H_INDA,iShares MSCI India ETF,etf,long,5.9142,5.9142,5.9142,5.9142,etf,0.008694564287542481,0.008694564287542481,0.008694564287542481,Global Public Equities,India Equities,Multi-Sector / Diversified,India Equity ETF,India,All Cap,Liquid,INDA,lookthrough,lookthrough
2025-01-31,H_JD,H_JD,JD.com ADR,equity,long,4.6133,4.6133,4.6133,4.6133,equity,0.006782089450427738,0.006782089450427738,0.006782089450427738,Global Public Equities,China E-commerce ADR,Consumer Discretionary,Broadline Retail,Greater China,Large Cap,Liquid,JD,direct,direct
2025-01-31,H_LQD,H_LQD,iShares Investment Grade Corporate Bond ETF,etf,long,7.6236,7.6236,7.6236,7.6236,etf,0.01120758180354213,0.01120758180354213,0.01120758180354213,Fixed Income & Liquid Credit,Investment Grade Credit,Fixed Income / Credit,Investment Grade Credit,North America,Non-classifiable,Liquid,LQD,benchmark_proxy,proxy
2025-01-31,H_MKTNEUT,H_MKTNEUT,Equity Market Neutral Fund Sleeve,fund,long,14.9602,14.9602,14.9602,14.9602,fund,0.021993240109312,0.021993240109312,0.021993240109312,Hedge Funds / Absolute Return,Equity Market Neutral,Multi-Strategy,Equity Market Neutral,Global / Multi-region,Non-classifiable,Semi-Liquid,MKTNEUT,mandate_proxy,proxy
2025-01-31,H_MSFT,H_MSFT,Microsoft,equity,long,8.5978,8.5978,8.5978,8.5978,equity,0.012639769509220645,0.012639769509220645,0.012639769509220645,Global Public Equities,US Mega-cap Technology,Information Technology,Software,North America,Mega Cap,Liquid,MSFT,direct,direct
2025-01-31,H_NQ_SHORT,H_NQ_SHORT,Nasdaq Overlay Short Future,future,short,1.7196,-10.3176,10.3176,-10.3176,signed_notional,0.0025280127065128084,0.015168076239076851,-0.015168076239076851,Global Public Equities,Technology Overlay,Information Technology,Equity Index Future,North America,Mega Cap,Liquid,QQQ,underlying_proxy,proxy
2025-01-31,H_NVDA,H_NVDA,NVIDIA,equity,long,6.8783,6.8783,6.8783,6.8783,equity,0.010111903814379536,0.010111903814379536,0.010111903814379536,Global Public Equities,US Semiconductor Growth,Information Technology,Semiconductors,North America,Mega Cap,Liquid,NVDA,direct,direct
2025-01-31,H_PDD,H_PDD,PDD Holdings ADR,equity,long,5.536,5.536,5.536,5.536,equity,0.008138566145181965,0.008138566145181965,0.008138566145181965,Global Public Equities,China Internet ADR,Consumer Discretionary,Broadline Retail,Greater China,Large Cap,Liquid,PDD,direct,direct
2025-01-31,H_PF_APAC_LOGISTICS,H_PF_APAC_LOGISTICS,APAC Logistics Real Estate Fund,private_fund,long,7.3872,7.3872,7.3872,7.3872,private_fund,0.010860046211648882,0.010860046211648882,0.010860046211648882,Real Estate,APAC Logistics,Industrial Real Estate,APAC Logistics,Japan,Non-classifiable,Illiquid,,mandate_proxy,proxy
2025-01-31,H_PF_APEX_SECONDARIES_II,H_PF_APEX_SECONDARIES_II,Apex Secondaries Fund II,private_fund,long,17.8818,17.8818,17.8818,17.8818,private_fund,0.026288333109630573,0.026288333109630573,0.026288333109630573,Private Equity,Secondaries,Diversified / Secondaries,Secondaries,Global / Multi-region,Non-classifiable,Illiquid,,mandate_proxy,proxy
2025-01-31,H_PF_ATLAS_COINV_I,H_PF_ATLAS_COINV_I,Atlas Co-Investment Fund I,private_fund,long,19.67,19.67,19.67,19.67,private_fund,0.028917195822927975,0.028917195822927975,0.028917195822927975,Private Equity,Co-investment,Business Services,Co-investment,North America,Non-classifiable,Illiquid,,mandate_proxy,proxy
2025-01-31,H_PF_BLUE_HORIZON_III,H_PF_BLUE_HORIZON_III,Blue Horizon Ventures III,private_fund,long,15.9273,15.9273,15.9273,15.9273,private_fund,0.023414989986299987,0.023414989986299987,0.023414989986299987,Venture Capital / Growth,US Technology VC,Information Technology,US Technology VC,North America,Non-classifiable,Illiquid,,mandate_proxy,proxy
2025-01-31,H_PF_CLIMATE_ALPHA,H_PF_CLIMATE_ALPHA,Climate Alpha Fund,private_fund,long,13.2727,13.2727,13.2727,13.2727,private_fund,0.019512418149414137,0.019512418149414137,0.019512418149414137,Venture Capital / Growth,Climate Technology,Climate / Industrials,Climate Technology,Global / Multi-region,Non-classifiable,Illiquid,,mandate_proxy,proxy
2025-01-31,H_PF_COVE_SPECIALTY_FIN,H_PF_COVE_SPECIALTY_FIN,Cove Specialty Finance Fund,private_fund,long,12.8329,12.8329,12.8329,12.8329,private_fund,0.01886586081728787,0.01886586081728787,0.01886586081728787,Private Credit,Specialty Finance,Financials,Specialty Finance,North America,Non-classifiable,Illiquid,,mandate_proxy,proxy
2025-01-31,H_PF_CRESCENT_DIRECT_LEND,H_PF_CRESCENT_DIRECT_LEND,Crescent Direct Lending Fund,private_fund,long,18.3327,18.3327,18.3327,18.3327,private_fund,0.026951208737315283,0.026951208737315283,0.026951208737315283,Private Credit,Senior Direct Lending,Diversified Credit,Senior Direct Lending,North America,Non-classifiable,Illiquid,,mandate_proxy,proxy
2025-01-31,H_PF_DIGITAL_INFRA,H_PF_DIGITAL_INFRA,Horizon Digital Infrastructure Fund,private_fund,long,7.3527,7.3527,7.3527,7.3527,private_fund,0.010809327184913193,0.010809327184913193,0.010809327184913193,Infrastructure,Digital Infrastructure,Diversified,Digital Infrastructure,Global / Multi-region,Non-classifiable,Illiquid,,mandate_proxy,proxy
2025-01-31,H_PF_DRAGONBRIDGE,H_PF_DRAGONBRIDGE,DragonBridge Greater China Fund,private_fund,long,25.0345,25.0345,25.0345,25.0345,private_fund,0.036803636951148466,0.036803636951148466,0.036803636951148466,Private Equity,Asia Buyout / Greater China,Consumer / Industrials,Asia Buyout / Greater China,Greater China,Non-classifiable,Illiquid,,mandate_proxy,proxy
2025-01-31,H_PF_GLOBAL_GROWTH_II,H_PF_GLOBAL_GROWTH_II,Redwood Growth Fund II,private_fund,long,17.697,17.697,17.697,17.697,private_fund,0.026016655540333316,0.026016655540333316,0.026016655540333316,Venture Capital / Growth,Global Growth Equity,Information Technology / Consumer,Global Growth Equity,Global / Multi-region,Non-classifiable,Illiquid,,mandate_proxy,proxy
2025-01-31,H_PF_HARBOR_PEAK_V,H_PF_HARBOR_PEAK_V,Harbor Peak Partners V,private_fund,long,26.8227,26.8227,26.8227,26.8227,private_fund,0.03943249966444586,0.03943249966444586,0.03943249966444586,Private Equity,Secondaries,Diversified / Secondaries,Secondaries,Global / Multi-region,Non-classifiable,Illiquid,,mandate_proxy,proxy
2025-01-31,H_PF_HARBOUR_CORE_RE,H_PF_HARBOUR_CORE_RE,Harbour Core Real Estate Fund,private_fund,long,18.468,18.468,18.468,18.468,private_fund,0.027150115529122207,0.027150115529122207,0.027150115529122207,Real Estate,Core Real Estate,Real Estate,Core Real Estate,Global / Multi-region,Non-classifiable,Illiquid,,mandate_proxy,proxy
2025-01-31,H_PF_HOME_MULTIFAMILY,H_PF_HOME_MULTIFAMILY,HomeStone Multifamily Fund,private_fund,long,11.0808,11.0808,11.0808,11.0808,private_fund,0.016290069317473323,0.016290069317473323,0.016290069317473323,Real Estate,US Multifamily,Residential Real Estate,US Multifamily,North America,Non-classifiable,Illiquid,,mandate_proxy,proxy
2025-01-31,H_PF_INDIA_DIGITAL,H_PF_INDIA_DIGITAL,Indigo India Digital Growth Fund,private_fund,long,10.6182,10.6182,10.6182,10.6182,private_fund,0.015609993324199989,0.015609993324199989,0.015609993324199989,Venture Capital / Growth,India Digital Growth,Information Technology,India Digital Growth,India,Non-classifiable,Illiquid,,mandate_proxy,proxy
2025-01-31,H_PF_INFRA_CORE,H_PF_INFRA_CORE,Evergreen Core Infrastructure Fund,private_fund,long,11.0291,11.0291,11.0291,11.0291,private_fund,0.016214064283205636,0.016214064283205636,0.016214064283205636,Infrastructure,Core Infrastructure,Infrastructure,Core Infrastructure,Global / Multi-region,Non-classifiable,Illiquid,,mandate_proxy,proxy
2025-01-31,H_PF_LIONROCK_CREDIT,H_PF_LIONROCK_CREDIT,LionRock Asia Private Credit Fund,private_fund,long,15.1245,15.1245,15.1245,15.1245,private_fund,0.02223478028591124,0.02223478028591124,0.02223478028591124,Private Credit,Asia Private Credit,Diversified Credit,Asia Private Credit,Southeast Asia,Non-classifiable,Illiquid,,mandate_proxy,proxy
2025-01-31,H_PF_METRO_LOGISTICS,H_PF_METRO_LOGISTICS,Metro Logistics Fund,private_fund,long,11.5425,11.5425,11.5425,11.5425,private_fund,0.01696882220570138,0.01696882220570138,0.01696882220570138,Real Estate,Logistics Real Estate,Industrial Real Estate,Logistics Real Estate,Southeast Asia,Non-classifiable,Illiquid,,mandate_proxy,proxy
2025-01-31,H_PF_NORTHSTAR_IV,H_PF_NORTHSTAR_IV,Northstar Buyout Fund IV,private_fund,long,31.2932,31.2932,31.2932,31.2932,private_fund,0.046004656447689356,0.046004656447689356,0.046004656447689356,Private Equity,Buyout,Industrials,Buyout,North America,Non-classifiable,Illiquid,,mandate_proxy,proxy
2025-01-31,H_PF_RENEWABLES_II,H_PF_RENEWABLES_II,SolarBridge Renewables Fund II,private_fund,long,9.1909,9.1909,9.1909,9.1909,private_fund,0.013511695734059415,0.013511695734059415,0.013511695734059415,Infrastructure,Renewables,Utilities / Infrastructure,Renewables,Global / Multi-region,Non-classifiable,Illiquid,,mandate_proxy,proxy
2025-01-31,H_PF_SEEDSPRING_I,H_PF_SEEDSPRING_I,SeedSpring Southeast Asia VC Fund I,private_fund,long,8.8485,8.8485,8.8485,8.8485,private_fund,0.013008327770166658,0.013008327770166658,0.013008327770166658,Venture Capital / Growth,Southeast Asia VC,Information Technology / Consumer,Southeast Asia VC,Southeast Asia,Non-classifiable,Illiquid,,mandate_proxy,proxy
2025-01-31,H_PF_SPRING_OPP_CREDIT,H_PF_SPRING_OPP_CREDIT,Spring Point Opportunistic Credit Fund,private_fund,long,15.5828,15.5828,15.5828,15.5828,private_fund,0.02290853477730158,0.02290853477730158,0.02290853477730158,Private Credit,Opportunistic Credit,Special Situations Credit,Opportunistic Credit,Global / Multi-region,Non-classifiable,Illiquid,,mandate_proxy,proxy
2025-01-31,H_QAI,H_QAI,Multi-Strategy Liquid Alternatives ETF Proxy,etf,long,6.5451,6.5451,6.5451,6.5451,etf,0.009622060924282963,0.009622060924282963,0.009622060924282963,Hedge Funds / Absolute Return,Multi-Strategy Absolute Return,Multi-Strategy,Absolute Return,Global / Multi-region,Non-classifiable,Liquid,QAI,benchmark_proxy,proxy
2025-01-31,H_QQQ,H_QQQ,Invesco QQQ Trust,etf,long,20.6348,20.6348,20.6348,20.6348,etf,0.03033556443146691,0.03033556443146691,0.03033556443146691,Global Public Equities,US Technology / Growth,Information Technology,Growth / Technology ETF,North America,Mega Cap,Liquid,QQQ,lookthrough,lookthrough
2025-01-31,H_SPY,H_SPY,SPDR S&P 500 ETF,etf,long,34.3913,34.3913,34.3913,34.3913,etf,0.050559225048554285,0.050559225048554285,0.050559225048554285,Global Public Equities,US Large Cap Core,Multi-Sector / Diversified,Broad Market ETF,North America,Multi Cap,Liquid,SPY,lookthrough,lookthrough
2025-01-31,H_SPY_PUT,H_SPY_PUT,S&P 500 Protective Put Overlay,listed_option,long,1.7196,-6.8784,10.3176,-6.8784,delta_adjusted_exposure,0.0025280127065128084,0.015168076239076851,-0.010112050826051234,Global Public Equities,Options Overlay,Multi-Sector / Diversified,Equity Index Option,North America,Multi Cap,Liquid,SPY,underlying_proxy,proxy
2025-01-31,H_TLT,H_TLT,iShares 20+ Year Treasury Bond ETF,etf,long,13.3412,13.3412,13.3412,13.3412,etf,0.01961312114452703,0.01961312114452703,0.01961312114452703,Fixed Income & Liquid Credit,Long Duration Treasuries,Fixed Income / Sovereign,Government Bonds,North America,Non-classifiable,Liquid,TLT,benchmark_proxy,proxy
2025-01-31,H_VNQ,H_VNQ,US Listed REIT ETF Proxy,etf,long,5.6101,5.6101,5.6101,5.6101,etf,0.008247501793909925,0.008247501793909925,0.008247501793909925,Hedge Funds / Absolute Return,Listed Real Estate,Real Estate,REITs,North America,Mid Cap,Liquid,VNQ,lookthrough,lookthrough
2025-02-28,H_2800HK,H_2800HK,Tracker Fund of Hong Kong ETF,etf,long,11.3694,11.3694,11.3694,11.3694,etf,0.016444109855922037,0.016444109855922037,0.016444109855922037,Global Public Equities,Hong Kong Broad Market,Multi-Sector / Diversified,Hong Kong Equity ETF,Greater China,Large Cap,Liquid,2800.HK,lookthrough,lookthrough
2025-02-28,H_ACWI,H_ACWI,iShares MSCI ACWI ETF,etf,long,18.004,18.004,18.004,18.004,etf,0.02604005082467152,0.02604005082467152,0.02604005082467152,Global Public Equities,Global Equity Core,Multi-Sector / Diversified,Broad Market ETF,Global / Multi-region,Multi Cap,Liquid,ACWI,lookthrough,lookthrough
2025-02-28,H_AGG,H_AGG,iShares Core US Aggregate Bond ETF,etf,long,23.1429,23.1429,23.1429,23.1429,etf,0.033472688970800406,0.033472688970800406,0.033472688970800406,Fixed Income & Liquid Credit,US Aggregate Bonds,Fixed Income / Credit,Aggregate Bonds,North America,Non-classifiable,Liquid,AGG,benchmark_proxy,proxy
2025-02-28,H_BABA,H_BABA,Alibaba ADR,equity,long,6.6321,6.6321,6.6321,6.6321,equity,0.009592325098550543,0.009592325098550543,0.009592325098550543,Global Public Equities,China Internet ADR,Consumer Discretionary,Broadline Retail,Greater China,Large Cap,Liquid,BABA,direct,direct
2025-02-28,H_BIL,H_BIL,SPDR 1-3 Month T-Bill ETF,etf,long,7.7143,7.7143,7.7143,7.7143,etf,0.0111575629902668,0.0111575629902668,0.0111575629902668,Fixed Income & Liquid Credit,Treasury Bills,Fixed Income / Sovereign,Treasury Bills,North America,Non-classifiable,Liquid,BIL,benchmark_proxy,proxy
2025-02-28,H_BRKB,H_BRKB,Berkshire Hathaway Class B,equity,long,10.6145,10.6145,10.6145,10.6145,equity,0.015352261690650734,0.015352261690650734,0.015352261690650734,Global Public Equities,US Quality Compounder,Financials,Multi-Sector Holdings,North America,Mega Cap,Liquid,BRK.B,direct,direct
2025-02-28,H_CASH_HKD,H_CASH_HKD,HKD Working Capital,cash,long,2.3529,2.3529,2.3529,2.3529,cash,0.003403112396432438,0.003403112396432438,0.003403112396432438,Cash & Liquidity,Cash Accounts,Cash,Cash,Global / Multi-region,Non-classifiable,Cash,,direct,direct
2025-02-28,H_CASH_JPY,H_CASH_JPY,JPY Treasury Buffer,cash,long,1.5686,1.5686,1.5686,1.5686,cash,0.0022687415976216253,0.0022687415976216253,0.0022687415976216253,Cash & Liquidity,Cash Accounts,Cash,Cash,Global / Multi-region,Non-classifiable,Cash,,direct,direct
2025-02-28,H_CASH_OPS_USD,H_CASH_OPS_USD,USD Operating Cash,cash,long,11.7645,11.7645,11.7645,11.7645,cash,0.01701556198216219,0.01701556198216219,0.01701556198216219,Cash & Liquidity,Cash Accounts,Cash,Cash,Global / Multi-region,Non-classifiable,Cash,,direct,direct
2025-02-28,H_CASH_RESERVE_USD,H_CASH_RESERVE_USD,USD Liquidity Reserve,cash,long,4.4117,4.4117,4.4117,4.4117,cash,0.006380853822661816,0.006380853822661816,0.006380853822661816,Cash & Liquidity,Cash Accounts,Cash,Cash,Global / Multi-region,Non-classifiable,Cash,,direct,direct
2025-02-28,H_CASH_SGD,H_CASH_SGD,SGD Near-Term Reserve,cash,long,1.9608,1.9608,1.9608,1.9608,cash,0.002835999314431011,0.002835999314431011,0.002835999314431011,Cash & Liquidity,Cash Accounts,Cash,Cash,Global / Multi-region,Non-classifiable,Cash,,direct,direct
2025-02-28,H_CNYA,H_CNYA,iShares MSCI China A ETF,etf,long,7.5796,7.5796,7.5796,7.5796,etf,0.010962739903948025,0.010962739903948025,0.010962739903948025,Global Public Equities,China A-Shares,Multi-Sector / Diversified,China A-Shares ETF,Greater China,All Cap,Liquid,CNYA,lookthrough,lookthrough
2025-02-28,H_DBC,H_DBC,Broad Commodities ETF Proxy,etf,long,7.5974,7.5974,7.5974,7.5974,etf,0.010988484899764464,0.010988484899764464,0.010988484899764464,Hedge Funds / Absolute Return,Commodities,Commodities,Broad Commodities,Global / Multi-region,Non-classifiable,Liquid,DBC,benchmark_proxy,proxy
2025-02-28,H_DBMF,H_DBMF,Managed Futures ETF Proxy,etf,long,9.4967,9.4967,9.4967,9.4967,etf,0.013735533807301602,0.013735533807301602,0.013735533807301602,Hedge Funds / Absolute Return,Managed Futures,Multi-Strategy,Managed Futures,Global / Multi-region,Non-classifiable,Liquid,DBMF,benchmark_proxy,proxy
2025-02-28,H_EEM,H_EEM,iShares MSCI Emerging Markets ETF,etf,long,6.3014,6.3014,6.3014,6.3014,etf,0.00911401778863503,0.00911401778863503,0.00911401778863503,Global Public Equities,Emerging Markets Core,Multi-Sector / Diversified,EM Equity ETF,Global / Multi-region,All Cap,Liquid,EEM,lookthrough,lookthrough
2025-02-28,H_EMB,H_EMB,iShares Emerging Markets Bond ETF,etf,long,7.7143,7.7143,7.7143,7.7143,etf,0.0111575629902668,0.0111575629902668,0.0111575629902668,Fixed Income & Liquid Credit,EM Sovereign / Credit,Fixed Income / Credit,EM Debt,Global / Multi-region,Non-classifiable,Liquid,EMB,benchmark_proxy,proxy
2025-02-28,H_ES_SHORT,H_ES_SHORT,S&P 500 Overlay Short Future,future,short,2.6536,-15.9216,15.9216,-15.9216,signed_notional,0.003838029263960694,0.023028175583764167,-0.023028175583764167,Global Public Equities,Equity Index Overlay,Multi-Sector / Diversified,Equity Index Future,North America,Multi Cap,Liquid,SPY,underlying_proxy,proxy
2025-02-28,H_EWJ,H_EWJ,iShares MSCI Japan ETF,etf,long,6.3476,6.3476,6.3476,6.3476,etf,0.009180839069911404,0.009180839069911404,0.009180839069911404,Global Public Equities,Japan Equities,Multi-Sector / Diversified,Japan Equity ETF,Japan,Large Cap,Liquid,EWJ,lookthrough,lookthrough
2025-02-28,H_EWS,H_EWS,iShares MSCI Singapore ETF,etf,long,2.702,2.702,2.702,2.702,etf,0.003908032511012133,0.003908032511012133,0.003908032511012133,Global Public Equities,Southeast Asia Equities,Multi-Sector / Diversified,Southeast Asia Equity ETF,Southeast Asia,Large Cap,Liquid,EWS,lookthrough,lookthrough
2025-02-28,H_EWY,H_EWY,iShares MSCI South Korea ETF,etf,long,4.5841,4.5841,4.5841,4.5841,etf,0.006630204231580577,0.006630204231580577,0.006630204231580577,Global Public Equities,Korea Equities,Multi-Sector / Diversified,Korea Equity ETF,Korea,Large Cap,Liquid,EWY,lookthrough,lookthrough
2025-02-28,H_GLD,H_GLD,SPDR Gold Shares,etf,long,9.3855,9.3855,9.3855,9.3855,etf,0.013574699900852841,0.013574699900852841,0.013574699900852841,Hedge Funds / Absolute Return,Gold / Defensive,Commodities / Precious Metals,Gold,Global / Multi-region,Non-classifiable,Liquid,GLD,benchmark_proxy,proxy
2025-02-28,H_GMACRO,H_GMACRO,Global Macro Hedge Fund Sleeve,fund,long,17.0941,17.0941,17.0941,17.0941,fund,0.024724018707066066,0.024724018707066066,0.024724018707066066,Hedge Funds / Absolute Return,Global Macro,Multi-Strategy,Global Macro,Global / Multi-region,Non-classifiable,Semi-Liquid,GMACRO,mandate_proxy,proxy
2025-02-28,H_GOOGL,H_GOOGL,Alphabet Class A,equity,long,7.9609,7.960899999999999,7.960899999999999,7.960899999999999,equity,0.01151423242669004,0.011514232426690038,0.011514232426690038,Global Public Equities,US Mega-cap Technology,Communication Services,Interactive Media,North America,Mega Cap,Liquid,GOOGL,direct,direct
2025-02-28,H_HSI_FUT,H_HSI_FUT,Hang Seng Index Tactical Long Future,future,long,2.3686,8.526959999999999,8.526959999999999,8.526959999999999,signed_notional,0.0034258200612817683,0.012332952220614365,0.012332952220614365,Global Public Equities,Greater China Tactical Overlay,Multi-Sector / Diversified,Equity Index Future,Greater China,Large Cap,Liquid,2800.HK,underlying_proxy,proxy
2025-02-28,H_HSTECH,H_HSTECH,Hang Seng TECH ETF-style Exposure,etf,long,9.4745,9.4745,9.4745,9.4745,etf,0.013703424879935032,0.013703424879935032,0.013703424879935032,Global Public Equities,Hong Kong / China Technology,Information Technology,Technology ETF,Greater China,Large Cap,Liquid,3067.HK,lookthrough,lookthrough
2025-02-28,H_HYG,H_HYG,iShares High Yield Corporate Bond ETF,etf,long,8.6786,8.6786,8.6786,8.6786,etf,0.012552276443401145,0.012552276443401145,0.012552276443401145,Fixed Income & Liquid Credit,High Yield Credit,Fixed Income / Credit,High Yield Credit,North America,Non-classifiable,Liquid,HYG,benchmark_proxy,proxy
2025-02-28,H_IGIB,H_IGIB,iShares 5-10 Year Investment Grade Corporate Bond ETF,etf,long,11.5715,11.5715,11.5715,11.5715,etf,0.01673641680280418,0.01673641680280418,0.01673641680280418,Fixed Income & Liquid Credit,Investment Grade Credit,Fixed Income / Credit,Investment Grade Credit,North America,Non-classifiable,Liquid,IGIB,benchmark_proxy,proxy
2025-02-28,H_INDA,H_INDA,iShares MSCI India ETF,etf,long,6.1066,6.1066,6.1066,6.1066,etf,0.008832269182733787,0.008832269182733787,0.008832269182733787,Global Public Equities,India Equities,Multi-Sector / Diversified,India Equity ETF,India,All Cap,Liquid,INDA,lookthrough,lookthrough
2025-02-28,H_JD,H_JD,JD.com ADR,equity,long,4.7372,4.7372,4.7372,4.7372,equity,0.0068516401225635366,0.0068516401225635366,0.0068516401225635366,Global Public Equities,China E-commerce ADR,Consumer Discretionary,Broadline Retail,Greater China,Large Cap,Liquid,JD,direct,direct
2025-02-28,H_LQD,H_LQD,iShares Investment Grade Corporate Bond ETF,etf,long,7.7143,7.7143,7.7143,7.7143,etf,0.0111575629902668,0.0111575629902668,0.0111575629902668,Fixed Income & Liquid Credit,Investment Grade Credit,Fixed Income / Credit,Investment Grade Credit,North America,Non-classifiable,Liquid,LQD,benchmark_proxy,proxy
2025-02-28,H_MKTNEUT,H_MKTNEUT,Equity Market Neutral Fund Sleeve,fund,long,15.1948,15.1948,15.1948,15.1948,fund,0.021976969799528928,0.021976969799528928,0.021976969799528928,Hedge Funds / Absolute Return,Equity Market Neutral,Multi-Strategy,Equity Market Neutral,Global / Multi-region,Non-classifiable,Semi-Liquid,MKTNEUT,mandate_proxy,proxy
2025-02-28,H_MSFT,H_MSFT,Microsoft,equity,long,8.8454,8.8454,8.8454,8.8454,equity,0.012793527303074285,0.012793527303074285,0.012793527303074285,Global Public Equities,US Mega-cap Technology,Information Technology,Software,North America,Mega Cap,Liquid,MSFT,direct,direct
2025-02-28,H_NQ_SHORT,H_NQ_SHORT,Nasdaq Overlay Short Future,future,short,1.7691,-10.6146,10.6146,-10.6146,signed_notional,0.0025587343875764484,0.015352406325458692,-0.015352406325458692,Global Public Equities,Technology Overlay,Information Technology,Equity Index Future,North America,Mega Cap,Liquid,QQQ,underlying_proxy,proxy
2025-02-28,H_NVDA,H_NVDA,NVIDIA,equity,long,7.0763,7.0763,7.0763,7.0763,equity,0.010234792915497837,0.010234792915497837,0.010234792915497837,Global Public Equities,US Semiconductor Growth,Information Technology,Semiconductors,North America,Mega Cap,Liquid,NVDA,direct,direct
2025-02-28,H_PDD,H_PDD,PDD Holdings ADR,equity,long,5.6847,5.6847,5.6847,5.6847,equity,0.008222054927961018,0.008222054927961018,0.008222054927961018,Global Public Equities,China Internet ADR,Consumer Discretionary,Broadline Retail,Greater China,Large Cap,Liquid,PDD,direct,direct
2025-02-28,H_PF_APAC_LOGISTICS,H_PF_APAC_LOGISTICS,APAC Logistics Real Estate Fund,private_fund,long,7.4539,7.4539,7.4539,7.4539,private_fund,0.010780933950345425,0.010780933950345425,0.010780933950345425,Real Estate,APAC Logistics,Industrial Real Estate,APAC Logistics,Japan,Non-classifiable,Illiquid,,mandate_proxy,proxy
2025-02-28,H_PF_APEX_SECONDARIES_II,H_PF_APEX_SECONDARIES_II,Apex Secondaries Fund II,private_fund,long,18.1346,18.1346,18.1346,18.1346,private_fund,0.026228943883864035,0.026228943883864035,0.026228943883864035,Private Equity,Secondaries,Diversified / Secondaries,Secondaries,Global / Multi-region,Non-classifiable,Illiquid,,mandate_proxy,proxy
2025-02-28,H_PF_ATLAS_COINV_I,H_PF_ATLAS_COINV_I,Atlas Co-Investment Fund I,private_fund,long,19.9481,19.9481,19.9481,19.9481,private_fund,0.028851896126173622,0.028851896126173622,0.028851896126173622,Private Equity,Co-investment,Business Services,Co-investment,North America,Non-classifiable,Illiquid,,mandate_proxy,proxy
2025-02-28,H_PF_BLUE_HORIZON_III,H_PF_BLUE_HORIZON_III,Blue Horizon Ventures III,private_fund,long,16.1908,16.1908,16.1908,16.1908,private_fund,0.023417532486785804,0.023417532486785804,0.023417532486785804,Venture Capital / Growth,US Technology VC,Information Technology,US Technology VC,North America,Non-classifiable,Illiquid,,mandate_proxy,proxy
2025-02-28,H_PF_CLIMATE_ALPHA,H_PF_CLIMATE_ALPHA,Climate Alpha Fund,private_fund,long,13.4923,13.4923,13.4923,13.4923,private_fund,0.019514562194052183,0.019514562194052183,0.019514562194052183,Venture Capital / Growth,Climate Technology,Climate / Industrials,Climate Technology,Global / Multi-region,Non-classifiable,Illiquid,,mandate_proxy,proxy
2025-02-28,H_PF_COVE_SPECIALTY_FIN,H_PF_COVE_SPECIALTY_FIN,Cove Specialty Finance Fund,private_fund,long,12.9454,12.9454,12.9454,12.9454,private_fund,0.018723554429332517,0.018723554429332517,0.018723554429332517,Private Credit,Specialty Finance,Financials,Specialty Finance,North America,Non-classifiable,Illiquid,,mandate_proxy,proxy
2025-02-28,H_PF_CRESCENT_DIRECT_LEND,H_PF_CRESCENT_DIRECT_LEND,Crescent Direct Lending Fund,private_fund,long,18.4935,18.4935,18.4935,18.4935,private_fund,0.02674803820962357,0.02674803820962357,0.02674803820962357,Private Credit,Senior Direct Lending,Diversified Credit,Senior Direct Lending,North America,Non-classifiable,Illiquid,,mandate_proxy,proxy
2025-02-28,H_PF_DIGITAL_INFRA,H_PF_DIGITAL_INFRA,Horizon Digital Infrastructure Fund,private_fund,long,7.4119,7.4119,7.4119,7.4119,private_fund,0.010720187331003267,0.010720187331003267,0.010720187331003267,Infrastructure,Digital Infrastructure,Diversified,Digital Infrastructure,Global / Multi-region,Non-classifiable,Illiquid,,mandate_proxy,proxy
2025-02-28,H_PF_DRAGONBRIDGE,H_PF_DRAGONBRIDGE,DragonBridge Greater China Fund,private_fund,long,25.3885,25.3885,25.3885,25.3885,private_fund,0.036720608218294426,0.036720608218294426,0.036720608218294426,Private Equity,Asia Buyout / Greater China,Consumer / Industrials,Asia Buyout / Greater China,Greater China,Non-classifiable,Illiquid,,mandate_proxy,proxy
2025-02-28,H_PF_GLOBAL_GROWTH_II,H_PF_GLOBAL_GROWTH_II,Redwood Growth Fund II,private_fund,long,17.9897,17.9897,17.9897,17.9897,private_fund,0.026019368047133593,0.026019368047133593,0.026019368047133593,Venture Capital / Growth,Global Growth Equity,Information Technology / Consumer,Global Growth Equity,Global / Multi-region,Non-classifiable,Illiquid,,mandate_proxy,proxy
2025-02-28,H_PF_HARBOR_PEAK_V,H_PF_HARBOR_PEAK_V,Harbor Peak Partners V,private_fund,long,27.2019,27.2019,27.2019,27.2019,private_fund,0.03934341582579605,0.03934341582579605,0.03934341582579605,Private Equity,Secondaries,Diversified / Secondaries,Secondaries,Global / Multi-region,Non-classifiable,Illiquid,,mandate_proxy,proxy
2025-02-28,H_PF_HARBOUR_CORE_RE,H_PF_HARBOUR_CORE_RE,Harbour Core Real Estate Fund,private_fund,long,18.6347,18.6347,18.6347,18.6347,private_fund,0.026952262558459582,0.026952262558459582,0.026952262558459582,Real Estate,Core Real Estate,Real Estate,Core Real Estate,Global / Multi-region,Non-classifiable,Illiquid,,mandate_proxy,proxy
2025-02-28,H_PF_HOME_MULTIFAMILY,H_PF_HOME_MULTIFAMILY,HomeStone Multifamily Fund,private_fund,long,11.1808,11.1808,11.1808,11.1808,private_fund,0.01617132860811416,0.01617132860811416,0.01617132860811416,Real Estate,US Multifamily,Residential Real Estate,US Multifamily,North America,Non-classifiable,Illiquid,,mandate_proxy,proxy
2025-02-28,H_PF_INDIA_DIGITAL,H_PF_INDIA_DIGITAL,Indigo India Digital Growth Fund,private_fund,long,10.7938,10.7938,10.7938,10.7938,private_fund,0.015611591901318563,0.015611591901318563,0.015611591901318563,Venture Capital / Growth,India Digital Growth,Information Technology,India Digital Growth,India,Non-classifiable,Illiquid,,mandate_proxy,proxy
2025-02-28,H_PF_INFRA_CORE,H_PF_INFRA_CORE,Evergreen Core Infrastructure Fund,private_fund,long,11.1179,11.1179,11.1179,11.1179,private_fund,0.01608035331390888,0.01608035331390888,0.01608035331390888,Infrastructure,Core Infrastructure,Infrastructure,Core Infrastructure,Global / Multi-region,Non-classifiable,Illiquid,,mandate_proxy,proxy
2025-02-28,H_PF_LIONROCK_CREDIT,H_PF_LIONROCK_CREDIT,LionRock Asia Private Credit Fund,private_fund,long,15.2571,15.2571,15.2571,15.2571,private_fund,0.02206707728488646,0.02206707728488646,0.02206707728488646,Private Credit,Asia Private Credit,Diversified Credit,Asia Private Credit,Southeast Asia,Non-classifiable,Illiquid,,mandate_proxy,proxy
2025-02-28,H_PF_METRO_LOGISTICS,H_PF_METRO_LOGISTICS,Metro Logistics Fund,private_fund,long,11.6467,11.6467,11.6467,11.6467,private_fund,0.01684518217838823,0.01684518217838823,0.01684518217838823,Real Estate,Logistics Real Estate,Industrial Real Estate,Logistics Real Estate,Southeast Asia,Non-classifiable,Illiquid,,mandate_proxy,proxy
2025-02-28,H_PF_NORTHSTAR_IV,H_PF_NORTHSTAR_IV,Northstar Buyout Fund IV,private_fund,long,31.7356,31.7356,31.7356,31.7356,private_fund,0.04590072411416605,0.04590072411416605,0.04590072411416605,Private Equity,Buyout,Industrials,Buyout,North America,Non-classifiable,Illiquid,,mandate_proxy,proxy
2025-02-28,H_PF_RENEWABLES_II,H_PF_RENEWABLES_II,SolarBridge Renewables Fund II,private_fund,long,9.2649,9.2649,9.2649,9.2649,private_fund,0.013400270322456075,0.013400270322456075,0.013400270322456075,Infrastructure,Renewables,Utilities / Infrastructure,Renewables,Global / Multi-region,Non-classifiable,Illiquid,,mandate_proxy,proxy
2025-02-28,H_PF_SEEDSPRING_I,H_PF_SEEDSPRING_I,SeedSpring Southeast Asia VC Fund I,private_fund,long,8.9949,8.9949,8.9949,8.9949,private_fund,0.013009756340970775,0.013009756340970775,0.013009756340970775,Venture Capital / Growth,Southeast Asia VC,Information Technology / Consumer,Southeast Asia VC,Southeast Asia,Non-classifiable,Illiquid,,mandate_proxy,proxy
2025-02-28,H_PF_SPRING_OPP_CREDIT,H_PF_SPRING_OPP_CREDIT,Spring Point Opportunistic Credit Fund,private_fund,long,15.7195,15.7195,15.7195,15.7195,private_fund,0.022735868636882022,0.022735868636882022,0.022735868636882022,Private Credit,Opportunistic Credit,Special Situations Credit,Opportunistic Credit,Global / Multi-region,Non-classifiable,Illiquid,,mandate_proxy,proxy
2025-02-28,H_QAI,H_QAI,Multi-Strategy Liquid Alternatives ETF Proxy,etf,long,6.6477,6.6477,6.6477,6.6477,etf,0.009614888128591917,0.009614888128591917,0.009614888128591917,Hedge Funds / Absolute Return,Multi-Strategy Absolute Return,Multi-Strategy,Absolute Return,Global / Multi-region,Non-classifiable,Liquid,QAI,benchmark_proxy,proxy
2025-02-28,H_QQQ,H_QQQ,Invesco QQQ Trust,etf,long,21.229,21.229,21.229,21.229,etf,0.030704523381301467,0.030704523381301467,0.030704523381301467,Global Public Equities,US Technology / Growth,Information Technology,Growth / Technology ETF,North America,Mega Cap,Liquid,QQQ,lookthrough,lookthrough
2025-02-28,H_SPY,H_SPY,SPDR S&P 500 ETF,etf,long,35.3817,35.3817,35.3817,35.3817,etf,0.051174253847105104,0.051174253847105104,0.051174253847105104,Global Public Equities,US Large Cap Core,Multi-Sector / Diversified,Broad Market ETF,North America,Multi Cap,Liquid,SPY,lookthrough,lookthrough
2025-02-28,H_SPY_PUT,H_SPY_PUT,S&P 500 Protective Put Overlay,listed_option,long,1.7691,-7.0764,10.6146,-7.0764,delta_adjusted_exposure,0.0025587343875764484,0.015352406325458692,-0.010234937550305793,Global Public Equities,Options Overlay,Multi-Sector / Diversified,Equity Index Option,North America,Multi Cap,Liquid,SPY,underlying_proxy,proxy
2025-02-28,H_TLT,H_TLT,iShares 20+ Year Treasury Bond ETF,etf,long,13.5,13.5,13.5,13.5,etf,0.019525699074264914,0.019525699074264914,0.019525699074264914,Fixed Income & Liquid Credit,Long Duration Treasuries,Fixed Income / Sovereign,Government Bonds,North America,Non-classifiable,Liquid,TLT,benchmark_proxy,proxy
2025-02-28,H_VNQ,H_VNQ,US Listed REIT ETF Proxy,etf,long,5.698,5.698,5.698,5.698,etf,0.00824129135741937,0.00824129135741937,0.00824129135741937,Hedge Funds / Absolute Return,Listed Real Estate,Real Estate,REITs,North America,Mid Cap,Liquid,VNQ,lookthrough,lookthrough
2025-03-31,H_2800HK,H_2800HK,Tracker Fund of Hong Kong ETF,etf,long,11.5521,11.5521,11.5521,11.5521,etf,0.016498067077943695,0.016498067077943695,0.016498067077943695,Global Public Equities,Hong Kong Broad Market,Multi-Sector / Diversified,Hong Kong Equity ETF,Greater China,Large Cap,Liquid,2800.HK,lookthrough,lookthrough
2025-03-31,H_ACWI,H_ACWI,iShares MSCI ACWI ETF,etf,long,18.3251,18.3251,18.3251,18.3251,etf,0.02617088918984652,0.02617088918984652,0.02617088918984652,Global Public Equities,Global Equity Core,Multi-Sector / Diversified,Broad Market ETF,Global / Multi-region,Multi Cap,Liquid,ACWI,lookthrough,lookthrough
2025-03-31,H_AGG,H_AGG,iShares Core US Aggregate Bond ETF,etf,long,23.3461,23.3461,23.3461,23.3461,etf,0.03334160228948687,0.03334160228948687,0.03334160228948687,Fixed Income & Liquid Credit,US Aggregate Bonds,Fixed Income / Credit,Aggregate Bonds,North America,Non-classifiable,Liquid,AGG,benchmark_proxy,proxy
2025-03-31,H_BABA,H_BABA,Alibaba ADR,equity,long,6.7387,6.7387,6.7387,6.7387,equity,0.009623836758523487,0.009623836758523487,0.009623836758523487,Global Public Equities,China Internet ADR,Consumer Discretionary,Broadline Retail,Greater China,Large Cap,Liquid,BABA,direct,direct
2025-03-31,H_BIL,H_BIL,SPDR 1-3 Month T-Bill ETF,etf,long,7.782,7.782,7.782,7.782,etf,0.011113819825015178,0.011113819825015178,0.011113819825015178,Fixed Income & Liquid Credit,Treasury Bills,Fixed Income / Sovereign,Treasury Bills,North America,Non-classifiable,Liquid,BIL,benchmark_proxy,proxy
2025-03-31,H_BRKB,H_BRKB,Berkshire Hathaway Class B,equity,long,10.8621,10.8621,10.8621,10.8621,equity,0.015512647432703336,0.015512647432703336,0.015512647432703336,Global Public Equities,US Quality Compounder,Financials,Multi-Sector Holdings,North America,Mega Cap,Liquid,BRK.B,direct,direct
2025-03-31,H_CASH_HKD,H_CASH_HKD,HKD Working Capital,cash,long,2.3602,2.3602,2.3602,2.3602,cash,0.0033707064444873838,0.0033707064444873838,0.0033707064444873838,Cash & Liquidity,Cash Accounts,Cash,Cash,Global / Multi-region,Non-classifiable,Cash,,direct,direct
2025-03-31,H_CASH_JPY,H_CASH_JPY,JPY Treasury Buffer,cash,long,1.5735,1.5735,1.5735,1.5735,cash,0.0022471852344720356,0.0022471852344720356,0.0022471852344720356,Cash & Liquidity,Cash Accounts,Cash,Cash,Global / Multi-region,Non-classifiable,Cash,,direct,direct
2025-03-31,H_CASH_OPS_USD,H_CASH_OPS_USD,USD Operating Cash,cash,long,11.801,11.801,11.801,11.801,cash,0.01685353222243692,0.01685353222243692,0.01685353222243692,Cash & Liquidity,Cash Accounts,Cash,Cash,Global / Multi-region,Non-classifiable,Cash,,direct,direct
2025-03-31,H_CASH_RESERVE_USD,H_CASH_RESERVE_USD,USD Liquidity Reserve,cash,long,4.4254,4.4254,4.4254,4.4254,cash,0.00632011028702418,0.00632011028702418,0.00632011028702418,Cash & Liquidity,Cash Accounts,Cash,Cash,Global / Multi-region,Non-classifiable,Cash,,direct,direct
2025-03-31,H_CASH_SGD,H_CASH_SGD,SGD Near-Term Reserve,cash,long,1.9668,1.9668,1.9668,1.9668,cash,0.0028088744322590405,0.0028088744322590405,0.0028088744322590405,Cash & Liquidity,Cash Accounts,Cash,Cash,Global / Multi-region,Non-classifiable,Cash,,direct,direct
2025-03-31,H_CNYA,H_CNYA,iShares MSCI China A ETF,etf,long,7.7014,7.7014,7.7014,7.7014,etf,0.010998711385295797,0.010998711385295797,0.010998711385295797,Global Public Equities,China A-Shares,Multi-Sector / Diversified,China A-Shares ETF,Greater China,All Cap,Liquid,CNYA,lookthrough,lookthrough
2025-03-31,H_DBC,H_DBC,Broad Commodities ETF Proxy,etf,long,7.6797,7.6797,7.6797,7.6797,etf,0.010967720651525195,0.010967720651525195,0.010967720651525195,Hedge Funds / Absolute Return,Commodities,Commodities,Broad Commodities,Global / Multi-region,Non-classifiable,Liquid,DBC,benchmark_proxy,proxy
2025-03-31,H_DBMF,H_DBMF,Managed Futures ETF Proxy,etf,long,9.5997,9.5997,9.5997,9.5997,etf,0.013709757925237497,0.013709757925237497,0.013709757925237497,Hedge Funds / Absolute Return,Managed Futures,Multi-Strategy,Managed Futures,Global / Multi-region,Non-classifiable,Liquid,DBMF,benchmark_proxy,proxy
2025-03-31,H_EEM,H_EEM,iShares MSCI Emerging Markets ETF,etf,long,6.4138,6.4138,6.4138,6.4138,etf,0.009159832638612484,0.009159832638612484,0.009159832638612484,Global Public Equities,Emerging Markets Core,Multi-Sector / Diversified,EM Equity ETF,Global / Multi-region,All Cap,Liquid,EEM,lookthrough,lookthrough
2025-03-31,H_EMB,H_EMB,iShares Emerging Markets Bond ETF,etf,long,7.782,7.782,7.782,7.782,etf,0.011113819825015178,0.011113819825015178,0.011113819825015178,Fixed Income & Liquid Credit,EM Sovereign / Credit,Fixed Income / Credit,EM Debt,Global / Multi-region,Non-classifiable,Liquid,EMB,benchmark_proxy,proxy
2025-03-31,H_ES_SHORT,H_ES_SHORT,S&P 500 Overlay Short Future,future,short,2.7155,-16.293,16.293,-16.293,signed_notional,0.0038781261545654993,0.023268756927392994,-0.023268756927392994,Global Public Equities,Equity Index Overlay,Multi-Sector / Diversified,Equity Index Future,North America,Multi Cap,Liquid,SPY,underlying_proxy,proxy
2025-03-31,H_EWJ,H_EWJ,iShares MSCI Japan ETF,etf,long,6.4469,6.4469,6.4469,6.4469,etf,0.009207104218695753,0.009207104218695753,0.009207104218695753,Global Public Equities,Japan Equities,Multi-Sector / Diversified,Japan Equity ETF,Japan,Large Cap,Liquid,EWJ,lookthrough,lookthrough
2025-03-31,H_EWS,H_EWS,iShares MSCI Singapore ETF,etf,long,2.7336,2.7336,2.7336,2.7336,etf,0.0039039755684478913,0.0039039755684478913,0.0039039755684478913,Global Public Equities,Southeast Asia Equities,Multi-Sector / Diversified,Southeast Asia Equity ETF,Southeast Asia,Large Cap,Liquid,EWS,lookthrough,lookthrough
2025-03-31,H_EWY,H_EWY,iShares MSCI South Korea ETF,etf,long,4.6486,4.6486,4.6486,4.6486,etf,0.006638872120093235,0.006638872120093235,0.006638872120093235,Global Public Equities,Korea Equities,Multi-Sector / Diversified,Korea Equity ETF,Korea,Large Cap,Liquid,EWY,lookthrough,lookthrough
2025-03-31,H_GLD,H_GLD,SPDR Gold Shares,etf,long,9.5467,9.5467,9.5467,9.5467,etf,0.01363406627132773,0.01363406627132773,0.01363406627132773,Hedge Funds / Absolute Return,Gold / Defensive,Commodities / Precious Metals,Gold,Global / Multi-region,Non-classifiable,Liquid,GLD,benchmark_proxy,proxy
2025-03-31,H_GMACRO,H_GMACRO,Global Macro Hedge Fund Sleeve,fund,long,17.2794,17.2794,17.2794,17.2794,fund,0.02467747857676269,0.02467747857676269,0.02467747857676269,Hedge Funds / Absolute Return,Global Macro,Multi-Strategy,Global Macro,Global / Multi-region,Non-classifiable,Semi-Liquid,GMACRO,mandate_proxy,proxy
2025-03-31,H_GOOGL,H_GOOGL,Alphabet Class A,equity,long,8.1466,8.1466,8.1466,8.1466,equity,0.011634521278137836,0.011634521278137836,0.011634521278137836,Global Public Equities,US Mega-cap Technology,Communication Services,Interactive Media,North America,Mega Cap,Liquid,GOOGL,direct,direct
2025-03-31,H_HSI_FUT,H_HSI_FUT,Hang Seng Index Tactical Long Future,future,long,2.4067,8.66412,8.66412,8.66412,signed_notional,0.003437115159710104,0.012373614574956374,0.012373614574956374,Global Public Equities,Greater China Tactical Overlay,Multi-Sector / Diversified,Equity Index Future,Greater China,Large Cap,Liquid,2800.HK,underlying_proxy,proxy
2025-03-31,H_HSTECH,H_HSTECH,Hang Seng TECH ETF-style Exposure,etf,long,9.6268,9.6268,9.6268,9.6268,etf,0.013748460638840415,0.013748460638840415,0.013748460638840415,Global Public Equities,Hong Kong / China Technology,Information Technology,Technology ETF,Greater China,Large Cap,Liquid,3067.HK,lookthrough,lookthrough
2025-03-31,H_HYG,H_HYG,iShares High Yield Corporate Bond ETF,etf,long,8.7548,8.7548,8.7548,8.7548,etf,0.012503118710362743,0.012503118710362743,0.012503118710362743,Fixed Income & Liquid Credit,High Yield Credit,Fixed Income / Credit,High Yield Credit,North America,Non-classifiable,Liquid,HYG,benchmark_proxy,proxy
2025-03-31,H_IGIB,H_IGIB,iShares 5-10 Year Investment Grade Corporate Bond ETF,etf,long,11.673,11.673,11.673,11.673,etf,0.016670729737522767,0.016670729737522767,0.016670729737522767,Fixed Income & Liquid Credit,Investment Grade Credit,Fixed Income / Credit,Investment Grade Credit,North America,Non-classifiable,Liquid,IGIB,benchmark_proxy,proxy
2025-03-31,H_INDA,H_INDA,iShares MSCI India ETF,etf,long,6.2599,6.2599,6.2599,6.2599,etf,0.008940041213391483,0.008940041213391483,0.008940041213391483,Global Public Equities,India Equities,Multi-Sector / Diversified,India Equity ETF,India,All Cap,Liquid,INDA,lookthrough,lookthrough
2025-03-31,H_JD,H_JD,JD.com ADR,equity,long,4.8134,4.8134,4.8134,4.8134,equity,0.006874230319420208,0.006874230319420208,0.006874230319420208,Global Public Equities,China E-commerce ADR,Consumer Discretionary,Broadline Retail,Greater China,Large Cap,Liquid,JD,direct,direct
2025-03-31,H_LQD,H_LQD,iShares Investment Grade Corporate Bond ETF,etf,long,7.782,7.782,7.782,7.782,etf,0.011113819825015178,0.011113819825015178,0.011113819825015178,Fixed Income & Liquid Credit,Investment Grade Credit,Fixed Income / Credit,Investment Grade Credit,North America,Non-classifiable,Liquid,LQD,benchmark_proxy,proxy
2025-03-31,H_MKTNEUT,H_MKTNEUT,Equity Market Neutral Fund Sleeve,fund,long,15.3595,15.3595,15.3595,15.3595,fund,0.02193558411749173,0.02193558411749173,0.02193558411749173,Hedge Funds / Absolute Return,Equity Market Neutral,Multi-Strategy,Equity Market Neutral,Global / Multi-region,Non-classifiable,Semi-Liquid,MKTNEUT,mandate_proxy,proxy
2025-03-31,H_MSFT,H_MSFT,Microsoft,equity,long,9.0517,9.0517,9.0517,9.0517,equity,0.012927134786698777,0.012927134786698777,0.012927134786698777,Global Public Equities,US Mega-cap Technology,Information Technology,Software,North America,Mega Cap,Liquid,MSFT,direct,direct
2025-03-31,H_NQ_SHORT,H_NQ_SHORT,Nasdaq Overlay Short Future,future,short,1.8103,-10.8618,10.8618,-10.8618,signed_notional,0.00258536983156322,0.01551221898937932,-0.01551221898937932,Global Public Equities,Technology Overlay,Information Technology,Equity Index Future,North America,Mega Cap,Liquid,QQQ,underlying_proxy,proxy
2025-03-31,H_NVDA,H_NVDA,NVIDIA,equity,long,7.2414,7.2414,7.2414,7.2414,equity,0.010341764955135557,0.010341764955135557,0.010341764955135557,Global Public Equities,US Semiconductor Growth,Information Technology,Semiconductors,North America,Mega Cap,Liquid,NVDA,direct,direct
2025-03-31,H_PDD,H_PDD,PDD Holdings ADR,equity,long,5.7761,5.7761,5.7761,5.7761,equity,0.008249104946192517,0.008249104946192517,0.008249104946192517,Global Public Equities,China Internet ADR,Consumer Discretionary,Broadline Retail,Greater China,Large Cap,Liquid,PDD,direct,direct
2025-03-31,H_PF_APAC_LOGISTICS,H_PF_APAC_LOGISTICS,APAC Logistics Real Estate Fund,private_fund,long,7.5051,7.5051,7.5051,7.5051,private_fund,0.010718366636946981,0.010718366636946981,0.010718366636946981,Real Estate,APAC Logistics,Industrial Real Estate,APAC Logistics,Japan,Non-classifiable,Illiquid,,mandate_proxy,proxy
2025-03-31,H_PF_APEX_SECONDARIES_II,H_PF_APEX_SECONDARIES_II,Apex Secondaries Fund II,private_fund,long,18.3622,18.3622,18.3622,18.3622,private_fund,0.02622387334758336,0.02622387334758336,0.02622387334758336,Private Equity,Secondaries,Diversified / Secondaries,Secondaries,Global / Multi-region,Non-classifiable,Illiquid,,mandate_proxy,proxy
2025-03-31,H_PF_ATLAS_COINV_I,H_PF_ATLAS_COINV_I,Atlas Co-Investment Fund I,private_fund,long,20.1984,20.1984,20.1984,20.1984,private_fund,0.028846232119453426,0.028846232119453426,0.028846232119453426,Private Equity,Co-investment,Business Services,Co-investment,North America,Non-classifiable,Illiquid,,mandate_proxy,proxy
2025-03-31,H_PF_BLUE_HORIZON_III,H_PF_BLUE_HORIZON_III,Blue Horizon Ventures III,private_fund,long,16.4058,16.4058,16.4058,16.4058,private_fund,0.023429851617223593,0.023429851617223593,0.023429851617223593,Venture Capital / Growth,US Technology VC,Information Technology,US Technology VC,North America,Non-classifiable,Illiquid,,mandate_proxy,proxy
2025-03-31,H_PF_CLIMATE_ALPHA,H_PF_CLIMATE_ALPHA,Climate Alpha Fund,private_fund,long,13.6715,13.6715,13.6715,13.6715,private_fund,0.019524876347686328,0.019524876347686328,0.019524876347686328,Venture Capital / Growth,Climate Technology,Climate / Industrials,Climate Technology,Global / Multi-region,Non-classifiable,Illiquid,,mandate_proxy,proxy
2025-03-31,H_PF_COVE_SPECIALTY_FIN,H_PF_COVE_SPECIALTY_FIN,Cove Specialty Finance Fund,private_fund,long,13.0393,13.0393,13.0393,13.0393,private_fund,0.018622003449540018,0.018622003449540018,0.018622003449540018,Private Credit,Specialty Finance,Financials,Specialty Finance,North America,Non-classifiable,Illiquid,,mandate_proxy,proxy
2025-03-31,H_PF_CRESCENT_DIRECT_LEND,H_PF_CRESCENT_DIRECT_LEND,Crescent Direct Lending Fund,private_fund,long,18.6275,18.6275,18.6275,18.6275,private_fund,0.026602760060456213,0.026602760060456213,0.026602760060456213,Private Credit,Senior Direct Lending,Diversified Credit,Senior Direct Lending,North America,Non-classifiable,Illiquid,,mandate_proxy,proxy
2025-03-31,H_PF_DIGITAL_INFRA,H_PF_DIGITAL_INFRA,Horizon Digital Infrastructure Fund,private_fund,long,7.4572,7.4572,7.4572,7.4572,private_fund,0.010649958519545514,0.010649958519545514,0.010649958519545514,Infrastructure,Digital Infrastructure,Diversified,Digital Infrastructure,Global / Multi-region,Non-classifiable,Illiquid,,mandate_proxy,proxy
2025-03-31,H_PF_DRAGONBRIDGE,H_PF_DRAGONBRIDGE,DragonBridge Greater China Fund,private_fund,long,25.707,25.707,25.707,25.707,private_fund,0.03671330843506363,0.03671330843506363,0.03671330843506363,Private Equity,Asia Buyout / Greater China,Consumer / Industrials,Asia Buyout / Greater China,Greater China,Non-classifiable,Illiquid,,mandate_proxy,proxy
2025-03-31,H_PF_GLOBAL_GROWTH_II,H_PF_GLOBAL_GROWTH_II,Redwood Growth Fund II,private_fund,long,18.2287,18.2287,18.2287,18.2287,private_fund,0.02603321606839555,0.02603321606839555,0.02603321606839555,Venture Capital / Growth,Global Growth Equity,Information Technology / Consumer,Global Growth Equity,Global / Multi-region,Non-classifiable,Illiquid,,mandate_proxy,proxy
2025-03-31,H_PF_HARBOR_PEAK_V,H_PF_HARBOR_PEAK_V,Harbor Peak Partners V,private_fund,long,27.5433,27.5433,27.5433,27.5433,private_fund,0.03933581002137504,0.03933581002137504,0.03933581002137504,Private Equity,Secondaries,Diversified / Secondaries,Secondaries,Global / Multi-region,Non-classifiable,Illiquid,,mandate_proxy,proxy
2025-03-31,H_PF_HARBOUR_CORE_RE,H_PF_HARBOUR_CORE_RE,Harbour Core Real Estate Fund,private_fund,long,18.7628,18.7628,18.7628,18.7628,private_fund,0.02679598799958812,0.02679598799958812,0.02679598799958812,Real Estate,Core Real Estate,Real Estate,Core Real Estate,Global / Multi-region,Non-classifiable,Illiquid,,mandate_proxy,proxy
2025-03-31,H_PF_HOME_MULTIFAMILY,H_PF_HOME_MULTIFAMILY,HomeStone Multifamily Fund,private_fund,long,11.2577,11.2577,11.2577,11.2577,private_fund,0.016077621362641143,0.016077621362641143,0.016077621362641143,Real Estate,US Multifamily,Residential Real Estate,US Multifamily,North America,Non-classifiable,Illiquid,,mandate_proxy,proxy
2025-03-31,H_PF_INDIA_DIGITAL,H_PF_INDIA_DIGITAL,Indigo India Digital Growth Fund,private_fund,long,10.9372,10.9372,10.9372,10.9372,private_fund,0.015619901078149064,0.015619901078149064,0.015619901078149064,Venture Capital / Growth,India Digital Growth,Information Technology,India Digital Growth,India,Non-classifiable,Illiquid,,mandate_proxy,proxy
2025-03-31,H_PF_INFRA_CORE,H_PF_INFRA_CORE,Evergreen Core Infrastructure Fund,private_fund,long,11.1858,11.1858,11.1858,11.1858,private_fund,0.01597493777931827,0.01597493777931827,0.01597493777931827,Infrastructure,Core Infrastructure,Infrastructure,Core Infrastructure,Global / Multi-region,Non-classifiable,Illiquid,,mandate_proxy,proxy
2025-03-31,H_PF_LIONROCK_CREDIT,H_PF_LIONROCK_CREDIT,LionRock Asia Private Credit Fund,private_fund,long,15.3677,15.3677,15.3677,15.3677,private_fund,0.02194729490168154,0.02194729490168154,0.02194729490168154,Private Credit,Asia Private Credit,Diversified Credit,Asia Private Credit,Southeast Asia,Non-classifiable,Illiquid,,mandate_proxy,proxy
2025-03-31,H_PF_METRO_LOGISTICS,H_PF_METRO_LOGISTICS,Metro Logistics Fund,private_fund,long,11.7268,11.7268,11.7268,11.7268,private_fund,0.016747563906963248,0.016747563906963248,0.016747563906963248,Real Estate,Logistics Real Estate,Industrial Real Estate,Logistics Real Estate,Southeast Asia,Non-classifiable,Illiquid,,mandate_proxy,proxy
2025-03-31,H_PF_NORTHSTAR_IV,H_PF_NORTHSTAR_IV,Northstar Buyout Fund IV,private_fund,long,32.1338,32.1338,32.1338,32.1338,private_fund,0.04589170695105021,0.04589170695105021,0.04589170695105021,Private Equity,Buyout,Industrials,Buyout,North America,Non-classifiable,Illiquid,,mandate_proxy,proxy
2025-03-31,H_PF_RENEWABLES_II,H_PF_RENEWABLES_II,SolarBridge Renewables Fund II,private_fund,long,9.3215,9.3215,9.3215,9.3215,private_fund,0.013312448149431892,0.013312448149431892,0.013312448149431892,Infrastructure,Renewables,Utilities / Infrastructure,Renewables,Global / Multi-region,Non-classifiable,Illiquid,,mandate_proxy,proxy
2025-03-31,H_PF_SEEDSPRING_I,H_PF_SEEDSPRING_I,SeedSpring Southeast Asia VC Fund I,private_fund,long,9.1144,9.1144,9.1144,9.1144,private_fund,0.013016679441418445,0.013016679441418445,0.013016679441418445,Venture Capital / Growth,Southeast Asia VC,Information Technology / Consumer,Southeast Asia VC,Southeast Asia,Non-classifiable,Illiquid,,mandate_proxy,proxy
2025-03-31,H_PF_SPRING_OPP_CREDIT,H_PF_SPRING_OPP_CREDIT,Spring Point Opportunistic Credit Fund,private_fund,long,15.8334,15.8334,15.8334,15.8334,private_fund,0.022612381754998113,0.022612381754998113,0.022612381754998113,Private Credit,Opportunistic Credit,Special Situations Credit,Opportunistic Credit,Global / Multi-region,Non-classifiable,Illiquid,,mandate_proxy,proxy
2025-03-31,H_QAI,H_QAI,Multi-Strategy Liquid Alternatives ETF Proxy,etf,long,6.7198,6.7198,6.7198,6.7198,etf,0.009596844829110383,0.009596844829110383,0.009596844829110383,Hedge Funds / Absolute Return,Multi-Strategy Absolute Return,Multi-Strategy,Absolute Return,Global / Multi-region,Non-classifiable,Liquid,QAI,benchmark_proxy,proxy
2025-03-31,H_QQQ,H_QQQ,Invesco QQQ Trust,etf,long,21.7242,21.7242,21.7242,21.7242,etf,0.031025294865406672,0.031025294865406672,0.031025294865406672,Global Public Equities,US Technology / Growth,Information Technology,Growth / Technology ETF,North America,Mega Cap,Liquid,QQQ,lookthrough,lookthrough
2025-03-31,H_SPY,H_SPY,SPDR S&P 500 ETF,etf,long,36.207,36.207,36.207,36.207,etf,0.051708824775677786,0.051708824775677786,0.051708824775677786,Global Public Equities,US Large Cap Core,Multi-Sector / Diversified,Broad Market ETF,North America,Multi Cap,Liquid,SPY,lookthrough,lookthrough
2025-03-31,H_SPY_PUT,H_SPY_PUT,S&P 500 Protective Put Overlay,listed_option,long,1.8103,-7.2412,10.8618,-7.2412,delta_adjusted_exposure,0.00258536983156322,0.01551221898937932,-0.01034147932625288,Global Public Equities,Options Overlay,Multi-Sector / Diversified,Equity Index Option,North America,Multi Cap,Liquid,SPY,underlying_proxy,proxy
2025-03-31,H_TLT,H_TLT,iShares 20+ Year Treasury Bond ETF,etf,long,13.6186,13.6186,13.6186,13.6186,etf,0.0194493275082179,0.0194493275082179,0.0194493275082179,Fixed Income & Liquid Credit,Long Duration Treasuries,Fixed Income / Sovereign,Government Bonds,North America,Non-classifiable,Liquid,TLT,benchmark_proxy,proxy
2025-03-31,H_VNQ,H_VNQ,US Listed REIT ETF Proxy,etf,long,5.7598,5.7598,5.7598,5.7598,etf,0.00822582619225423,0.00822582619225423,0.00822582619225423,Hedge Funds / Absolute Return,Listed Real Estate,Real Estate,REITs,North America,Mid Cap,Liquid,VNQ,lookthrough,lookthrough
2025-04-30,H_2800HK,H_2800HK,Tracker Fund of Hong Kong ETF,etf,long,11.6192,11.6192,11.6192,11.6192,etf,0.016446645785631944,0.016446645785631944,0.016446645785631944,Global Public Equities,Hong Kong Broad Market,Multi-Sector / Diversified,Hong Kong Equity ETF,Greater China,Large Cap,Liquid,2800.HK,lookthrough,lookthrough
2025-04-30,H_ACWI,H_ACWI,iShares MSCI ACWI ETF,etf,long,18.5526,18.5526,18.5526,18.5526,etf,0.026260675485619948,0.026260675485619948,0.026260675485619948,Global Public Equities,Global Equity Core,Multi-Sector / Diversified,Broad Market ETF,Global / Multi-region,Multi Cap,Liquid,ACWI,lookthrough,lookthrough
2025-04-30,H_AGG,H_AGG,iShares Core US Aggregate Bond ETF,etf,long,23.476,23.476,23.476,23.476,etf,0.03322960758602103,0.03322960758602103,0.03322960758602103,Fixed Income & Liquid Credit,US Aggregate Bonds,Fixed Income / Credit,Aggregate Bonds,North America,Non-classifiable,Liquid,AGG,benchmark_proxy,proxy
2025-04-30,H_BABA,H_BABA,Alibaba ADR,equity,long,6.7779,6.7779,6.7779,6.7779,equity,0.009593923890666722,0.009593923890666722,0.009593923890666722,Global Public Equities,China Internet ADR,Consumer Discretionary,Broadline Retail,Greater China,Large Cap,Liquid,BABA,direct,direct
2025-04-30,H_BIL,H_BIL,SPDR 1-3 Month T-Bill ETF,etf,long,7.8253,7.8253,7.8253,7.8253,etf,0.011076488679625593,0.011076488679625593,0.011076488679625593,Fixed Income & Liquid Credit,Treasury Bills,Fixed Income / Sovereign,Treasury Bills,North America,Non-classifiable,Liquid,BIL,benchmark_proxy,proxy
2025-04-30,H_BRKB,H_BRKB,Berkshire Hathaway Class B,equity,long,11.0508,11.0508,11.0508,11.0508,equity,0.015642091817669162,0.015642091817669162,0.015642091817669162,Global Public Equities,US Quality Compounder,Financials,Multi-Sector Holdings,North America,Mega Cap,Liquid,BRK.B,direct,direct
2025-04-30,H_CASH_HKD,H_CASH_HKD,HKD Working Capital,cash,long,2.3664,2.3664,2.3664,2.3664,cash,0.003349571621722618,0.003349571621722618,0.003349571621722618,Cash & Liquidity,Cash Accounts,Cash,Cash,Global / Multi-region,Non-classifiable,Cash,,direct,direct
2025-04-30,H_CASH_JPY,H_CASH_JPY,JPY Treasury Buffer,cash,long,1.5776,1.5776,1.5776,1.5776,cash,0.0022330477478150782,0.0022330477478150782,0.0022330477478150782,Cash & Liquidity,Cash Accounts,Cash,Cash,Global / Multi-region,Non-classifiable,Cash,,direct,direct
2025-04-30,H_CASH_OPS_USD,H_CASH_OPS_USD,USD Operating Cash,cash,long,11.832,11.832,11.832,11.832,cash,0.016747858108613088,0.016747858108613088,0.016747858108613088,Cash & Liquidity,Cash Accounts,Cash,Cash,Global / Multi-region,Non-classifiable,Cash,,direct,direct
2025-04-30,H_CASH_RESERVE_USD,H_CASH_RESERVE_USD,USD Liquidity Reserve,cash,long,4.437,4.437,4.437,4.437,cash,0.006280446790729908,0.006280446790729908,0.006280446790729908,Cash & Liquidity,Cash Accounts,Cash,Cash,Global / Multi-region,Non-classifiable,Cash,,direct,direct
2025-04-30,H_CASH_SGD,H_CASH_SGD,SGD Near-Term Reserve,cash,long,1.972,1.972,1.972,1.972,cash,0.002791309684768848,0.002791309684768848,0.002791309684768848,Cash & Liquidity,Cash Accounts,Cash,Cash,Global / Multi-region,Non-classifiable,Cash,,direct,direct
2025-04-30,H_CNYA,H_CNYA,iShares MSCI China A ETF,etf,long,7.7462,7.7462,7.7462,7.7462,etf,0.01096452488851747,0.01096452488851747,0.01096452488851747,Global Public Equities,China A-Shares,Multi-Sector / Diversified,China A-Shares ETF,Greater China,All Cap,Liquid,CNYA,lookthrough,lookthrough
2025-04-30,H_DBC,H_DBC,Broad Commodities ETF Proxy,etf,long,7.7266,7.7266,7.7266,7.7266,etf,0.010936781648242891,0.010936781648242891,0.010936781648242891,Hedge Funds / Absolute Return,Commodities,Commodities,Broad Commodities,Global / Multi-region,Non-classifiable,Liquid,DBC,benchmark_proxy,proxy
2025-04-30,H_DBMF,H_DBMF,Managed Futures ETF Proxy,etf,long,9.6582,9.6582,9.6582,9.6582,etf,0.013670906286731486,0.013670906286731486,0.013670906286731486,Hedge Funds / Absolute Return,Managed Futures,Multi-Strategy,Managed Futures,Global / Multi-region,Non-classifiable,Liquid,DBMF,benchmark_proxy,proxy
2025-04-30,H_EEM,H_EEM,iShares MSCI Emerging Markets ETF,etf,long,6.4934,6.4934,6.4934,6.4934,etf,0.009191222265252555,0.009191222265252555,0.009191222265252555,Global Public Equities,Emerging Markets Core,Multi-Sector / Diversified,EM Equity ETF,Global / Multi-region,All Cap,Liquid,EEM,lookthrough,lookthrough
2025-04-30,H_EMB,H_EMB,iShares Emerging Markets Bond ETF,etf,long,7.8253,7.8253,7.8253,7.8253,etf,0.011076488679625593,0.011076488679625593,0.011076488679625593,Fixed Income & Liquid Credit,EM Sovereign / Credit,Fixed Income / Credit,EM Debt,Global / Multi-region,Non-classifiable,Liquid,EMB,benchmark_proxy,proxy
2025-04-30,H_ES_SHORT,H_ES_SHORT,S&P 500 Overlay Short Future,future,short,2.7627,-16.5762,16.5762,-16.5762,signed_notional,0.0039105229544172905,0.02346313772650374,-0.02346313772650374,Global Public Equities,Equity Index Overlay,Multi-Sector / Diversified,Equity Index Future,North America,Multi Cap,Liquid,SPY,underlying_proxy,proxy
2025-04-30,H_EWJ,H_EWJ,iShares MSCI Japan ETF,etf,long,6.5095,6.5095,6.5095,6.5095,etf,0.009214011355478101,0.009214011355478101,0.009214011355478101,Global Public Equities,Japan Equities,Multi-Sector / Diversified,Japan Equity ETF,Japan,Large Cap,Liquid,EWJ,lookthrough,lookthrough
2025-04-30,H_EWS,H_EWS,iShares MSCI Singapore ETF,etf,long,2.746,2.746,2.746,2.746,etf,0.003886884581326195,0.003886884581326195,0.003886884581326195,Global Public Equities,Southeast Asia Equities,Multi-Sector / Diversified,Southeast Asia Equity ETF,Southeast Asia,Large Cap,Liquid,EWS,lookthrough,lookthrough
2025-04-30,H_EWY,H_EWY,iShares MSCI South Korea ETF,etf,long,4.6794,4.6794,4.6794,4.6794,etf,0.006623557068411434,0.006623557068411434,0.006623557068411434,Global Public Equities,Korea Equities,Multi-Sector / Diversified,Korea Equity ETF,Korea,Large Cap,Liquid,EWY,lookthrough,lookthrough
2025-04-30,H_GLD,H_GLD,SPDR Gold Shares,etf,long,9.6593,9.6593,9.6593,9.6593,etf,0.013672463305318324,0.013672463305318324,0.013672463305318324,Hedge Funds / Absolute Return,Gold / Defensive,Commodities / Precious Metals,Gold,Global / Multi-region,Non-classifiable,Liquid,GLD,benchmark_proxy,proxy
2025-04-30,H_GMACRO,H_GMACRO,Global Macro Hedge Fund Sleeve,fund,long,17.3847,17.3847,17.3847,17.3847,fund,0.024607546387830116,0.024607546387830116,0.024607546387830116,Hedge Funds / Absolute Return,Global Macro,Multi-Strategy,Global Macro,Global / Multi-region,Non-classifiable,Semi-Liquid,GMACRO,mandate_proxy,proxy
2025-04-30,H_GOOGL,H_GOOGL,Alphabet Class A,equity,long,8.2881,8.2881,8.2881,8.2881,equity,0.01173156886325187,0.01173156886325187,0.01173156886325187,Global Public Equities,US Mega-cap Technology,Communication Services,Interactive Media,North America,Mega Cap,Liquid,GOOGL,direct,direct
2025-04-30,H_HSI_FUT,H_HSI_FUT,Hang Seng Index Tactical Long Future,future,long,2.4207,8.71452,8.71452,8.71452,signed_notional,0.0034264317210547417,0.01233515419579707,0.01233515419579707,Global Public Equities,Greater China Tactical Overlay,Multi-Sector / Diversified,Equity Index Future,Greater China,Large Cap,Liquid,2800.HK,underlying_proxy,proxy
2025-04-30,H_HSTECH,H_HSTECH,Hang Seng TECH ETF-style Exposure,etf,long,9.6827,9.6827,9.6827,9.6827,etf,0.01370558533707471,0.01370558533707471,0.01370558533707471,Global Public Equities,Hong Kong / China Technology,Information Technology,Technology ETF,Greater China,Large Cap,Liquid,3067.HK,lookthrough,lookthrough
2025-04-30,H_HYG,H_HYG,iShares High Yield Corporate Bond ETF,etf,long,8.8035,8.8035,8.8035,8.8035,etf,0.012461102844757887,0.012461102844757887,0.012461102844757887,Fixed Income & Liquid Credit,High Yield Credit,Fixed Income / Credit,High Yield Credit,North America,Non-classifiable,Liquid,HYG,benchmark_proxy,proxy
2025-04-30,H_IGIB,H_IGIB,iShares 5-10 Year Investment Grade Corporate Bond ETF,etf,long,11.738,11.738,11.738,11.738,etf,0.016614803793010516,0.016614803793010516,0.016614803793010516,Fixed Income & Liquid Credit,Investment Grade Credit,Fixed Income / Credit,Investment Grade Credit,North America,Non-classifiable,Liquid,IGIB,benchmark_proxy,proxy
2025-04-30,H_INDA,H_INDA,iShares MSCI India ETF,etf,long,6.369,6.369,6.369,6.369,etf,0.009015137617795533,0.009015137617795533,0.009015137617795533,Global Public Equities,India Equities,Multi-Sector / Diversified,India Equity ETF,India,All Cap,Liquid,INDA,lookthrough,lookthrough
2025-04-30,H_JD,H_JD,JD.com ADR,equity,long,4.8413,4.8413,4.8413,4.8413,equity,0.006852721894965225,0.006852721894965225,0.006852721894965225,Global Public Equities,China E-commerce ADR,Consumer Discretionary,Broadline Retail,Greater China,Large Cap,Liquid,JD,direct,direct
2025-04-30,H_LQD,H_LQD,iShares Investment Grade Corporate Bond ETF,etf,long,7.8253,7.8253,7.8253,7.8253,etf,0.011076488679625593,0.011076488679625593,0.011076488679625593,Fixed Income & Liquid Credit,Investment Grade Credit,Fixed Income / Credit,Investment Grade Credit,North America,Non-classifiable,Liquid,LQD,benchmark_proxy,proxy
2025-04-30,H_MKTNEUT,H_MKTNEUT,Equity Market Neutral Fund Sleeve,fund,long,15.4531,15.4531,15.4531,15.4531,fund,0.021873421749341523,0.021873421749341523,0.021873421749341523,Hedge Funds / Absolute Return,Equity Market Neutral,Multi-Strategy,Equity Market Neutral,Global / Multi-region,Non-classifiable,Semi-Liquid,MKTNEUT,mandate_proxy,proxy
2025-04-30,H_MSFT,H_MSFT,Microsoft,equity,long,9.209,9.209,9.209,9.209,equity,0.013035076514724301,0.013035076514724301,0.013035076514724301,Global Public Equities,US Mega-cap Technology,Information Technology,Software,North America,Mega Cap,Liquid,MSFT,direct,direct
2025-04-30,H_NQ_SHORT,H_NQ_SHORT,Nasdaq Overlay Short Future,future,short,1.8418,-11.0508,11.0508,-11.0508,signed_notional,0.0026070153029448605,0.015642091817669162,-0.015642091817669162,Global Public Equities,Technology Overlay,Information Technology,Equity Index Future,North America,Mega Cap,Liquid,QQQ,underlying_proxy,proxy
2025-04-30,H_NVDA,H_NVDA,NVIDIA,equity,long,7.3672,7.3672,7.3672,7.3672,equity,0.010428061211779442,0.010428061211779442,0.010428061211779442,Global Public Equities,US Semiconductor Growth,Information Technology,Semiconductors,North America,Mega Cap,Liquid,NVDA,direct,direct
2025-04-30,H_PDD,H_PDD,PDD Holdings ADR,equity,long,5.8096,5.8096,5.8096,5.8096,equity,0.008223322892815972,0.008223322892815972,0.008223322892815972,Global Public Equities,China Internet ADR,Consumer Discretionary,Broadline Retail,Greater China,Large Cap,Liquid,PDD,direct,direct
2025-04-30,H_PF_APAC_LOGISTICS,H_PF_APAC_LOGISTICS,APAC Logistics Real Estate Fund,private_fund,long,7.5417,7.5417,7.5417,7.5417,private_fund,0.010675060978509746,0.010675060978509746,0.010675060978509746,Real Estate,APAC Logistics,Industrial Real Estate,APAC Logistics,Japan,Non-classifiable,Illiquid,,mandate_proxy,proxy
2025-04-30,H_PF_APEX_SECONDARIES_II,H_PF_APEX_SECONDARIES_II,Apex Secondaries Fund II,private_fund,long,18.5579,18.5579,18.5579,18.5579,private_fund,0.02626817748426562,0.02626817748426562,0.02626817748426562,Private Equity,Secondaries,Diversified / Secondaries,Secondaries,Global / Multi-region,Non-classifiable,Illiquid,,mandate_proxy,proxy
2025-04-30,H_PF_ATLAS_COINV_I,H_PF_ATLAS_COINV_I,Atlas Co-Investment Fund I,private_fund,long,20.4137,20.4137,20.4137,20.4137,private_fund,0.028895009387406606,0.028895009387406606,0.028895009387406606,Private Equity,Co-investment,Business Services,Co-investment,North America,Non-classifiable,Illiquid,,mandate_proxy,proxy
2025-04-30,H_PF_BLUE_HORIZON_III,H_PF_BLUE_HORIZON_III,Blue Horizon Ventures III,private_fund,long,16.5698,16.5698,16.5698,16.5698,private_fund,0.02345407870927123,0.02345407870927123,0.02345407870927123,Venture Capital / Growth,US Technology VC,Information Technology,US Technology VC,North America,Non-classifiable,Illiquid,,mandate_proxy,proxy
2025-04-30,H_PF_CLIMATE_ALPHA,H_PF_CLIMATE_ALPHA,Climate Alpha Fund,private_fund,long,13.8082,13.8082,13.8082,13.8082,private_fund,0.019545112773440773,0.019545112773440773,0.019545112773440773,Venture Capital / Growth,Climate Technology,Climate / Industrials,Climate Technology,Global / Multi-region,Non-classifiable,Illiquid,,mandate_proxy,proxy
2025-04-30,H_PF_COVE_SPECIALTY_FIN,H_PF_COVE_SPECIALTY_FIN,Cove Specialty Finance Fund,private_fund,long,13.1153,13.1153,13.1153,13.1153,private_fund,0.01856433261087671,0.01856433261087671,0.01856433261087671,Private Credit,Specialty Finance,Financials,Specialty Finance,North America,Non-classifiable,Illiquid,,mandate_proxy,proxy
2025-04-30,H_PF_CRESCENT_DIRECT_LEND,H_PF_CRESCENT_DIRECT_LEND,Crescent Direct Lending Fund,private_fund,long,18.7361,18.7361,18.7361,18.7361,private_fund,0.026520414495333475,0.026520414495333475,0.026520414495333475,Private Credit,Senior Direct Lending,Diversified Credit,Senior Direct Lending,North America,Non-classifiable,Illiquid,,mandate_proxy,proxy
2025-04-30,H_PF_DIGITAL_INFRA,H_PF_DIGITAL_INFRA,Horizon Digital Infrastructure Fund,private_fund,long,7.4902,7.4902,7.4902,7.4902,private_fund,0.010602164199216849,0.010602164199216849,0.010602164199216849,Infrastructure,Digital Infrastructure,Diversified,Digital Infrastructure,Global / Multi-region,Non-classifiable,Illiquid,,mandate_proxy,proxy
2025-04-30,H_PF_DRAGONBRIDGE,H_PF_DRAGONBRIDGE,DragonBridge Greater China Fund,private_fund,long,25.9811,25.9811,25.9811,25.9811,private_fund,0.03677550509682957,0.03677550509682957,0.03677550509682957,Private Equity,Asia Buyout / Greater China,Consumer / Industrials,Asia Buyout / Greater China,Greater China,Non-classifiable,Illiquid,,mandate_proxy,proxy
2025-04-30,H_PF_GLOBAL_GROWTH_II,H_PF_GLOBAL_GROWTH_II,Redwood Growth Fund II,private_fund,long,18.4109,18.4109,18.4109,18.4109,private_fund,0.026060103182206282,0.026060103182206282,0.026060103182206282,Venture Capital / Growth,Global Growth Equity,Information Technology / Consumer,Global Growth Equity,Global / Multi-region,Non-classifiable,Illiquid,,mandate_proxy,proxy
2025-04-30,H_PF_HARBOR_PEAK_V,H_PF_HARBOR_PEAK_V,Harbor Peak Partners V,private_fund,long,27.8369,27.8369,27.8369,27.8369,private_fund,0.03940233699997056,0.03940233699997056,0.03940233699997056,Private Equity,Secondaries,Diversified / Secondaries,Secondaries,Global / Multi-region,Non-classifiable,Illiquid,,mandate_proxy,proxy
2025-04-30,H_PF_HARBOUR_CORE_RE,H_PF_HARBOUR_CORE_RE,Harbour Core Real Estate Fund,private_fund,long,18.8542,18.8542,18.8542,18.8542,private_fund,0.026687581672702236,0.026687581672702236,0.026687581672702236,Real Estate,Core Real Estate,Real Estate,Core Real Estate,Global / Multi-region,Non-classifiable,Illiquid,,mandate_proxy,proxy
2025-04-30,H_PF_HOME_MULTIFAMILY,H_PF_HOME_MULTIFAMILY,HomeStone Multifamily Fund,private_fund,long,11.3125,11.3125,11.3125,11.3125,private_fund,0.01601252069419249,0.01601252069419249,0.01601252069419249,Real Estate,US Multifamily,Residential Real Estate,US Multifamily,North America,Non-classifiable,Illiquid,,mandate_proxy,proxy
2025-04-30,H_PF_INDIA_DIGITAL,H_PF_INDIA_DIGITAL,Indigo India Digital Growth Fund,private_fund,long,11.0466,11.0466,11.0466,11.0466,private_fund,0.01563614683761032,0.01563614683761032,0.01563614683761032,Venture Capital / Growth,India Digital Growth,Information Technology,India Digital Growth,India,Non-classifiable,Illiquid,,mandate_proxy,proxy
2025-04-30,H_PF_INFRA_CORE,H_PF_INFRA_CORE,Evergreen Core Infrastructure Fund,private_fund,long,11.2353,11.2353,11.2353,11.2353,private_fund,0.015903246298825273,0.015903246298825273,0.015903246298825273,Infrastructure,Core Infrastructure,Infrastructure,Core Infrastructure,Global / Multi-region,Non-classifiable,Illiquid,,mandate_proxy,proxy
2025-04-30,H_PF_LIONROCK_CREDIT,H_PF_LIONROCK_CREDIT,LionRock Asia Private Credit Fund,private_fund,long,15.4573,15.4573,15.4573,15.4573,private_fund,0.021879366729400364,0.021879366729400364,0.021879366729400364,Private Credit,Asia Private Credit,Diversified Credit,Asia Private Credit,Southeast Asia,Non-classifiable,Illiquid,,mandate_proxy,proxy
2025-04-30,H_PF_METRO_LOGISTICS,H_PF_METRO_LOGISTICS,Metro Logistics Fund,private_fund,long,11.7839,11.7839,11.7839,11.7839,private_fund,0.016679773932224962,0.016679773932224962,0.016679773932224962,Real Estate,Logistics Real Estate,Industrial Real Estate,Logistics Real Estate,Southeast Asia,Non-classifiable,Illiquid,,mandate_proxy,proxy
2025-04-30,H_PF_NORTHSTAR_IV,H_PF_NORTHSTAR_IV,Northstar Buyout Fund IV,private_fund,long,32.4764,32.4764,32.4764,32.4764,private_fund,0.045969416757823026,0.045969416757823026,0.045969416757823026,Private Equity,Buyout,Industrials,Buyout,North America,Non-classifiable,Illiquid,,mandate_proxy,proxy
2025-04-30,H_PF_RENEWABLES_II,H_PF_RENEWABLES_II,SolarBridge Renewables Fund II,private_fund,long,9.3627,9.3627,9.3627,9.3627,private_fund,0.013252634475448931,0.013252634475448931,0.013252634475448931,Infrastructure,Renewables,Utilities / Infrastructure,Renewables,Global / Multi-region,Non-classifiable,Illiquid,,mandate_proxy,proxy
2025-04-30,H_PF_SEEDSPRING_I,H_PF_SEEDSPRING_I,SeedSpring Southeast Asia VC Fund I,private_fund,long,9.2055,9.2055,9.2055,9.2055,private_fund,0.013030122364675269,0.013030122364675269,0.013030122364675269,Venture Capital / Growth,Southeast Asia VC,Information Technology / Consumer,Southeast Asia VC,Southeast Asia,Non-classifiable,Illiquid,,mandate_proxy,proxy
2025-04-30,H_PF_SPRING_OPP_CREDIT,H_PF_SPRING_OPP_CREDIT,Spring Point Opportunistic Credit Fund,private_fund,long,15.9257,15.9257,15.9257,15.9257,private_fund,0.022542373553105094,0.022542373553105094,0.022542373553105094,Private Credit,Opportunistic Credit,Special Situations Credit,Opportunistic Credit,Global / Multi-region,Non-classifiable,Illiquid,,mandate_proxy,proxy
2025-04-30,H_QAI,H_QAI,Multi-Strategy Liquid Alternatives ETF Proxy,etf,long,6.7607,6.7607,6.7607,6.7607,etf,0.009569577781854336,0.009569577781854336,0.009569577781854336,Hedge Funds / Absolute Return,Multi-Strategy Absolute Return,Multi-Strategy,Absolute Return,Global / Multi-region,Non-classifiable,Liquid,QAI,benchmark_proxy,proxy
2025-04-30,H_QQQ,H_QQQ,Invesco QQQ Trust,etf,long,22.1015,22.1015,22.1015,22.1015,etf,0.03128404208819407,0.03128404208819407,0.03128404208819407,Global Public Equities,US Technology / Growth,Information Technology,Growth / Technology ETF,North America,Mega Cap,Liquid,QQQ,lookthrough,lookthrough
2025-04-30,H_SPY,H_SPY,SPDR S&P 500 ETF,etf,long,36.8359,36.8359,36.8359,36.8359,etf,0.05214016451175295,0.05214016451175295,0.05214016451175295,Global Public Equities,US Large Cap Core,Multi-Sector / Diversified,Broad Market ETF,North America,Multi Cap,Liquid,SPY,lookthrough,lookthrough
2025-04-30,H_SPY_PUT,H_SPY_PUT,S&P 500 Protective Put Overlay,listed_option,long,1.8418,-7.3672,11.0508,-7.3672,delta_adjusted_exposure,0.0026070153029448605,0.015642091817669162,-0.010428061211779442,Global Public Equities,Options Overlay,Multi-Sector / Diversified,Equity Index Option,North America,Multi Cap,Liquid,SPY,underlying_proxy,proxy
2025-04-30,H_TLT,H_TLT,iShares 20+ Year Treasury Bond ETF,etf,long,13.6943,13.6943,13.6943,13.6943,etf,0.01938389057613085,0.01938389057613085,0.01938389057613085,Fixed Income & Liquid Credit,Long Duration Treasuries,Fixed Income / Sovereign,Government Bonds,North America,Non-classifiable,Liquid,TLT,benchmark_proxy,proxy
2025-04-30,H_VNQ,H_VNQ,US Listed REIT ETF Proxy,etf,long,5.7949,5.7949,5.7949,5.7949,etf,0.00820251546261004,0.00820251546261004,0.00820251546261004,Hedge Funds / Absolute Return,Listed Real Estate,Real Estate,REITs,North America,Mid Cap,Liquid,VNQ,lookthrough,lookthrough
2025-05-31,H_2800HK,H_2800HK,Tracker Fund of Hong Kong ETF,etf,long,11.5922,11.5922,11.5922,11.5922,etf,0.016315619022231054,0.016315619022231054,0.016315619022231054,Global Public Equities,Hong Kong Broad Market,Multi-Sector / Diversified,Hong Kong Equity ETF,Greater China,Large Cap,Liquid,2800.HK,lookthrough,lookthrough
2025-05-31,H_ACWI,H_ACWI,iShares MSCI ACWI ETF,etf,long,18.6948,18.6948,18.6948,18.6948,etf,0.026312281922051477,0.026312281922051477,0.026312281922051477,Global Public Equities,Global Equity Core,Multi-Sector / Diversified,Broad Market ETF,Global / Multi-region,Multi Cap,Liquid,ACWI,lookthrough,lookthrough
2025-05-31,H_AGG,H_AGG,iShares Core US Aggregate Bond ETF,etf,long,23.5413,23.5413,23.5413,23.5413,etf,0.03313356240299925,0.03313356240299925,0.03313356240299925,Fixed Income & Liquid Credit,US Aggregate Bonds,Fixed Income / Credit,Aggregate Bonds,North America,Non-classifiable,Liquid,AGG,benchmark_proxy,proxy
2025-05-31,H_BABA,H_BABA,Alibaba ADR,equity,long,6.7621,6.7621,6.7621,6.7621,equity,0.00951742097188011,0.00951742097188011,0.00951742097188011,Global Public Equities,China Internet ADR,Consumer Discretionary,Broadline Retail,Greater China,Large Cap,Liquid,BABA,direct,direct
2025-05-31,H_BIL,H_BIL,SPDR 1-3 Month T-Bill ETF,etf,long,7.8471,7.8471,7.8471,7.8471,etf,0.01104452080099975,0.01104452080099975,0.01104452080099975,Fixed Income & Liquid Credit,Treasury Bills,Fixed Income / Sovereign,Treasury Bills,North America,Non-classifiable,Liquid,BIL,benchmark_proxy,proxy
2025-05-31,H_BRKB,H_BRKB,Berkshire Hathaway Class B,equity,long,11.1827,11.1827,11.1827,11.1827,equity,0.015739261989950418,0.015739261989950418,0.015739261989950418,Global Public Equities,US Quality Compounder,Financials,Multi-Sector Holdings,North America,Mega Cap,Liquid,BRK.B,direct,direct
2025-05-31,H_CASH_HKD,H_CASH_HKD,HKD Working Capital,cash,long,2.3713,2.3713,2.3713,2.3713,cash,0.0033375224191625834,0.0033375224191625834,0.0033375224191625834,Cash & Liquidity,Cash Accounts,Cash,Cash,Global / Multi-region,Non-classifiable,Cash,,direct,direct
2025-05-31,H_CASH_JPY,H_CASH_JPY,JPY Treasury Buffer,cash,long,1.5809,1.5809,1.5809,1.5809,cash,0.002225061861617732,0.002225061861617732,0.002225061861617732,Cash & Liquidity,Cash Accounts,Cash,Cash,Global / Multi-region,Non-classifiable,Cash,,direct,direct
2025-05-31,H_CASH_OPS_USD,H_CASH_OPS_USD,USD Operating Cash,cash,long,11.8566,11.8566,11.8566,11.8566,cash,0.016687752842340947,0.016687752842340947,0.016687752842340947,Cash & Liquidity,Cash Accounts,Cash,Cash,Global / Multi-region,Non-classifiable,Cash,,direct,direct
2025-05-31,H_CASH_RESERVE_USD,H_CASH_RESERVE_USD,USD Liquidity Reserve,cash,long,4.4462,4.4462,4.4462,4.4462,cash,0.006257872129245848,0.006257872129245848,0.006257872129245848,Cash & Liquidity,Cash Accounts,Cash,Cash,Global / Multi-region,Non-classifiable,Cash,,direct,direct
2025-05-31,H_CASH_SGD,H_CASH_SGD,SGD Near-Term Reserve,cash,long,1.9761,1.9761,1.9761,1.9761,cash,0.0027812921403901577,0.0027812921403901577,0.0027812921403901577,Cash & Liquidity,Cash Accounts,Cash,Cash,Global / Multi-region,Non-classifiable,Cash,,direct,direct
2025-05-31,H_CNYA,H_CNYA,iShares MSCI China A ETF,etf,long,7.7281,7.7281,7.7281,7.7281,etf,0.010877032432644693,0.010877032432644693,0.010877032432644693,Global Public Equities,China A-Shares,Multi-Sector / Diversified,China A-Shares ETF,Greater China,All Cap,Liquid,CNYA,lookthrough,lookthrough
2025-05-31,H_DBC,H_DBC,Broad Commodities ETF Proxy,etf,long,7.7437,7.7437,7.7437,7.7437,etf,0.010898988891017288,0.010898988891017288,0.010898988891017288,Hedge Funds / Absolute Return,Commodities,Commodities,Broad Commodities,Global / Multi-region,Non-classifiable,Liquid,DBC,benchmark_proxy,proxy
2025-05-31,H_DBMF,H_DBMF,Managed Futures ETF Proxy,etf,long,9.6796,9.6796,9.6796,9.6796,etf,0.013623700927139604,0.013623700927139604,0.013623700927139604,Hedge Funds / Absolute Return,Managed Futures,Multi-Strategy,Managed Futures,Global / Multi-region,Non-classifiable,Liquid,DBMF,benchmark_proxy,proxy
2025-05-31,H_EEM,H_EEM,iShares MSCI Emerging Markets ETF,etf,long,6.5432,6.5432,6.5432,6.5432,etf,0.009209326822023621,0.009209326822023621,0.009209326822023621,Global Public Equities,Emerging Markets Core,Multi-Sector / Diversified,EM Equity ETF,Global / Multi-region,All Cap,Liquid,EEM,lookthrough,lookthrough
2025-05-31,H_EMB,H_EMB,iShares Emerging Markets Bond ETF,etf,long,7.8471,7.8471,7.8471,7.8471,etf,0.01104452080099975,0.01104452080099975,0.01104452080099975,Fixed Income & Liquid Credit,EM Sovereign / Credit,Fixed Income / Credit,EM Debt,Global / Multi-region,Non-classifiable,Liquid,EMB,benchmark_proxy,proxy
2025-05-31,H_ES_SHORT,H_ES_SHORT,S&P 500 Overlay Short Future,future,short,2.7957,-16.7742,16.7742,-16.7742,signed_notional,0.003934850684119611,0.023609104104717667,-0.023609104104717667,Global Public Equities,Equity Index Overlay,Multi-Sector / Diversified,Equity Index Future,North America,Multi Cap,Liquid,SPY,underlying_proxy,proxy
2025-05-31,H_EWJ,H_EWJ,iShares MSCI Japan ETF,etf,long,6.5403,6.5403,6.5403,6.5403,etf,0.009205245172710768,0.009205245172710768,0.009205245172710768,Global Public Equities,Japan Equities,Multi-Sector / Diversified,Japan Equity ETF,Japan,Large Cap,Liquid,EWJ,lookthrough,lookthrough
2025-05-31,H_EWS,H_EWS,iShares MSCI Singapore ETF,etf,long,2.7442,2.7442,2.7442,2.7442,etf,0.0038623662221844396,0.0038623662221844396,0.0038623662221844396,Global Public Equities,Southeast Asia Equities,Multi-Sector / Diversified,Southeast Asia Equity ETF,Southeast Asia,Large Cap,Liquid,EWS,lookthrough,lookthrough
2025-05-31,H_EWY,H_EWY,iShares MSCI South Korea ETF,etf,long,4.6829,4.6829,4.6829,4.6829,etf,0.006591019161091579,0.006591019161091579,0.006591019161091579,Global Public Equities,Korea Equities,Multi-Sector / Diversified,Korea Equity ETF,Korea,Large Cap,Liquid,EWY,lookthrough,lookthrough
2025-05-31,H_GLD,H_GLD,SPDR Gold Shares,etf,long,9.7252,9.7252,9.7252,9.7252,etf,0.013687881343921036,0.013687881343921036,0.013687881343921036,Hedge Funds / Absolute Return,Gold / Defensive,Commodities / Precious Metals,Gold,Global / Multi-region,Non-classifiable,Liquid,GLD,benchmark_proxy,proxy
2025-05-31,H_GMACRO,H_GMACRO,Global Macro Hedge Fund Sleeve,fund,long,17.4234,17.4234,17.4234,17.4234,fund,0.024522830564684923,0.024522830564684923,0.024522830564684923,Hedge Funds / Absolute Return,Global Macro,Multi-Strategy,Global Macro,Global / Multi-region,Non-classifiable,Semi-Liquid,GMACRO,mandate_proxy,proxy
2025-05-31,H_GOOGL,H_GOOGL,Alphabet Class A,equity,long,8.3871,8.3871,8.3871,8.3871,equity,0.011804552052358834,0.011804552052358834,0.011804552052358834,Global Public Equities,US Mega-cap Technology,Communication Services,Interactive Media,North America,Mega Cap,Liquid,GOOGL,direct,direct
2025-05-31,H_HSI_FUT,H_HSI_FUT,Hang Seng Index Tactical Long Future,future,long,2.415,8.693999999999999,8.693999999999999,8.693999999999999,signed_notional,0.0033990286519114572,0.012236503146881244,0.012236503146881244,Global Public Equities,Greater China Tactical Overlay,Multi-Sector / Diversified,Equity Index Future,Greater China,Large Cap,Liquid,2800.HK,underlying_proxy,proxy
2025-05-31,H_HSTECH,H_HSTECH,Hang Seng TECH ETF-style Exposure,etf,long,9.6602,9.6602,9.6602,9.6602,etf,0.013596396100701888,0.013596396100701888,0.013596396100701888,Global Public Equities,Hong Kong / China Technology,Information Technology,Technology ETF,Greater China,Large Cap,Liquid,3067.HK,lookthrough,lookthrough
2025-05-31,H_HYG,H_HYG,iShares High Yield Corporate Bond ETF,etf,long,8.828,8.828,8.828,8.828,etf,0.01242510349444072,0.01242510349444072,0.01242510349444072,Fixed Income & Liquid Credit,High Yield Credit,Fixed Income / Credit,High Yield Credit,North America,Non-classifiable,Liquid,HYG,benchmark_proxy,proxy
2025-05-31,H_IGIB,H_IGIB,iShares 5-10 Year Investment Grade Corporate Bond ETF,etf,long,11.7706,11.7706,11.7706,11.7706,etf,0.01656671082823561,0.01656671082823561,0.01656671082823561,Fixed Income & Liquid Credit,Investment Grade Credit,Fixed Income / Credit,Investment Grade Credit,North America,Non-classifiable,Liquid,IGIB,benchmark_proxy,proxy
2025-05-31,H_INDA,H_INDA,iShares MSCI India ETF,etf,long,6.4377,6.4377,6.4377,6.4377,etf,0.009060839234952543,0.009060839234952543,0.009060839234952543,Global Public Equities,India Equities,Multi-Sector / Diversified,India Equity ETF,India,All Cap,Liquid,INDA,lookthrough,lookthrough
2025-05-31,H_JD,H_JD,JD.com ADR,equity,long,4.8301,4.8301,4.8301,4.8301,equity,0.006798198050350944,0.006798198050350944,0.006798198050350944,Global Public Equities,China E-commerce ADR,Consumer Discretionary,Broadline Retail,Greater China,Large Cap,Liquid,JD,direct,direct
2025-05-31,H_LQD,H_LQD,iShares Investment Grade Corporate Bond ETF,etf,long,7.8471,7.8471,7.8471,7.8471,etf,0.01104452080099975,0.01104452080099975,0.01104452080099975,Fixed Income & Liquid Credit,Investment Grade Credit,Fixed Income / Credit,Investment Grade Credit,North America,Non-classifiable,Liquid,LQD,benchmark_proxy,proxy
2025-05-31,H_MKTNEUT,H_MKTNEUT,Equity Market Neutral Fund Sleeve,fund,long,15.4874,15.4874,15.4874,15.4874,fund,0.021797977782034576,0.021797977782034576,0.021797977782034576,Hedge Funds / Absolute Return,Equity Market Neutral,Multi-Strategy,Equity Market Neutral,Global / Multi-region,Non-classifiable,Semi-Liquid,MKTNEUT,mandate_proxy,proxy
2025-05-31,H_MSFT,H_MSFT,Microsoft,equity,long,9.319,9.319,9.319,9.319,equity,0.013116168947065372,0.013116168947065372,0.013116168947065372,Global Public Equities,US Mega-cap Technology,Information Technology,Software,North America,Mega Cap,Liquid,MSFT,direct,direct
2025-05-31,H_NQ_SHORT,H_NQ_SHORT,Nasdaq Overlay Short Future,future,short,1.8638,-11.1828,11.1828,-11.1828,signed_notional,0.002623233789413074,0.015739402736478444,-0.015739402736478444,Global Public Equities,Technology Overlay,Information Technology,Equity Index Future,North America,Mega Cap,Liquid,QQQ,underlying_proxy,proxy
2025-05-31,H_NVDA,H_NVDA,NVIDIA,equity,long,7.4552,7.4552,7.4552,7.4552,equity,0.010492935157652296,0.010492935157652296,0.010492935157652296,Global Public Equities,US Semiconductor Growth,Information Technology,Semiconductors,North America,Mega Cap,Liquid,NVDA,direct,direct
2025-05-31,H_PDD,H_PDD,PDD Holdings ADR,equity,long,5.7961,5.7961,5.7961,5.7961,equity,0.008157809511115527,0.008157809511115527,0.008157809511115527,Global Public Equities,China Internet ADR,Consumer Discretionary,Broadline Retail,Greater China,Large Cap,Liquid,PDD,direct,direct
2025-05-31,H_PF_APAC_LOGISTICS,H_PF_APAC_LOGISTICS,APAC Logistics Real Estate Fund,private_fund,long,7.5666,7.5666,7.5666,7.5666,private_fund,0.010649726789877115,0.010649726789877115,0.010649726789877115,Real Estate,APAC Logistics,Industrial Real Estate,APAC Logistics,Japan,Non-classifiable,Illiquid,,mandate_proxy,proxy
2025-05-31,H_PF_APEX_SECONDARIES_II,H_PF_APEX_SECONDARIES_II,Apex Secondaries Fund II,private_fund,long,18.7209,18.7209,18.7209,18.7209,private_fund,0.026349016765867164,0.026349016765867164,0.026349016765867164,Private Equity,Secondaries,Diversified / Secondaries,Secondaries,Global / Multi-region,Non-classifiable,Illiquid,,mandate_proxy,proxy
2025-05-31,H_PF_ATLAS_COINV_I,H_PF_ATLAS_COINV_I,Atlas Co-Investment Fund I,private_fund,long,20.593,20.593,20.593,20.593,private_fund,0.028983932517106684,0.028983932517106684,0.028983932517106684,Private Equity,Co-investment,Business Services,Co-investment,North America,Non-classifiable,Illiquid,,mandate_proxy,proxy
2025-05-31,H_PF_BLUE_HORIZON_III,H_PF_BLUE_HORIZON_III,Blue Horizon Ventures III,private_fund,long,16.6893,16.6893,16.6893,16.6893,private_fund,0.023489610302420656,0.023489610302420656,0.023489610302420656,Venture Capital / Growth,US Technology VC,Information Technology,US Technology VC,North America,Non-classifiable,Illiquid,,mandate_proxy,proxy
2025-05-31,H_PF_CLIMATE_ALPHA,H_PF_CLIMATE_ALPHA,Climate Alpha Fund,private_fund,long,13.9078,13.9078,13.9078,13.9078,private_fund,0.019574745625281227,0.019574745625281227,0.019574745625281227,Venture Capital / Growth,Climate Technology,Climate / Industrials,Climate Technology,Global / Multi-region,Non-classifiable,Illiquid,,mandate_proxy,proxy
2025-05-31,H_PF_COVE_SPECIALTY_FIN,H_PF_COVE_SPECIALTY_FIN,Cove Specialty Finance Fund,private_fund,long,13.1775,13.1775,13.1775,13.1775,private_fund,0.018546873731082082,0.018546873731082082,0.018546873731082082,Private Credit,Specialty Finance,Financials,Specialty Finance,North America,Non-classifiable,Illiquid,,mandate_proxy,proxy
2025-05-31,H_PF_CRESCENT_DIRECT_LEND,H_PF_CRESCENT_DIRECT_LEND,Crescent Direct Lending Fund,private_fund,long,18.825,18.825,18.825,18.825,private_fund,0.02649553390154583,0.02649553390154583,0.02649553390154583,Private Credit,Senior Direct Lending,Diversified Credit,Senior Direct Lending,North America,Non-classifiable,Illiquid,,mandate_proxy,proxy
2025-05-31,H_PF_DIGITAL_INFRA,H_PF_DIGITAL_INFRA,Horizon Digital Infrastructure Fund,private_fund,long,7.5144,7.5144,7.5144,7.5144,private_fund,0.010576257102245737,0.010576257102245737,0.010576257102245737,Infrastructure,Digital Infrastructure,Diversified,Digital Infrastructure,Global / Multi-region,Non-classifiable,Illiquid,,mandate_proxy,proxy
2025-05-31,H_PF_DRAGONBRIDGE,H_PF_DRAGONBRIDGE,DragonBridge Greater China Fund,private_fund,long,26.2093,26.2093,26.2093,26.2093,private_fund,0.03688867977082524,0.03688867977082524,0.03688867977082524,Private Equity,Asia Buyout / Greater China,Consumer / Industrials,Asia Buyout / Greater China,Greater China,Non-classifiable,Illiquid,,mandate_proxy,proxy
2025-05-31,H_PF_GLOBAL_GROWTH_II,H_PF_GLOBAL_GROWTH_II,Redwood Growth Fund II,private_fund,long,18.5437,18.5437,18.5437,18.5437,private_fund,0.026099613918198962,0.026099613918198962,0.026099613918198962,Venture Capital / Growth,Global Growth Equity,Information Technology / Consumer,Global Growth Equity,Global / Multi-region,Non-classifiable,Illiquid,,mandate_proxy,proxy
2025-05-31,H_PF_HARBOR_PEAK_V,H_PF_HARBOR_PEAK_V,Harbor Peak Partners V,private_fund,long,28.0813,28.0813,28.0813,28.0813,private_fund,0.03952345477553673,0.03952345477553673,0.03952345477553673,Private Equity,Secondaries,Diversified / Secondaries,Secondaries,Global / Multi-region,Non-classifiable,Illiquid,,mandate_proxy,proxy
2025-05-31,H_PF_HARBOUR_CORE_RE,H_PF_HARBOUR_CORE_RE,Harbour Core Real Estate Fund,private_fund,long,18.9165,18.9165,18.9165,18.9165,private_fund,0.026624316974692787,0.026624316974692787,0.026624316974692787,Real Estate,Core Real Estate,Real Estate,Core Real Estate,Global / Multi-region,Non-classifiable,Illiquid,,mandate_proxy,proxy
2025-05-31,H_PF_HOME_MULTIFAMILY,H_PF_HOME_MULTIFAMILY,HomeStone Multifamily Fund,private_fund,long,11.3499,11.3499,11.3499,11.3499,private_fund,0.015974590184815673,0.015974590184815673,0.015974590184815673,Real Estate,US Multifamily,Residential Real Estate,US Multifamily,North America,Non-classifiable,Illiquid,,mandate_proxy,proxy
2025-05-31,H_PF_INDIA_DIGITAL,H_PF_INDIA_DIGITAL,Indigo India Digital Growth Fund,private_fund,long,11.1262,11.1262,11.1262,11.1262,private_fund,0.015659740201613773,0.015659740201613773,0.015659740201613773,Venture Capital / Growth,India Digital Growth,Information Technology,India Digital Growth,India,Non-classifiable,Illiquid,,mandate_proxy,proxy
2025-05-31,H_PF_INFRA_CORE,H_PF_INFRA_CORE,Evergreen Core Infrastructure Fund,private_fund,long,11.2716,11.2716,11.2716,11.2716,private_fund,0.015864385653368604,0.015864385653368604,0.015864385653368604,Infrastructure,Core Infrastructure,Infrastructure,Core Infrastructure,Global / Multi-region,Non-classifiable,Illiquid,,mandate_proxy,proxy
2025-05-31,H_PF_LIONROCK_CREDIT,H_PF_LIONROCK_CREDIT,LionRock Asia Private Credit Fund,private_fund,long,15.5306,15.5306,15.5306,15.5306,private_fund,0.021858780282143303,0.021858780282143303,0.021858780282143303,Private Credit,Asia Private Credit,Diversified Credit,Asia Private Credit,Southeast Asia,Non-classifiable,Illiquid,,mandate_proxy,proxy
2025-05-31,H_PF_METRO_LOGISTICS,H_PF_METRO_LOGISTICS,Metro Logistics Fund,private_fund,long,11.8228,11.8228,11.8228,11.8228,private_fund,0.01664018051586699,0.01664018051586699,0.01664018051586699,Real Estate,Logistics Real Estate,Industrial Real Estate,Logistics Real Estate,Southeast Asia,Non-classifiable,Illiquid,,mandate_proxy,proxy
2025-05-31,H_PF_NORTHSTAR_IV,H_PF_NORTHSTAR_IV,Northstar Buyout Fund IV,private_fund,long,32.7616,32.7616,32.7616,32.7616,private_fund,0.046110814526899545,0.046110814526899545,0.046110814526899545,Private Equity,Buyout,Industrials,Buyout,North America,Non-classifiable,Illiquid,,mandate_proxy,proxy
2025-05-31,H_PF_RENEWABLES_II,H_PF_RENEWABLES_II,SolarBridge Renewables Fund II,private_fund,long,9.393,9.393,9.393,9.393,private_fund,0.013220321377807173,0.013220321377807173,0.013220321377807173,Infrastructure,Renewables,Utilities / Infrastructure,Renewables,Global / Multi-region,Non-classifiable,Illiquid,,mandate_proxy,proxy
2025-05-31,H_PF_SEEDSPRING_I,H_PF_SEEDSPRING_I,SeedSpring Southeast Asia VC Fund I,private_fund,long,9.2718,9.2718,9.2718,9.2718,private_fund,0.013049736585835466,0.013049736585835466,0.013049736585835466,Venture Capital / Growth,Southeast Asia VC,Information Technology / Consumer,Southeast Asia VC,Southeast Asia,Non-classifiable,Illiquid,,mandate_proxy,proxy
2025-05-31,H_PF_SPRING_OPP_CREDIT,H_PF_SPRING_OPP_CREDIT,Spring Point Opportunistic Credit Fund,private_fund,long,16.0012,16.0012,16.0012,16.0012,private_fund,0.022521133443049943,0.022521133443049943,0.022521133443049943,Private Credit,Opportunistic Credit,Special Situations Credit,Opportunistic Credit,Global / Multi-region,Non-classifiable,Illiquid,,mandate_proxy,proxy
2025-05-31,H_QAI,H_QAI,Multi-Strategy Liquid Alternatives ETF Proxy,etf,long,6.7758,6.7758,6.7758,6.7758,etf,0.009536703246220146,0.009536703246220146,0.009536703246220146,Hedge Funds / Absolute Return,Multi-Strategy Absolute Return,Multi-Strategy,Absolute Return,Global / Multi-region,Non-classifiable,Liquid,QAI,benchmark_proxy,proxy
2025-05-31,H_QQQ,H_QQQ,Invesco QQQ Trust,etf,long,22.3655,22.3655,22.3655,22.3655,etf,0.03147866472642886,0.03147866472642886,0.03147866472642886,Global Public Equities,US Technology / Growth,Information Technology,Growth / Technology ETF,North America,Mega Cap,Liquid,QQQ,lookthrough,lookthrough
2025-05-31,H_SPY,H_SPY,SPDR S&P 500 ETF,etf,long,37.2758,37.2758,37.2758,37.2758,etf,0.05246439429520542,0.05246439429520542,0.05246439429520542,Global Public Equities,US Large Cap Core,Multi-Sector / Diversified,Broad Market ETF,North America,Multi Cap,Liquid,SPY,lookthrough,lookthrough
2025-05-31,H_SPY_PUT,H_SPY_PUT,S&P 500 Protective Put Overlay,listed_option,long,1.8638,-7.4552,11.1828,-7.4552,delta_adjusted_exposure,0.002623233789413074,0.015739402736478444,-0.010492935157652296,Global Public Equities,Options Overlay,Multi-Sector / Diversified,Equity Index Option,North America,Multi Cap,Liquid,SPY,underlying_proxy,proxy
2025-05-31,H_TLT,H_TLT,iShares 20+ Year Treasury Bond ETF,etf,long,13.7324,13.7324,13.7324,13.7324,etf,0.019327876215117556,0.019327876215117556,0.019327876215117556,Fixed Income & Liquid Credit,Long Duration Treasuries,Fixed Income / Sovereign,Government Bonds,North America,Non-classifiable,Liquid,TLT,benchmark_proxy,proxy
2025-05-31,H_VNQ,H_VNQ,US Listed REIT ETF Proxy,etf,long,5.8078,5.8078,5.8078,5.8078,etf,0.008174276854894974,0.008174276854894974,0.008174276854894974,Hedge Funds / Absolute Return,Listed Real Estate,Real Estate,REITs,North America,Mid Cap,Liquid,VNQ,lookthrough,lookthrough
2025-06-30,H_2800HK,H_2800HK,Tracker Fund of Hong Kong ETF,etf,long,11.5061,11.5061,11.5061,11.5061,etf,0.016140591664114766,0.016140591664114766,0.016140591664114766,Global Public Equities,Hong Kong Broad Market,Multi-Sector / Diversified,Hong Kong Equity ETF,Greater China,Large Cap,Liquid,2800.HK,lookthrough,lookthrough
2025-06-30,H_ACWI,H_ACWI,iShares MSCI ACWI ETF,etf,long,18.7718,18.7718,18.7718,18.7718,etf,0.026332811169764693,0.026332811169764693,0.026332811169764693,Global Public Equities,Global Equity Core,Multi-Sector / Diversified,Broad Market ETF,Global / Multi-region,Multi Cap,Liquid,ACWI,lookthrough,lookthrough
2025-06-30,H_AGG,H_AGG,iShares Core US Aggregate Bond ETF,etf,long,23.5589,23.5589,23.5589,23.5589,etf,0.03304808622867117,0.03304808622867117,0.03304808622867117,Fixed Income & Liquid Credit,US Aggregate Bonds,Fixed Income / Credit,Aggregate Bonds,North America,Non-classifiable,Liquid,AGG,benchmark_proxy,proxy
2025-06-30,H_BABA,H_BABA,Alibaba ADR,equity,long,6.7119,6.7119,6.7119,6.7119,equity,0.009415356827280476,0.009415356827280476,0.009415356827280476,Global Public Equities,China Internet ADR,Consumer Discretionary,Broadline Retail,Greater China,Large Cap,Liquid,BABA,direct,direct
2025-06-30,H_BIL,H_BIL,SPDR 1-3 Month T-Bill ETF,etf,long,7.853,7.853,7.853,7.853,etf,0.011016075502411177,0.011016075502411177,0.011016075502411177,Fixed Income & Liquid Credit,Treasury Bills,Fixed Income / Sovereign,Treasury Bills,North America,Non-classifiable,Liquid,BIL,benchmark_proxy,proxy
2025-06-30,H_BRKB,H_BRKB,Berkshire Hathaway Class B,equity,long,11.2685,11.2685,11.2685,11.2685,equity,0.015807289799938923,0.015807289799938923,0.015807289799938923,Global Public Equities,US Quality Compounder,Financials,Multi-Sector Holdings,North America,Mega Cap,Liquid,BRK.B,direct,direct
2025-06-30,H_CASH_HKD,H_CASH_HKD,HKD Working Capital,cash,long,2.3749,2.3749,2.3749,2.3749,cash,0.0033314755775724317,0.0033314755775724317,0.0033314755775724317,Cash & Liquidity,Cash Accounts,Cash,Cash,Global / Multi-region,Non-classifiable,Cash,,direct,direct
2025-06-30,H_CASH_JPY,H_CASH_JPY,JPY Treasury Buffer,cash,long,1.5833,1.5833,1.5833,1.5833,cash,0.0022210304779024088,0.0022210304779024088,0.0022210304779024088,Cash & Liquidity,Cash Accounts,Cash,Cash,Global / Multi-region,Non-classifiable,Cash,,direct,direct
2025-06-30,H_CASH_OPS_USD,H_CASH_OPS_USD,USD Operating Cash,cash,long,11.8744,11.8744,11.8744,11.8744,cash,0.016657237609299796,0.016657237609299796,0.016657237609299796,Cash & Liquidity,Cash Accounts,Cash,Cash,Global / Multi-region,Non-classifiable,Cash,,direct,direct
2025-06-30,H_CASH_RESERVE_USD,H_CASH_RESERVE_USD,USD Liquidity Reserve,cash,long,4.4529,4.4529,4.4529,4.4529,cash,0.006246464103487423,0.006246464103487423,0.006246464103487423,Cash & Liquidity,Cash Accounts,Cash,Cash,Global / Multi-region,Non-classifiable,Cash,,direct,direct
2025-06-30,H_CASH_SGD,H_CASH_SGD,SGD Near-Term Reserve,cash,long,1.9791,1.9791,1.9791,1.9791,cash,0.0027762530277374207,0.0027762530277374207,0.0027762530277374207,Cash & Liquidity,Cash Accounts,Cash,Cash,Global / Multi-region,Non-classifiable,Cash,,direct,direct
2025-06-30,H_CNYA,H_CNYA,iShares MSCI China A ETF,etf,long,7.6708,7.6708,7.6708,7.6708,etf,0.010760487961784753,0.010760487961784753,0.010760487961784753,Global Public Equities,China A-Shares,Multi-Sector / Diversified,China A-Shares ETF,Greater China,All Cap,Liquid,CNYA,lookthrough,lookthrough
2025-06-30,H_DBC,H_DBC,Broad Commodities ETF Proxy,etf,long,7.741,7.741,7.741,7.741,etf,0.010858963512563978,0.010858963512563978,0.010858963512563978,Hedge Funds / Absolute Return,Commodities,Commodities,Broad Commodities,Global / Multi-region,Non-classifiable,Liquid,DBC,benchmark_proxy,proxy
2025-06-30,H_DBMF,H_DBMF,Managed Futures ETF Proxy,etf,long,9.6762,9.6762,9.6762,9.6762,etf,0.013573634251423793,0.013573634251423793,0.013573634251423793,Hedge Funds / Absolute Return,Managed Futures,Multi-Strategy,Managed Futures,Global / Multi-region,Non-classifiable,Liquid,DBMF,benchmark_proxy,proxy
2025-06-30,H_EEM,H_EEM,iShares MSCI Emerging Markets ETF,etf,long,6.5701,6.5701,6.5701,6.5701,etf,0.009216441825848935,0.009216441825848935,0.009216441825848935,Global Public Equities,Emerging Markets Core,Multi-Sector / Diversified,EM Equity ETF,Global / Multi-region,All Cap,Liquid,EEM,lookthrough,lookthrough
2025-06-30,H_EMB,H_EMB,iShares Emerging Markets Bond ETF,etf,long,7.853,7.853,7.853,7.853,etf,0.011016075502411177,0.011016075502411177,0.011016075502411177,Fixed Income & Liquid Credit,EM Sovereign / Credit,Fixed Income / Credit,EM Debt,Global / Multi-region,Non-classifiable,Liquid,EMB,benchmark_proxy,proxy
2025-06-30,H_ES_SHORT,H_ES_SHORT,S&P 500 Overlay Short Future,future,short,2.8171,-16.9026,16.9026,-16.9026,signed_notional,0.00395178738034414,0.02371072428206484,-0.02371072428206484,Global Public Equities,Equity Index Overlay,Multi-Sector / Diversified,Equity Index Future,North America,Multi Cap,Liquid,SPY,underlying_proxy,proxy
2025-06-30,H_EWJ,H_EWJ,iShares MSCI Japan ETF,etf,long,6.5487,6.5487,6.5487,6.5487,etf,0.00918642221350313,0.00918642221350313,0.00918642221350313,Global Public Equities,Japan Equities,Multi-Sector / Diversified,Japan Equity ETF,Japan,Large Cap,Liquid,EWJ,lookthrough,lookthrough
2025-06-30,H_EWS,H_EWS,iShares MSCI Singapore ETF,etf,long,2.7349,2.7349,2.7349,2.7349,etf,0.0038364784020812853,0.0038364784020812853,0.0038364784020812853,Global Public Equities,Southeast Asia Equities,Multi-Sector / Diversified,Southeast Asia Equity ETF,Southeast Asia,Large Cap,Liquid,EWS,lookthrough,lookthrough
2025-06-30,H_EWY,H_EWY,iShares MSCI South Korea ETF,etf,long,4.6694,4.6694,4.6694,4.6694,etf,0.006550167191004553,0.006550167191004553,0.006550167191004553,Global Public Equities,Korea Equities,Multi-Sector / Diversified,Korea Equity ETF,Korea,Large Cap,Liquid,EWY,lookthrough,lookthrough
2025-06-30,H_GLD,H_GLD,SPDR Gold Shares,etf,long,9.7526,9.7526,9.7526,9.7526,etf,0.013680807073069559,0.013680807073069559,0.013680807073069559,Hedge Funds / Absolute Return,Gold / Defensive,Commodities / Precious Metals,Gold,Global / Multi-region,Non-classifiable,Liquid,GLD,benchmark_proxy,proxy
2025-06-30,H_GMACRO,H_GMACRO,Global Macro Hedge Fund Sleeve,fund,long,17.4172,17.4172,17.4172,17.4172,fund,0.024432597763987773,0.024432597763987773,0.024432597763987773,Hedge Funds / Absolute Return,Global Macro,Multi-Strategy,Global Macro,Global / Multi-region,Non-classifiable,Semi-Liquid,GMACRO,mandate_proxy,proxy
2025-06-30,H_GOOGL,H_GOOGL,Alphabet Class A,equity,long,8.4514,8.4514,8.4514,8.4514,equity,0.011855502419594783,0.011855502419594783,0.011855502419594783,Global Public Equities,US Mega-cap Technology,Communication Services,Interactive Media,North America,Mega Cap,Liquid,GOOGL,direct,direct
2025-06-30,H_HSI_FUT,H_HSI_FUT,Hang Seng Index Tactical Long Future,future,long,2.3971,8.62956,8.62956,8.62956,signed_notional,0.0033626174184171443,0.01210542270630172,0.01210542270630172,Global Public Equities,Greater China Tactical Overlay,Multi-Sector / Diversified,Equity Index Future,Greater China,Large Cap,Liquid,2800.HK,underlying_proxy,proxy
2025-06-30,H_HSTECH,H_HSTECH,Hang Seng TECH ETF-style Exposure,etf,long,9.5884,9.5884,9.5884,9.5884,etf,0.013450469673668577,0.013450469673668577,0.013450469673668577,Global Public Equities,Hong Kong / China Technology,Information Technology,Technology ETF,Greater China,Large Cap,Liquid,3067.HK,lookthrough,lookthrough
2025-06-30,H_HYG,H_HYG,iShares High Yield Corporate Bond ETF,etf,long,8.8346,8.8346,8.8346,8.8346,etf,0.012393049870571984,0.012393049870571984,0.012393049870571984,Fixed Income & Liquid Credit,High Yield Credit,Fixed Income / Credit,High Yield Credit,North America,Non-classifiable,Liquid,HYG,benchmark_proxy,proxy
2025-06-30,H_IGIB,H_IGIB,iShares 5-10 Year Investment Grade Corporate Bond ETF,etf,long,11.7794,11.7794,11.7794,11.7794,etf,0.016523972975054403,0.016523972975054403,0.016523972975054403,Fixed Income & Liquid Credit,Investment Grade Credit,Fixed Income / Credit,Investment Grade Credit,North America,Non-classifiable,Liquid,IGIB,benchmark_proxy,proxy
2025-06-30,H_INDA,H_INDA,iShares MSCI India ETF,etf,long,6.4757,6.4757,6.4757,6.4757,etf,0.009084018862977723,0.009084018862977723,0.009084018862977723,Global Public Equities,India Equities,Multi-Sector / Diversified,India Equity ETF,India,All Cap,Liquid,INDA,lookthrough,lookthrough
2025-06-30,H_JD,H_JD,JD.com ADR,equity,long,4.7942,4.7942,4.7942,4.7942,equity,0.006725234836834289,0.006725234836834289,0.006725234836834289,Global Public Equities,China E-commerce ADR,Consumer Discretionary,Broadline Retail,Greater China,Large Cap,Liquid,JD,direct,direct
2025-06-30,H_LQD,H_LQD,iShares Investment Grade Corporate Bond ETF,etf,long,7.853,7.853,7.853,7.853,etf,0.011016075502411177,0.011016075502411177,0.011016075502411177,Fixed Income & Liquid Credit,Investment Grade Credit,Fixed Income / Credit,Investment Grade Credit,North America,Non-classifiable,Liquid,LQD,benchmark_proxy,proxy
2025-06-30,H_MKTNEUT,H_MKTNEUT,Equity Market Neutral Fund Sleeve,fund,long,15.482,15.482,15.482,15.482,fund,0.021717927025127957,0.021717927025127957,0.021717927025127957,Hedge Funds / Absolute Return,Equity Market Neutral,Multi-Strategy,Equity Market Neutral,Global / Multi-region,Non-classifiable,Semi-Liquid,MKTNEUT,mandate_proxy,proxy
2025-06-30,H_MSFT,H_MSFT,Microsoft,equity,long,9.3904,9.3904,9.3904,9.3904,equity,0.013172718120188708,0.013172718120188708,0.013172718120188708,Global Public Equities,US Mega-cap Technology,Information Technology,Software,North America,Mega Cap,Liquid,MSFT,direct,direct
2025-06-30,H_NQ_SHORT,H_NQ_SHORT,Nasdaq Overlay Short Future,future,short,1.8781,-11.268600000000001,11.268600000000001,-11.268600000000001,signed_notional,0.0026345716797502145,0.015807430078501286,-0.015807430078501286,Global Public Equities,Technology Overlay,Information Technology,Equity Index Future,North America,Mega Cap,Liquid,QQQ,underlying_proxy,proxy
2025-06-30,H_NVDA,H_NVDA,NVIDIA,equity,long,7.5123,7.5123,7.5123,7.5123,equity,0.010538146440438493,0.010538146440438493,0.010538146440438493,Global Public Equities,US Semiconductor Growth,Information Technology,Semiconductors,North America,Mega Cap,Liquid,NVDA,direct,direct
2025-06-30,H_PDD,H_PDD,PDD Holdings ADR,equity,long,5.7531,5.7531,5.7531,5.7531,equity,0.008070365971338565,0.008070365971338565,0.008070365971338565,Global Public Equities,China Internet ADR,Consumer Discretionary,Broadline Retail,Greater China,Large Cap,Liquid,PDD,direct,direct
2025-06-30,H_PF_APAC_LOGISTICS,H_PF_APAC_LOGISTICS,APAC Logistics Real Estate Fund,private_fund,long,7.5844,7.5844,7.5844,7.5844,private_fund,0.010639287283902628,0.010639287283902628,0.010639287283902628,Real Estate,APAC Logistics,Industrial Real Estate,APAC Logistics,Japan,Non-classifiable,Illiquid,,mandate_proxy,proxy
2025-06-30,H_PF_APEX_SECONDARIES_II,H_PF_APEX_SECONDARIES_II,Apex Secondaries Fund II,private_fund,long,18.8544,18.8544,18.8544,18.8544,private_fund,0.026448681262277,0.026448681262277,0.026448681262277,Private Equity,Secondaries,Diversified / Secondaries,Secondaries,Global / Multi-region,Non-classifiable,Illiquid,,mandate_proxy,proxy
2025-06-30,H_PF_ATLAS_COINV_I,H_PF_ATLAS_COINV_I,Atlas Co-Investment Fund I,private_fund,long,20.7398,20.7398,20.7398,20.7398,private_fund,0.029093493277079756,0.029093493277079756,0.029093493277079756,Private Equity,Co-investment,Business Services,Co-investment,North America,Non-classifiable,Illiquid,,mandate_proxy,proxy
2025-06-30,H_PF_BLUE_HORIZON_III,H_PF_BLUE_HORIZON_III,Blue Horizon Ventures III,private_fund,long,16.7768,16.7768,16.7768,16.7768,private_fund,0.023534253850611468,0.023534253850611468,0.023534253850611468,Venture Capital / Growth,US Technology VC,Information Technology,US Technology VC,North America,Non-classifiable,Illiquid,,mandate_proxy,proxy
2025-06-30,H_PF_CLIMATE_ALPHA,H_PF_CLIMATE_ALPHA,Climate Alpha Fund,private_fund,long,13.9807,13.9807,13.9807,13.9807,private_fund,0.019611924968363677,0.019611924968363677,0.019611924968363677,Venture Capital / Growth,Climate Technology,Climate / Industrials,Climate Technology,Global / Multi-region,Non-classifiable,Illiquid,,mandate_proxy,proxy
2025-06-30,H_PF_COVE_SPECIALTY_FIN,H_PF_COVE_SPECIALTY_FIN,Cove Specialty Finance Fund,private_fund,long,13.2317,13.2317,13.2317,13.2317,private_fund,0.018561238536260537,0.018561238536260537,0.018561238536260537,Private Credit,Specialty Finance,Financials,Specialty Finance,North America,Non-classifiable,Illiquid,,mandate_proxy,proxy
2025-06-30,H_PF_CRESCENT_DIRECT_LEND,H_PF_CRESCENT_DIRECT_LEND,Crescent Direct Lending Fund,private_fund,long,18.9024,18.9024,18.9024,18.9024,private_fund,0.026516014972211517,0.026516014972211517,0.026516014972211517,Private Credit,Senior Direct Lending,Diversified Credit,Senior Direct Lending,North America,Non-classifiable,Illiquid,,mandate_proxy,proxy
2025-06-30,H_PF_DIGITAL_INFRA,H_PF_DIGITAL_INFRA,Horizon Digital Infrastructure Fund,private_fund,long,7.5345,7.5345,7.5345,7.5345,private_fund,0.010569288281283206,0.010569288281283206,0.010569288281283206,Infrastructure,Digital Infrastructure,Diversified,Digital Infrastructure,Global / Multi-region,Non-classifiable,Illiquid,,mandate_proxy,proxy
2025-06-30,H_PF_DRAGONBRIDGE,H_PF_DRAGONBRIDGE,DragonBridge Greater China Fund,private_fund,long,26.3961,26.3961,26.3961,26.3961,private_fund,0.03702806960005039,0.03702806960005039,0.03702806960005039,Private Equity,Asia Buyout / Greater China,Consumer / Industrials,Asia Buyout / Greater China,Greater China,Non-classifiable,Illiquid,,mandate_proxy,proxy
2025-06-30,H_PF_GLOBAL_GROWTH_II,H_PF_GLOBAL_GROWTH_II,Redwood Growth Fund II,private_fund,long,18.6409,18.6409,18.6409,18.6409,private_fund,0.02614918653163078,0.02614918653163078,0.02614918653163078,Venture Capital / Growth,Global Growth Equity,Information Technology / Consumer,Global Growth Equity,Global / Multi-region,Non-classifiable,Illiquid,,mandate_proxy,proxy
2025-06-30,H_PF_HARBOR_PEAK_V,H_PF_HARBOR_PEAK_V,Harbor Peak Partners V,private_fund,long,28.2816,28.2816,28.2816,28.2816,private_fund,0.03967302189341551,0.03967302189341551,0.03967302189341551,Private Equity,Secondaries,Diversified / Secondaries,Secondaries,Global / Multi-region,Non-classifiable,Illiquid,,mandate_proxy,proxy
2025-06-30,H_PF_HARBOUR_CORE_RE,H_PF_HARBOUR_CORE_RE,Harbour Core Real Estate Fund,private_fund,long,18.9611,18.9611,18.9611,18.9611,private_fund,0.026598358488318933,0.026598358488318933,0.026598358488318933,Real Estate,Core Real Estate,Real Estate,Core Real Estate,Global / Multi-region,Non-classifiable,Illiquid,,mandate_proxy,proxy
2025-06-30,H_PF_HOME_MULTIFAMILY,H_PF_HOME_MULTIFAMILY,HomeStone Multifamily Fund,private_fund,long,11.3766,11.3766,11.3766,11.3766,private_fund,0.015958930925853942,0.015958930925853942,0.015958930925853942,Real Estate,US Multifamily,Residential Real Estate,US Multifamily,North America,Non-classifiable,Illiquid,,mandate_proxy,proxy
2025-06-30,H_PF_INDIA_DIGITAL,H_PF_INDIA_DIGITAL,Indigo India Digital Growth Fund,private_fund,long,11.1845,11.1845,11.1845,11.1845,private_fund,0.015689455807553522,0.015689455807553522,0.015689455807553522,Venture Capital / Growth,India Digital Growth,Information Technology,India Digital Growth,India,Non-classifiable,Illiquid,,mandate_proxy,proxy
2025-06-30,H_PF_INFRA_CORE,H_PF_INFRA_CORE,Evergreen Core Infrastructure Fund,private_fund,long,11.3017,11.3017,11.3017,11.3017,private_fund,0.015853862282643627,0.015853862282643627,0.015853862282643627,Infrastructure,Core Infrastructure,Infrastructure,Core Infrastructure,Global / Multi-region,Non-classifiable,Illiquid,,mandate_proxy,proxy
2025-06-30,H_PF_LIONROCK_CREDIT,H_PF_LIONROCK_CREDIT,LionRock Asia Private Credit Fund,private_fund,long,15.5945,15.5945,15.5945,15.5945,private_fund,0.021875740407786975,0.021875740407786975,0.021875740407786975,Private Credit,Asia Private Credit,Diversified Credit,Asia Private Credit,Southeast Asia,Non-classifiable,Illiquid,,mandate_proxy,proxy
2025-06-30,H_PF_METRO_LOGISTICS,H_PF_METRO_LOGISTICS,Metro Logistics Fund,private_fund,long,11.8507,11.8507,11.8507,11.8507,private_fund,0.016623991590019628,0.016623991590019628,0.016623991590019628,Real Estate,Logistics Real Estate,Industrial Real Estate,Logistics Real Estate,Southeast Asia,Non-classifiable,Illiquid,,mandate_proxy,proxy
2025-06-30,H_PF_NORTHSTAR_IV,H_PF_NORTHSTAR_IV,Northstar Buyout Fund IV,private_fund,long,32.9951,32.9951,32.9951,32.9951,private_fund,0.04628505193042239,0.04628505193042239,0.04628505193042239,Private Equity,Buyout,Industrials,Buyout,North America,Non-classifiable,Illiquid,,mandate_proxy,proxy
2025-06-30,H_PF_RENEWABLES_II,H_PF_RENEWABLES_II,SolarBridge Renewables Fund II,private_fund,long,9.4181,9.4181,9.4181,9.4181,private_fund,0.013211575281963418,0.013211575281963418,0.013211575281963418,Infrastructure,Renewables,Utilities / Infrastructure,Renewables,Global / Multi-region,Non-classifiable,Illiquid,,mandate_proxy,proxy
2025-06-30,H_PF_SEEDSPRING_I,H_PF_SEEDSPRING_I,SeedSpring Southeast Asia VC Fund I,private_fund,long,9.3205,9.3205,9.3205,9.3205,private_fund,0.013074663405096571,0.013074663405096571,0.013074663405096571,Venture Capital / Growth,Southeast Asia VC,Information Technology / Consumer,Southeast Asia VC,Southeast Asia,Non-classifiable,Illiquid,,mandate_proxy,proxy
2025-06-30,H_PF_SPRING_OPP_CREDIT,H_PF_SPRING_OPP_CREDIT,Spring Point Opportunistic Credit Fund,private_fund,long,16.0671,16.0671,16.0671,16.0671,private_fund,0.02253869689351721,0.02253869689351721,0.02253869689351721,Private Credit,Opportunistic Credit,Special Situations Credit,Opportunistic Credit,Global / Multi-region,Non-classifiable,Illiquid,,mandate_proxy,proxy
2025-06-30,H_QAI,H_QAI,Multi-Strategy Liquid Alternatives ETF Proxy,etf,long,6.7734,6.7734,6.7734,6.7734,etf,0.009501628143134072,0.009501628143134072,0.009501628143134072,Hedge Funds / Absolute Return,Multi-Strategy Absolute Return,Multi-Strategy,Absolute Return,Global / Multi-region,Non-classifiable,Liquid,QAI,benchmark_proxy,proxy
2025-06-30,H_QQQ,H_QQQ,Invesco QQQ Trust,etf,long,22.537,22.537,22.537,22.537,etf,0.031614579599877846,0.031614579599877846,0.031614579599877846,Global Public Equities,US Technology / Growth,Information Technology,Growth / Technology ETF,North America,Mega Cap,Liquid,QQQ,lookthrough,lookthrough
2025-06-30,H_SPY,H_SPY,SPDR S&P 500 ETF,etf,long,37.5617,37.5617,37.5617,37.5617,etf,0.0526910127593172,0.0526910127593172,0.0526910127593172,Global Public Equities,US Large Cap Core,Multi-Sector / Diversified,Broad Market ETF,North America,Multi Cap,Liquid,SPY,lookthrough,lookthrough
2025-06-30,H_SPY_PUT,H_SPY_PUT,S&P 500 Protective Put Overlay,listed_option,long,1.8781,-7.5124,11.268600000000001,-7.5124,delta_adjusted_exposure,0.0026345716797502145,0.015807430078501286,-0.010538286719000858,Global Public Equities,Options Overlay,Multi-Sector / Diversified,Equity Index Option,North America,Multi Cap,Liquid,SPY,underlying_proxy,proxy
2025-06-30,H_TLT,H_TLT,iShares 20+ Year Treasury Bond ETF,etf,long,13.7427,13.7427,13.7427,13.7427,etf,0.01927806198993838,0.01927806198993838,0.01927806198993838,Fixed Income & Liquid Credit,Long Duration Treasuries,Fixed Income / Sovereign,Government Bonds,North America,Non-classifiable,Liquid,TLT,benchmark_proxy,proxy
2025-06-30,H_VNQ,H_VNQ,US Listed REIT ETF Proxy,etf,long,5.8057,5.8057,5.8057,5.8057,etf,0.008144152495141803,0.008144152495141803,0.008144152495141803,Hedge Funds / Absolute Return,Listed Real Estate,Real Estate,REITs,North America,Mid Cap,Liquid,VNQ,lookthrough,lookthrough
2025-07-31,H_2800HK,H_2800HK,Tracker Fund of Hong Kong ETF,etf,long,11.3983,11.3983,11.3983,11.3983,etf,0.01595753095697726,0.01595753095697726,0.01595753095697726,Global Public Equities,Hong Kong Broad Market,Multi-Sector / Diversified,Hong Kong Equity ETF,Greater China,Large Cap,Liquid,2800.HK,lookthrough,lookthrough
2025-07-31,H_ACWI,H_ACWI,iShares MSCI ACWI ETF,etf,long,18.8086,18.8086,18.8086,18.8086,etf,0.026331893068036676,0.026331893068036676,0.026331893068036676,Global Public Equities,Global Equity Core,Multi-Sector / Diversified,Broad Market ETF,Global / Multi-region,Multi Cap,Liquid,ACWI,lookthrough,lookthrough
2025-07-31,H_AGG,H_AGG,iShares Core US Aggregate Bond ETF,etf,long,23.5482,23.5482,23.5482,23.5482,etf,0.03296729604248808,0.03296729604248808,0.03296729604248808,Fixed Income & Liquid Credit,US Aggregate Bonds,Fixed Income / Credit,Aggregate Bonds,North America,Non-classifiable,Liquid,AGG,benchmark_proxy,proxy
2025-07-31,H_BABA,H_BABA,Alibaba ADR,equity,long,6.649,6.649,6.649,6.649,equity,0.009308548058301834,0.009308548058301834,0.009308548058301834,Global Public Equities,China Internet ADR,Consumer Discretionary,Broadline Retail,Greater China,Large Cap,Liquid,BABA,direct,direct
2025-07-31,H_BIL,H_BIL,SPDR 1-3 Month T-Bill ETF,etf,long,7.8494,7.8494,7.8494,7.8494,etf,0.01098909868082936,0.01098909868082936,0.01098909868082936,Fixed Income & Liquid Credit,Treasury Bills,Fixed Income / Sovereign,Treasury Bills,North America,Non-classifiable,Liquid,BIL,benchmark_proxy,proxy
2025-07-31,H_BRKB,H_BRKB,Berkshire Hathaway Class B,equity,long,11.322,11.322,11.322,11.322,equity,0.015850711553029532,0.015850711553029532,0.015850711553029532,Global Public Equities,US Quality Compounder,Financials,Multi-Sector Holdings,North America,Mega Cap,Liquid,BRK.B,direct,direct
2025-07-31,H_CASH_HKD,H_CASH_HKD,HKD Working Capital,cash,long,2.3772,2.3772,2.3772,2.3772,cash,0.0033280614294172238,0.0033280614294172238,0.0033280614294172238,Cash & Liquidity,Cash Accounts,Cash,Cash,Global / Multi-region,Non-classifiable,Cash,,direct,direct
2025-07-31,H_CASH_JPY,H_CASH_JPY,JPY Treasury Buffer,cash,long,1.5848,1.5848,1.5848,1.5848,cash,0.0022187076196114822,0.0022187076196114822,0.0022187076196114822,Cash & Liquidity,Cash Accounts,Cash,Cash,Global / Multi-region,Non-classifiable,Cash,,direct,direct
2025-07-31,H_CASH_OPS_USD,H_CASH_OPS_USD,USD Operating Cash,cash,long,11.8861,11.8861,11.8861,11.8861,cash,0.016640447146304922,0.016640447146304922,0.016640447146304922,Cash & Liquidity,Cash Accounts,Cash,Cash,Global / Multi-region,Non-classifiable,Cash,,direct,direct
2025-07-31,H_CASH_RESERVE_USD,H_CASH_RESERVE_USD,USD Liquidity Reserve,cash,long,4.4573,4.4573,4.4573,4.4573,cash,0.006240185179766697,0.006240185179766697,0.006240185179766697,Cash & Liquidity,Cash Accounts,Cash,Cash,Global / Multi-region,Non-classifiable,Cash,,direct,direct
2025-07-31,H_CASH_SGD,H_CASH_SGD,SGD Near-Term Reserve,cash,long,1.981,1.981,1.981,1.981,cash,0.0027733845245143532,0.0027733845245143532,0.0027733845245143532,Cash & Liquidity,Cash Accounts,Cash,Cash,Global / Multi-region,Non-classifiable,Cash,,direct,direct
2025-07-31,H_CNYA,H_CNYA,iShares MSCI China A ETF,etf,long,7.5988,7.5988,7.5988,7.5988,etf,0.010638260638505636,0.010638260638505636,0.010638260638505636,Global Public Equities,China A-Shares,Multi-Sector / Diversified,China A-Shares ETF,Greater China,All Cap,Liquid,CNYA,lookthrough,lookthrough
2025-07-31,H_DBC,H_DBC,Broad Commodities ETF Proxy,etf,long,7.7289,7.7289,7.7289,7.7289,etf,0.010820399622170108,0.010820399622170108,0.010820399622170108,Hedge Funds / Absolute Return,Commodities,Commodities,Broad Commodities,Global / Multi-region,Non-classifiable,Liquid,DBC,benchmark_proxy,proxy
2025-07-31,H_DBMF,H_DBMF,Managed Futures ETF Proxy,etf,long,9.6611,9.6611,9.6611,9.6611,etf,0.013525464527907932,0.013525464527907932,0.013525464527907932,Hedge Funds / Absolute Return,Managed Futures,Multi-Strategy,Managed Futures,Global / Multi-region,Non-classifiable,Liquid,DBMF,benchmark_proxy,proxy
2025-07-31,H_EEM,H_EEM,iShares MSCI Emerging Markets ETF,etf,long,6.583,6.583,6.583,6.583,etf,0.009216148573890958,0.009216148573890958,0.009216148573890958,Global Public Equities,Emerging Markets Core,Multi-Sector / Diversified,EM Equity ETF,Global / Multi-region,All Cap,Liquid,EEM,lookthrough,lookthrough
2025-07-31,H_EMB,H_EMB,iShares Emerging Markets Bond ETF,etf,long,7.8494,7.8494,7.8494,7.8494,etf,0.01098909868082936,0.01098909868082936,0.01098909868082936,Fixed Income & Liquid Credit,EM Sovereign / Credit,Fixed Income / Credit,EM Debt,Global / Multi-region,Non-classifiable,Liquid,EMB,benchmark_proxy,proxy
2025-07-31,H_ES_SHORT,H_ES_SHORT,S&P 500 Overlay Short Future,future,short,2.8305,-16.982999999999997,16.982999999999997,-16.982999999999997,signed_notional,0.003962677888257383,0.023776067329544296,-0.023776067329544296,Global Public Equities,Equity Index Overlay,Multi-Sector / Diversified,Equity Index Future,North America,Multi Cap,Liquid,SPY,underlying_proxy,proxy
2025-07-31,H_EWJ,H_EWJ,iShares MSCI Japan ETF,etf,long,6.5455,6.5455,6.5455,6.5455,etf,0.009163648866839322,0.009163648866839322,0.009163648866839322,Global Public Equities,Japan Equities,Multi-Sector / Diversified,Japan Equity ETF,Japan,Large Cap,Liquid,EWJ,lookthrough,lookthrough
2025-07-31,H_EWS,H_EWS,iShares MSCI Singapore ETF,etf,long,2.725,2.725,2.725,2.725,etf,0.0038149787124187847,0.0038149787124187847,0.0038149787124187847,Global Public Equities,Southeast Asia Equities,Multi-Sector / Diversified,Southeast Asia Equity ETF,Southeast Asia,Large Cap,Liquid,EWS,lookthrough,lookthrough
2025-07-31,H_EWY,H_EWY,iShares MSCI South Korea ETF,etf,long,4.6498,4.6498,4.6498,4.6498,etf,0.006509683675965087,0.006509683675965087,0.006509683675965087,Global Public Equities,Korea Equities,Multi-Sector / Diversified,Korea Equity ETF,Korea,Large Cap,Liquid,EWY,lookthrough,lookthrough
2025-07-31,H_GLD,H_GLD,SPDR Gold Shares,etf,long,9.7528,9.7528,9.7528,9.7528,etf,0.013653843811551531,0.013653843811551531,0.013653843811551531,Hedge Funds / Absolute Return,Gold / Defensive,Commodities / Precious Metals,Gold,Global / Multi-region,Non-classifiable,Liquid,GLD,benchmark_proxy,proxy
2025-07-31,H_GMACRO,H_GMACRO,Global Macro Hedge Fund Sleeve,fund,long,17.3899,17.3899,17.3899,17.3899,fund,0.024345724150859237,0.024345724150859237,0.024345724150859237,Hedge Funds / Absolute Return,Global Macro,Multi-Strategy,Global Macro,Global / Multi-region,Non-classifiable,Semi-Liquid,GMACRO,mandate_proxy,proxy
2025-07-31,H_GOOGL,H_GOOGL,Alphabet Class A,equity,long,8.4915,8.4915,8.4915,8.4915,equity,0.01188803366477215,0.01188803366477215,0.01188803366477215,Global Public Equities,US Mega-cap Technology,Communication Services,Interactive Media,North America,Mega Cap,Liquid,GOOGL,direct,direct
2025-07-31,H_HSI_FUT,H_HSI_FUT,Hang Seng Index Tactical Long Future,future,long,2.3746,8.54856,8.54856,8.54856,signed_notional,0.0033244214497283103,0.011967917219021917,0.011967917219021917,Global Public Equities,Greater China Tactical Overlay,Multi-Sector / Diversified,Equity Index Future,Greater China,Large Cap,Liquid,2800.HK,underlying_proxy,proxy
2025-07-31,H_HSTECH,H_HSTECH,Hang Seng TECH ETF-style Exposure,etf,long,9.4985,9.4985,9.4985,9.4985,etf,0.013297825798132046,0.013297825798132046,0.013297825798132046,Global Public Equities,Hong Kong / China Technology,Information Technology,Technology ETF,Greater China,Large Cap,Liquid,3067.HK,lookthrough,lookthrough
2025-07-31,H_HYG,H_HYG,iShares High Yield Corporate Bond ETF,etf,long,8.8306,8.8306,8.8306,8.8306,etf,0.012362771015737732,0.012362771015737732,0.012362771015737732,Fixed Income & Liquid Credit,High Yield Credit,Fixed Income / Credit,High Yield Credit,North America,Non-classifiable,Liquid,HYG,benchmark_proxy,proxy
2025-07-31,H_IGIB,H_IGIB,iShares 5-10 Year Investment Grade Corporate Bond ETF,etf,long,11.7741,11.7741,11.7741,11.7741,etf,0.01648364802124404,0.01648364802124404,0.01648364802124404,Fixed Income & Liquid Credit,Investment Grade Credit,Fixed Income / Credit,Investment Grade Credit,North America,Non-classifiable,Liquid,IGIB,benchmark_proxy,proxy
2025-07-31,H_INDA,H_INDA,iShares MSCI India ETF,etf,long,6.495,6.495,6.495,6.495,etf,0.009092949261343122,0.009092949261343122,0.009092949261343122,Global Public Equities,India Equities,Multi-Sector / Diversified,India Equity ETF,India,All Cap,Liquid,INDA,lookthrough,lookthrough
2025-07-31,H_JD,H_JD,JD.com ADR,equity,long,4.7493,4.7493,4.7493,4.7493,equity,0.006648982898675425,0.006648982898675425,0.006648982898675425,Global Public Equities,China E-commerce ADR,Consumer Discretionary,Broadline Retail,Greater China,Large Cap,Liquid,JD,direct,direct
2025-07-31,H_LQD,H_LQD,iShares Investment Grade Corporate Bond ETF,etf,long,7.8494,7.8494,7.8494,7.8494,etf,0.01098909868082936,0.01098909868082936,0.01098909868082936,Fixed Income & Liquid Credit,Investment Grade Credit,Fixed Income / Credit,Investment Grade Credit,North America,Non-classifiable,Liquid,LQD,benchmark_proxy,proxy
2025-07-31,H_MKTNEUT,H_MKTNEUT,Equity Market Neutral Fund Sleeve,fund,long,15.4577,15.4577,15.4577,15.4577,fund,0.021640659245121412,0.021640659245121412,0.021640659245121412,Hedge Funds / Absolute Return,Equity Market Neutral,Multi-Strategy,Equity Market Neutral,Global / Multi-region,Non-classifiable,Semi-Liquid,MKTNEUT,mandate_proxy,proxy
2025-07-31,H_MSFT,H_MSFT,Microsoft,equity,long,9.435,9.435,9.435,9.435,equity,0.013208926294191278,0.013208926294191278,0.013208926294191278,Global Public Equities,US Mega-cap Technology,Information Technology,Software,North America,Mega Cap,Liquid,MSFT,direct,direct
2025-07-31,H_NQ_SHORT,H_NQ_SHORT,Nasdaq Overlay Short Future,future,short,1.887,-11.322,11.322,-11.322,signed_notional,0.0026417852588382557,0.015850711553029532,-0.015850711553029532,Global Public Equities,Technology Overlay,Information Technology,Equity Index Future,North America,Mega Cap,Liquid,QQQ,underlying_proxy,proxy
2025-07-31,H_NVDA,H_NVDA,NVIDIA,equity,long,7.548,7.548,7.548,7.548,equity,0.010567141035353023,0.010567141035353023,0.010567141035353023,Global Public Equities,US Semiconductor Growth,Information Technology,Semiconductors,North America,Mega Cap,Liquid,NVDA,direct,direct
2025-07-31,H_PDD,H_PDD,PDD Holdings ADR,equity,long,5.6991,5.6991,5.6991,5.6991,equity,0.007978695478879227,0.007978695478879227,0.007978695478879227,Global Public Equities,China Internet ADR,Consumer Discretionary,Broadline Retail,Greater China,Large Cap,Liquid,PDD,direct,direct
2025-07-31,H_PF_APAC_LOGISTICS,H_PF_APAC_LOGISTICS,APAC Logistics Real Estate Fund,private_fund,long,7.6,7.6,7.6,7.6,private_fund,0.010639940629131288,0.010639940629131288,0.010639940629131288,Real Estate,APAC Logistics,Industrial Real Estate,APAC Logistics,Japan,Non-classifiable,Illiquid,,mandate_proxy,proxy
2025-07-31,H_PF_APEX_SECONDARIES_II,H_PF_APEX_SECONDARIES_II,Apex Secondaries Fund II,private_fund,long,18.9643,18.9643,18.9643,18.9643,private_fund,0.02654987185171507,0.02654987185171507,0.02654987185171507,Private Equity,Secondaries,Diversified / Secondaries,Secondaries,Global / Multi-region,Non-classifiable,Illiquid,,mandate_proxy,proxy
2025-07-31,H_PF_ATLAS_COINV_I,H_PF_ATLAS_COINV_I,Atlas Co-Investment Fund I,private_fund,long,20.8607,20.8607,20.8607,20.8607,private_fund,0.029204817037120932,0.029204817037120932,0.029204817037120932,Private Equity,Co-investment,Business Services,Co-investment,North America,Non-classifiable,Illiquid,,mandate_proxy,proxy
2025-07-31,H_PF_BLUE_HORIZON_III,H_PF_BLUE_HORIZON_III,Blue Horizon Ventures III,private_fund,long,16.8467,16.8467,16.8467,16.8467,private_fund,0.023585248394313956,0.023585248394313956,0.023585248394313956,Venture Capital / Growth,US Technology VC,Information Technology,US Technology VC,North America,Non-classifiable,Illiquid,,mandate_proxy,proxy
2025-07-31,H_PF_CLIMATE_ALPHA,H_PF_CLIMATE_ALPHA,Climate Alpha Fund,private_fund,long,14.0389,14.0389,14.0389,14.0389,private_fund,0.019654350328725166,0.019654350328725166,0.019654350328725166,Venture Capital / Growth,Climate Technology,Climate / Industrials,Climate Technology,Global / Multi-region,Non-classifiable,Illiquid,,mandate_proxy,proxy
2025-07-31,H_PF_COVE_SPECIALTY_FIN,H_PF_COVE_SPECIALTY_FIN,Cove Specialty Finance Fund,private_fund,long,13.2837,13.2837,13.2837,13.2837,private_fund,0.018597076228314646,0.018597076228314646,0.018597076228314646,Private Credit,Specialty Finance,Financials,Specialty Finance,North America,Non-classifiable,Illiquid,,mandate_proxy,proxy
2025-07-31,H_PF_CRESCENT_DIRECT_LEND,H_PF_CRESCENT_DIRECT_LEND,Crescent Direct Lending Fund,private_fund,long,18.9768,18.9768,18.9768,18.9768,private_fund,0.02656737175406561,0.02656737175406561,0.02656737175406561,Private Credit,Senior Direct Lending,Diversified Credit,Senior Direct Lending,North America,Non-classifiable,Illiquid,,mandate_proxy,proxy
2025-07-31,H_PF_DIGITAL_INFRA,H_PF_DIGITAL_INFRA,Horizon Digital Infrastructure Fund,private_fund,long,7.555,7.555,7.555,7.555,private_fund,0.010576940980669327,0.010576940980669327,0.010576940980669327,Infrastructure,Digital Infrastructure,Diversified,Digital Infrastructure,Global / Multi-region,Non-classifiable,Illiquid,,mandate_proxy,proxy
2025-07-31,H_PF_DRAGONBRIDGE,H_PF_DRAGONBRIDGE,DragonBridge Greater China Fund,private_fund,long,26.55,26.55,26.55,26.55,private_fund,0.03716979259255733,0.03716979259255733,0.03716979259255733,Private Equity,Asia Buyout / Greater China,Consumer / Industrials,Asia Buyout / Greater China,Greater China,Non-classifiable,Illiquid,,mandate_proxy,proxy
2025-07-31,H_PF_GLOBAL_GROWTH_II,H_PF_GLOBAL_GROWTH_II,Redwood Growth Fund II,private_fund,long,18.7186,18.7186,18.7186,18.7186,private_fund,0.026205893771112754,0.026205893771112754,0.026205893771112754,Venture Capital / Growth,Global Growth Equity,Information Technology / Consumer,Global Growth Equity,Global / Multi-region,Non-classifiable,Illiquid,,mandate_proxy,proxy
2025-07-31,H_PF_HARBOR_PEAK_V,H_PF_HARBOR_PEAK_V,Harbor Peak Partners V,private_fund,long,28.4464,28.4464,28.4464,28.4464,private_fund,0.0398247377779632,0.0398247377779632,0.0398247377779632,Private Equity,Secondaries,Diversified / Secondaries,Secondaries,Global / Multi-region,Non-classifiable,Illiquid,,mandate_proxy,proxy
2025-07-31,H_PF_HARBOUR_CORE_RE,H_PF_HARBOUR_CORE_RE,Harbour Core Real Estate Fund,private_fund,long,18.9999,18.9999,18.9999,18.9999,private_fund,0.02659971157360942,0.02659971157360942,0.02659971157360942,Real Estate,Core Real Estate,Real Estate,Core Real Estate,Global / Multi-region,Non-classifiable,Illiquid,,mandate_proxy,proxy
2025-07-31,H_PF_HOME_MULTIFAMILY,H_PF_HOME_MULTIFAMILY,HomeStone Multifamily Fund,private_fund,long,11.4,11.4,11.4,11.4,private_fund,0.015959910943696934,0.015959910943696934,0.015959910943696934,Real Estate,US Multifamily,Residential Real Estate,US Multifamily,North America,Non-classifiable,Illiquid,,mandate_proxy,proxy
2025-07-31,H_PF_INDIA_DIGITAL,H_PF_INDIA_DIGITAL,Indigo India Digital Growth Fund,private_fund,long,11.2311,11.2311,11.2311,11.2311,private_fund,0.01572345226313637,0.01572345226313637,0.01572345226313637,Venture Capital / Growth,India Digital Growth,Information Technology,India Digital Growth,India,Non-classifiable,Illiquid,,mandate_proxy,proxy
2025-07-31,H_PF_INFRA_CORE,H_PF_INFRA_CORE,Evergreen Core Infrastructure Fund,private_fund,long,11.3326,11.3326,11.3326,11.3326,private_fund,0.015865551470222793,0.015865551470222793,0.015865551470222793,Infrastructure,Core Infrastructure,Infrastructure,Core Infrastructure,Global / Multi-region,Non-classifiable,Illiquid,,mandate_proxy,proxy
2025-07-31,H_PF_LIONROCK_CREDIT,H_PF_LIONROCK_CREDIT,LionRock Asia Private Credit Fund,private_fund,long,15.6558,15.6558,15.6558,15.6558,private_fund,0.021917997697572845,0.021917997697572845,0.021917997697572845,Private Credit,Asia Private Credit,Diversified Credit,Asia Private Credit,Southeast Asia,Non-classifiable,Illiquid,,mandate_proxy,proxy
2025-07-31,H_PF_METRO_LOGISTICS,H_PF_METRO_LOGISTICS,Metro Logistics Fund,private_fund,long,11.875,11.875,11.875,11.875,private_fund,0.016624907233017638,0.016624907233017638,0.016624907233017638,Real Estate,Logistics Real Estate,Industrial Real Estate,Logistics Real Estate,Southeast Asia,Non-classifiable,Illiquid,,mandate_proxy,proxy
2025-07-31,H_PF_NORTHSTAR_IV,H_PF_NORTHSTAR_IV,Northstar Buyout Fund IV,private_fund,long,33.1875,33.1875,33.1875,33.1875,private_fund,0.046462240740696666,0.046462240740696666,0.046462240740696666,Private Equity,Buyout,Industrials,Buyout,North America,Non-classifiable,Illiquid,,mandate_proxy,proxy
2025-07-31,H_PF_RENEWABLES_II,H_PF_RENEWABLES_II,SolarBridge Renewables Fund II,private_fund,long,9.4438,9.4438,9.4438,9.4438,private_fund,0.01322124622544606,0.01322124622544606,0.01322124622544606,Infrastructure,Renewables,Utilities / Infrastructure,Renewables,Global / Multi-region,Non-classifiable,Illiquid,,mandate_proxy,proxy
2025-07-31,H_PF_SEEDSPRING_I,H_PF_SEEDSPRING_I,SeedSpring Southeast Asia VC Fund I,private_fund,long,9.3593,9.3593,9.3593,9.3593,private_fund,0.013102946885556377,0.013102946885556377,0.013102946885556377,Venture Capital / Growth,Southeast Asia VC,Information Technology / Consumer,Southeast Asia VC,Southeast Asia,Non-classifiable,Illiquid,,mandate_proxy,proxy
2025-07-31,H_PF_SPRING_OPP_CREDIT,H_PF_SPRING_OPP_CREDIT,Spring Point Opportunistic Credit Fund,private_fund,long,16.1303,16.1303,16.1303,16.1303,private_fund,0.02258229399079953,0.02258229399079953,0.02258229399079953,Private Credit,Opportunistic Credit,Special Situations Credit,Opportunistic Credit,Global / Multi-region,Non-classifiable,Illiquid,,mandate_proxy,proxy
2025-07-31,H_QAI,H_QAI,Multi-Strategy Liquid Alternatives ETF Proxy,etf,long,6.7628,6.7628,6.7628,6.7628,etf,0.009467867169301196,0.009467867169301196,0.009467867169301196,Hedge Funds / Absolute Return,Multi-Strategy Absolute Return,Multi-Strategy,Absolute Return,Global / Multi-region,Non-classifiable,Liquid,QAI,benchmark_proxy,proxy
2025-07-31,H_QQQ,H_QQQ,Invesco QQQ Trust,etf,long,22.644,22.644,22.644,22.644,etf,0.031701423106059064,0.031701423106059064,0.031701423106059064,Global Public Equities,US Technology / Growth,Information Technology,Growth / Technology ETF,North America,Mega Cap,Liquid,QQQ,lookthrough,lookthrough
2025-07-31,H_SPY,H_SPY,SPDR S&P 500 ETF,etf,long,37.74,37.74,37.74,37.74,etf,0.05283570517676511,0.05283570517676511,0.05283570517676511,Global Public Equities,US Large Cap Core,Multi-Sector / Diversified,Broad Market ETF,North America,Multi Cap,Liquid,SPY,lookthrough,lookthrough
2025-07-31,H_SPY_PUT,H_SPY_PUT,S&P 500 Protective Put Overlay,listed_option,long,1.887,-7.548,11.322,-7.548,delta_adjusted_exposure,0.0026417852588382557,0.015850711553029532,-0.010567141035353023,Global Public Equities,Options Overlay,Multi-Sector / Diversified,Equity Index Option,North America,Multi Cap,Liquid,SPY,underlying_proxy,proxy
2025-07-31,H_TLT,H_TLT,iShares 20+ Year Treasury Bond ETF,etf,long,13.7365,13.7365,13.7365,13.7365,etf,0.019230992691060784,0.019230992691060784,0.019230992691060784,Fixed Income & Liquid Credit,Long Duration Treasuries,Fixed Income / Sovereign,Government Bonds,North America,Non-classifiable,Liquid,TLT,benchmark_proxy,proxy
2025-07-31,H_VNQ,H_VNQ,US Listed REIT ETF Proxy,etf,long,5.7966,5.7966,5.7966,5.7966,etf,0.008115194717213477,0.008115194717213477,0.008115194717213477,Hedge Funds / Absolute Return,Listed Real Estate,Real Estate,REITs,North America,Mid Cap,Liquid,VNQ,lookthrough,lookthrough
2025-08-31,H_2800HK,H_2800HK,Tracker Fund of Hong Kong ETF,etf,long,11.2991,11.2991,11.2991,11.2991,etf,0.01579437717321032,0.01579437717321032,0.01579437717321032,Global Public Equities,Hong Kong Broad Market,Multi-Sector / Diversified,Hong Kong Equity ETF,Greater China,Large Cap,Liquid,2800.HK,lookthrough,lookthrough
2025-08-31,H_ACWI,H_ACWI,iShares MSCI ACWI ETF,etf,long,18.8288,18.8288,18.8288,18.8288,etf,0.026319721829078647,0.026319721829078647,0.026319721829078647,Global Public Equities,Global Equity Core,Multi-Sector / Diversified,Broad Market ETF,Global / Multi-region,Multi Cap,Liquid,ACWI,lookthrough,lookthrough
2025-08-31,H_AGG,H_AGG,iShares Core US Aggregate Bond ETF,etf,long,23.5264,23.5264,23.5264,23.5264,etf,0.03288623298561968,0.03288623298561968,0.03288623298561968,Fixed Income & Liquid Credit,US Aggregate Bonds,Fixed Income / Credit,Aggregate Bonds,North America,Non-classifiable,Liquid,AGG,benchmark_proxy,proxy
2025-08-31,H_BABA,H_BABA,Alibaba ADR,equity,long,6.5911,6.5911,6.5911,6.5911,equity,0.009213328440879942,0.009213328440879942,0.009213328440879942,Global Public Equities,China Internet ADR,Consumer Discretionary,Broadline Retail,Greater China,Large Cap,Liquid,BABA,direct,direct
2025-08-31,H_BIL,H_BIL,SPDR 1-3 Month T-Bill ETF,etf,long,7.8421,7.8421,7.8421,7.8421,etf,0.01096203106707903,0.01096203106707903,0.01096203106707903,Fixed Income & Liquid Credit,Treasury Bills,Fixed Income / Sovereign,Treasury Bills,North America,Non-classifiable,Liquid,BIL,benchmark_proxy,proxy
2025-08-31,H_BRKB,H_BRKB,Berkshire Hathaway Class B,equity,long,11.3564,11.3564,11.3564,11.3564,equity,0.01587447362443431,0.01587447362443431,0.01587447362443431,Global Public Equities,US Quality Compounder,Financials,Multi-Sector Holdings,North America,Mega Cap,Liquid,BRK.B,direct,direct
2025-08-31,H_CASH_HKD,H_CASH_HKD,HKD Working Capital,cash,long,2.3786,2.3786,2.3786,2.3786,cash,0.0033249113242822944,0.0033249113242822944,0.0033249113242822944,Cash & Liquidity,Cash Accounts,Cash,Cash,Global / Multi-region,Non-classifiable,Cash,,direct,direct
2025-08-31,H_CASH_JPY,H_CASH_JPY,JPY Treasury Buffer,cash,long,1.5857,1.5857,1.5857,1.5857,cash,0.002216560954727333,0.002216560954727333,0.002216560954727333,Cash & Liquidity,Cash Accounts,Cash,Cash,Global / Multi-region,Non-classifiable,Cash,,direct,direct
2025-08-31,H_CASH_OPS_USD,H_CASH_OPS_USD,USD Operating Cash,cash,long,11.8929,11.8929,11.8929,11.8929,cash,0.01662441683702888,0.01662441683702888,0.01662441683702888,Cash & Liquidity,Cash Accounts,Cash,Cash,Global / Multi-region,Non-classifiable,Cash,,direct,direct
2025-08-31,H_CASH_RESERVE_USD,H_CASH_RESERVE_USD,USD Liquidity Reserve,cash,long,4.4598,4.4598,4.4598,4.4598,cash,0.0062341038947423605,0.0062341038947423605,0.0062341038947423605,Cash & Liquidity,Cash Accounts,Cash,Cash,Global / Multi-region,Non-classifiable,Cash,,direct,direct
2025-08-31,H_CASH_SGD,H_CASH_SGD,SGD Near-Term Reserve,cash,long,1.9821,1.9821,1.9821,1.9821,cash,0.002770666247313519,0.002770666247313519,0.002770666247313519,Cash & Liquidity,Cash Accounts,Cash,Cash,Global / Multi-region,Non-classifiable,Cash,,direct,direct
2025-08-31,H_CNYA,H_CNYA,iShares MSCI China A ETF,etf,long,7.5327,7.5327,7.5327,7.5327,etf,0.010529538187346019,0.010529538187346019,0.010529538187346019,Global Public Equities,China A-Shares,Multi-Sector / Diversified,China A-Shares ETF,Greater China,All Cap,Liquid,CNYA,lookthrough,lookthrough
2025-08-31,H_DBC,H_DBC,Broad Commodities ETF Proxy,etf,long,7.7162,7.7162,7.7162,7.7162,etf,0.010786042529398403,0.010786042529398403,0.010786042529398403,Hedge Funds / Absolute Return,Commodities,Commodities,Broad Commodities,Global / Multi-region,Non-classifiable,Liquid,DBC,benchmark_proxy,proxy
2025-08-31,H_DBMF,H_DBMF,Managed Futures ETF Proxy,etf,long,9.6452,9.6452,9.6452,9.6452,etf,0.013482483269556709,0.013482483269556709,0.013482483269556709,Hedge Funds / Absolute Return,Managed Futures,Multi-Strategy,Managed Futures,Global / Multi-region,Non-classifiable,Liquid,DBMF,benchmark_proxy,proxy
2025-08-31,H_EEM,H_EEM,iShares MSCI Emerging Markets ETF,etf,long,6.5901,6.5901,6.5901,6.5901,etf,0.009211930597054043,0.009211930597054043,0.009211930597054043,Global Public Equities,Emerging Markets Core,Multi-Sector / Diversified,EM Equity ETF,Global / Multi-region,All Cap,Liquid,EEM,lookthrough,lookthrough
2025-08-31,H_EMB,H_EMB,iShares Emerging Markets Bond ETF,etf,long,7.8421,7.8421,7.8421,7.8421,etf,0.01096203106707903,0.01096203106707903,0.01096203106707903,Fixed Income & Liquid Credit,EM Sovereign / Credit,Fixed Income / Credit,EM Debt,Global / Multi-region,Non-classifiable,Liquid,EMB,benchmark_proxy,proxy
2025-08-31,H_ES_SHORT,H_ES_SHORT,S&P 500 Overlay Short Future,future,short,2.8391,-17.0346,17.0346,-17.0346,signed_notional,0.0039686184061085775,0.023811710436651465,-0.023811710436651465,Global Public Equities,Equity Index Overlay,Multi-Sector / Diversified,Equity Index Future,North America,Multi Cap,Liquid,SPY,underlying_proxy,proxy
2025-08-31,H_EWJ,H_EWJ,iShares MSCI Japan ETF,etf,long,6.5405,6.5405,6.5405,6.5405,etf,0.009142597543289475,0.009142597543289475,0.009142597543289475,Global Public Equities,Japan Equities,Multi-Sector / Diversified,Japan Equity ETF,Japan,Large Cap,Liquid,EWJ,lookthrough,lookthrough
2025-08-31,H_EWS,H_EWS,iShares MSCI Singapore ETF,etf,long,2.7199,2.7199,2.7199,2.7199,etf,0.00380199542206147,0.00380199542206147,0.00380199542206147,Global Public Equities,Southeast Asia Equities,Multi-Sector / Diversified,Southeast Asia Equity ETF,Southeast Asia,Large Cap,Liquid,EWS,lookthrough,lookthrough
2025-08-31,H_EWY,H_EWY,iShares MSCI South Korea ETF,etf,long,4.6335,4.6335,4.6335,4.6335,etf,0.006476909367300937,0.006476909367300937,0.006476909367300937,Global Public Equities,Korea Equities,Multi-Sector / Diversified,Korea Equity ETF,Korea,Large Cap,Liquid,EWY,lookthrough,lookthrough
2025-08-31,H_GLD,H_GLD,SPDR Gold Shares,etf,long,9.7374,9.7374,9.7374,9.7374,etf,0.013611364470304553,0.013611364470304553,0.013611364470304553,Hedge Funds / Absolute Return,Gold / Defensive,Commodities / Precious Metals,Gold,Global / Multi-region,Non-classifiable,Liquid,GLD,benchmark_proxy,proxy
2025-08-31,H_GMACRO,H_GMACRO,Global Macro Hedge Fund Sleeve,fund,long,17.3614,17.3614,17.3614,17.3614,fund,0.02426852579895511,0.02426852579895511,0.02426852579895511,Hedge Funds / Absolute Return,Global Macro,Multi-Strategy,Global Macro,Global / Multi-region,Non-classifiable,Semi-Liquid,GMACRO,mandate_proxy,proxy
2025-08-31,H_GOOGL,H_GOOGL,Alphabet Class A,equity,long,8.5173,8.5173,8.5173,8.5173,equity,0.011905855218325732,0.011905855218325732,0.011905855218325732,Global Public Equities,US Mega-cap Technology,Communication Services,Interactive Media,North America,Mega Cap,Liquid,GOOGL,direct,direct
2025-08-31,H_HSI_FUT,H_HSI_FUT,Hang Seng Index Tactical Long Future,future,long,2.354,8.4744,8.4744,8.4744,signed_notional,0.00329052436616519,0.011845887718194684,0.011845887718194684,Global Public Equities,Greater China Tactical Overlay,Multi-Sector / Diversified,Equity Index Future,Greater China,Large Cap,Liquid,2800.HK,underlying_proxy,proxy
2025-08-31,H_HSTECH,H_HSTECH,Hang Seng TECH ETF-style Exposure,etf,long,9.4159,9.4159,9.4159,9.4159,etf,0.01316195768027817,0.01316195768027817,0.01316195768027817,Global Public Equities,Hong Kong / China Technology,Information Technology,Technology ETF,Greater China,Large Cap,Liquid,3067.HK,lookthrough,lookthrough
2025-08-31,H_HYG,H_HYG,iShares High Yield Corporate Bond ETF,etf,long,8.8224,8.8224,8.8224,8.8224,etf,0.01233233736960738,0.01233233736960738,0.01233233736960738,Fixed Income & Liquid Credit,High Yield Credit,Fixed Income / Credit,High Yield Credit,North America,Non-classifiable,Liquid,HYG,benchmark_proxy,proxy
2025-08-31,H_IGIB,H_IGIB,iShares 5-10 Year Investment Grade Corporate Bond ETF,etf,long,11.7632,11.7632,11.7632,11.7632,etf,0.01644311649280984,0.01644311649280984,0.01644311649280984,Fixed Income & Liquid Credit,Investment Grade Credit,Fixed Income / Credit,Investment Grade Credit,North America,Non-classifiable,Liquid,IGIB,benchmark_proxy,proxy
2025-08-31,H_INDA,H_INDA,iShares MSCI India ETF,etf,long,6.5066,6.5066,6.5066,6.5066,etf,0.009095210637591514,0.009095210637591514,0.009095210637591514,Global Public Equities,India Equities,Multi-Sector / Diversified,India Equity ETF,India,All Cap,Liquid,INDA,lookthrough,lookthrough
2025-08-31,H_JD,H_JD,JD.com ADR,equity,long,4.7079,4.7079,4.7079,4.7079,equity,0.0065809089479477905,0.0065809089479477905,0.0065809089479477905,Global Public Equities,China E-commerce ADR,Consumer Discretionary,Broadline Retail,Greater China,Large Cap,Liquid,JD,direct,direct
2025-08-31,H_LQD,H_LQD,iShares Investment Grade Corporate Bond ETF,etf,long,7.8421,7.8421,7.8421,7.8421,etf,0.01096203106707903,0.01096203106707903,0.01096203106707903,Fixed Income & Liquid Credit,Investment Grade Credit,Fixed Income / Credit,Investment Grade Credit,North America,Non-classifiable,Liquid,LQD,benchmark_proxy,proxy
2025-08-31,H_MKTNEUT,H_MKTNEUT,Equity Market Neutral Fund Sleeve,fund,long,15.4323,15.4323,15.4323,15.4323,fund,0.021571945274414216,0.021571945274414216,0.021571945274414216,Hedge Funds / Absolute Return,Equity Market Neutral,Multi-Strategy,Equity Market Neutral,Global / Multi-region,Non-classifiable,Semi-Liquid,MKTNEUT,mandate_proxy,proxy
2025-08-31,H_MSFT,H_MSFT,Microsoft,equity,long,9.4637,9.4637,9.4637,9.4637,equity,0.01322877461515612,0.01322877461515612,0.01322877461515612,Global Public Equities,US Mega-cap Technology,Information Technology,Software,North America,Mega Cap,Liquid,MSFT,direct,direct
2025-08-31,H_NQ_SHORT,H_NQ_SHORT,Nasdaq Overlay Short Future,future,short,1.8927,-11.356200000000001,11.356200000000001,-11.356200000000001,signed_notional,0.002645699009278188,0.01587419405566913,-0.01587419405566913,Global Public Equities,Technology Overlay,Information Technology,Equity Index Future,North America,Mega Cap,Liquid,QQQ,underlying_proxy,proxy
2025-08-31,H_NVDA,H_NVDA,NVIDIA,equity,long,7.5709,7.5709,7.5709,7.5709,equity,0.010582935821495342,0.010582935821495342,0.010582935821495342,Global Public Equities,US Semiconductor Growth,Information Technology,Semiconductors,North America,Mega Cap,Liquid,NVDA,direct,direct
2025-08-31,H_PDD,H_PDD,PDD Holdings ADR,equity,long,5.6495,5.6495,5.6495,5.6495,equity,0.007897118694413867,0.007897118694413867,0.007897118694413867,Global Public Equities,China Internet ADR,Consumer Discretionary,Broadline Retail,Greater China,Large Cap,Liquid,PDD,direct,direct
2025-08-31,H_PF_APAC_LOGISTICS,H_PF_APAC_LOGISTICS,APAC Logistics Real Estate Fund,private_fund,long,7.6174,7.6174,7.6174,7.6174,private_fund,0.010647935559399625,0.010647935559399625,0.010647935559399625,Real Estate,APAC Logistics,Industrial Real Estate,APAC Logistics,Japan,Non-classifiable,Illiquid,,mandate_proxy,proxy
2025-08-31,H_PF_APEX_SECONDARIES_II,H_PF_APEX_SECONDARIES_II,Apex Secondaries Fund II,private_fund,long,19.0574,19.0574,19.0574,19.0574,private_fund,0.026639268927679056,0.026639268927679056,0.026639268927679056,Private Equity,Secondaries,Diversified / Secondaries,Secondaries,Global / Multi-region,Non-classifiable,Illiquid,,mandate_proxy,proxy
2025-08-31,H_PF_ATLAS_COINV_I,H_PF_ATLAS_COINV_I,Atlas Co-Investment Fund I,private_fund,long,20.9631,20.9631,20.9631,20.9631,private_fund,0.029303139906693924,0.029303139906693924,0.029303139906693924,Private Equity,Co-investment,Business Services,Co-investment,North America,Non-classifiable,Illiquid,,mandate_proxy,proxy
2025-08-31,H_PF_BLUE_HORIZON_III,H_PF_BLUE_HORIZON_III,Blue Horizon Ventures III,private_fund,long,16.9117,16.9117,16.9117,16.9117,private_fund,0.023639915430448532,0.023639915430448532,0.023639915430448532,Venture Capital / Growth,US Technology VC,Information Technology,US Technology VC,North America,Non-classifiable,Illiquid,,mandate_proxy,proxy
2025-08-31,H_PF_CLIMATE_ALPHA,H_PF_CLIMATE_ALPHA,Climate Alpha Fund,private_fund,long,14.0931,14.0931,14.0931,14.0931,private_fund,0.019699952822770875,0.019699952822770875,0.019699952822770875,Venture Capital / Growth,Climate Technology,Climate / Industrials,Climate Technology,Global / Multi-region,Non-classifiable,Illiquid,,mandate_proxy,proxy
2025-08-31,H_PF_COVE_SPECIALTY_FIN,H_PF_COVE_SPECIALTY_FIN,Cove Specialty Finance Fund,private_fund,long,13.3382,13.3382,13.3382,13.3382,private_fund,0.01864472051860006,0.01864472051860006,0.01864472051860006,Private Credit,Specialty Finance,Financials,Specialty Finance,North America,Non-classifiable,Illiquid,,mandate_proxy,proxy
2025-08-31,H_PF_CRESCENT_DIRECT_LEND,H_PF_CRESCENT_DIRECT_LEND,Crescent Direct Lending Fund,private_fund,long,19.0546,19.0546,19.0546,19.0546,private_fund,0.026635354964966537,0.026635354964966537,0.026635354964966537,Private Credit,Senior Direct Lending,Diversified Credit,Senior Direct Lending,North America,Non-classifiable,Illiquid,,mandate_proxy,proxy
2025-08-31,H_PF_DIGITAL_INFRA,H_PF_DIGITAL_INFRA,Horizon Digital Infrastructure Fund,private_fund,long,7.5797,7.5797,7.5797,7.5797,private_fund,0.01059523684716325,0.01059523684716325,0.01059523684716325,Infrastructure,Digital Infrastructure,Diversified,Digital Infrastructure,Global / Multi-region,Non-classifiable,Illiquid,,mandate_proxy,proxy
2025-08-31,H_PF_DRAGONBRIDGE,H_PF_DRAGONBRIDGE,DragonBridge Greater China Fund,private_fund,long,26.6803,26.6803,26.6803,26.6803,private_fund,0.03729489262812112,0.03729489262812112,0.03729489262812112,Private Equity,Asia Buyout / Greater China,Consumer / Industrials,Asia Buyout / Greater China,Greater China,Non-classifiable,Illiquid,,mandate_proxy,proxy
2025-08-31,H_PF_GLOBAL_GROWTH_II,H_PF_GLOBAL_GROWTH_II,Redwood Growth Fund II,private_fund,long,18.7908,18.7908,18.7908,18.7908,private_fund,0.0262666037636945,0.0262666037636945,0.0262666037636945,Venture Capital / Growth,Global Growth Equity,Information Technology / Consumer,Global Growth Equity,Global / Multi-region,Non-classifiable,Illiquid,,mandate_proxy,proxy
2025-08-31,H_PF_HARBOR_PEAK_V,H_PF_HARBOR_PEAK_V,Harbor Peak Partners V,private_fund,long,28.5861,28.5861,28.5861,28.5861,private_fund,0.03995890339151858,0.03995890339151858,0.03995890339151858,Private Equity,Secondaries,Diversified / Secondaries,Secondaries,Global / Multi-region,Non-classifiable,Illiquid,,mandate_proxy,proxy
2025-08-31,H_PF_HARBOUR_CORE_RE,H_PF_HARBOUR_CORE_RE,Harbour Core Real Estate Fund,private_fund,long,19.0436,19.0436,19.0436,19.0436,private_fund,0.026619978682881656,0.026619978682881656,0.026619978682881656,Real Estate,Core Real Estate,Real Estate,Core Real Estate,Global / Multi-region,Non-classifiable,Illiquid,,mandate_proxy,proxy
2025-08-31,H_PF_HOME_MULTIFAMILY,H_PF_HOME_MULTIFAMILY,HomeStone Multifamily Fund,private_fund,long,11.4261,11.4261,11.4261,11.4261,private_fund,0.01597190333909944,0.01597190333909944,0.01597190333909944,Real Estate,US Multifamily,Residential Real Estate,US Multifamily,North America,Non-classifiable,Illiquid,,mandate_proxy,proxy
2025-08-31,H_PF_INDIA_DIGITAL,H_PF_INDIA_DIGITAL,Indigo India Digital Growth Fund,private_fund,long,11.2745,11.2745,11.2745,11.2745,private_fund,0.01575999021509322,0.01575999021509322,0.01575999021509322,Venture Capital / Growth,India Digital Growth,Information Technology,India Digital Growth,India,Non-classifiable,Illiquid,,mandate_proxy,proxy
2025-08-31,H_PF_INFRA_CORE,H_PF_INFRA_CORE,Evergreen Core Infrastructure Fund,private_fund,long,11.3696,11.3696,11.3696,11.3696,private_fund,0.01589292516293617,0.01589292516293617,0.01589292516293617,Infrastructure,Core Infrastructure,Infrastructure,Core Infrastructure,Global / Multi-region,Non-classifiable,Illiquid,,mandate_proxy,proxy
2025-08-31,H_PF_LIONROCK_CREDIT,H_PF_LIONROCK_CREDIT,LionRock Asia Private Credit Fund,private_fund,long,15.72,15.72,15.72,15.72,private_fund,0.02197410494312523,0.02197410494312523,0.02197410494312523,Private Credit,Asia Private Credit,Diversified Credit,Asia Private Credit,Southeast Asia,Non-classifiable,Illiquid,,mandate_proxy,proxy
2025-08-31,H_PF_METRO_LOGISTICS,H_PF_METRO_LOGISTICS,Metro Logistics Fund,private_fund,long,11.9022,11.9022,11.9022,11.9022,private_fund,0.01663741678460974,0.01663741678460974,0.01663741678460974,Real Estate,Logistics Real Estate,Industrial Real Estate,Logistics Real Estate,Southeast Asia,Non-classifiable,Illiquid,,mandate_proxy,proxy
2025-08-31,H_PF_NORTHSTAR_IV,H_PF_NORTHSTAR_IV,Northstar Buyout Fund IV,private_fund,long,33.3504,33.3504,33.3504,33.3504,private_fund,0.04661865073124705,0.04661865073124705,0.04661865073124705,Private Equity,Buyout,Industrials,Buyout,North America,Non-classifiable,Illiquid,,mandate_proxy,proxy
2025-08-31,H_PF_RENEWABLES_II,H_PF_RENEWABLES_II,SolarBridge Renewables Fund II,private_fund,long,9.4747,9.4747,9.4747,9.4747,private_fund,0.013244150897241005,0.013244150897241005,0.013244150897241005,Infrastructure,Renewables,Utilities / Infrastructure,Renewables,Global / Multi-region,Non-classifiable,Illiquid,,mandate_proxy,proxy
2025-08-31,H_PF_SEEDSPRING_I,H_PF_SEEDSPRING_I,SeedSpring Southeast Asia VC Fund I,private_fund,long,9.3954,9.3954,9.3954,9.3954,private_fund,0.01313330188184725,0.01313330188184725,0.01313330188184725,Venture Capital / Growth,Southeast Asia VC,Information Technology / Consumer,Southeast Asia VC,Southeast Asia,Non-classifiable,Illiquid,,mandate_proxy,proxy
2025-08-31,H_PF_SPRING_OPP_CREDIT,H_PF_SPRING_OPP_CREDIT,Spring Point Opportunistic Credit Fund,private_fund,long,16.1964,16.1964,16.1964,16.1964,private_fund,0.0226400377417833,0.0226400377417833,0.0226400377417833,Private Credit,Opportunistic Credit,Special Situations Credit,Opportunistic Credit,Global / Multi-region,Non-classifiable,Illiquid,,mandate_proxy,proxy
2025-08-31,H_QAI,H_QAI,Multi-Strategy Liquid Alternatives ETF Proxy,etf,long,6.7516,6.7516,6.7516,6.7516,etf,0.00943768237493666,0.00943768237493666,0.00943768237493666,Hedge Funds / Absolute Return,Multi-Strategy Absolute Return,Multi-Strategy,Absolute Return,Global / Multi-region,Non-classifiable,Liquid,QAI,benchmark_proxy,proxy
2025-08-31,H_QQQ,H_QQQ,Invesco QQQ Trust,etf,long,22.7128,22.7128,22.7128,22.7128,etf,0.03174894724886862,0.03174894724886862,0.03174894724886862,Global Public Equities,US Technology / Growth,Information Technology,Growth / Technology ETF,North America,Mega Cap,Liquid,QQQ,lookthrough,lookthrough
2025-08-31,H_SPY,H_SPY,SPDR S&P 500 ETF,etf,long,37.8547,37.8547,37.8547,37.8547,etf,0.052914958676241894,0.052914958676241894,0.052914958676241894,Global Public Equities,US Large Cap Core,Multi-Sector / Diversified,Broad Market ETF,North America,Multi Cap,Liquid,SPY,lookthrough,lookthrough
2025-08-31,H_SPY_PUT,H_SPY_PUT,S&P 500 Protective Put Overlay,listed_option,long,1.8927,-7.5708,11.356200000000001,-7.5708,delta_adjusted_exposure,0.002645699009278188,0.01587419405566913,-0.010582796037112752,Global Public Equities,Options Overlay,Multi-Sector / Diversified,Equity Index Option,North America,Multi Cap,Liquid,SPY,underlying_proxy,proxy
2025-08-31,H_TLT,H_TLT,iShares 20+ Year Treasury Bond ETF,etf,long,13.7237,13.7237,13.7237,13.7237,etf,0.019183589313483948,0.019183589313483948,0.019183589313483948,Fixed Income & Liquid Credit,Long Duration Treasuries,Fixed Income / Sovereign,Government Bonds,North America,Non-classifiable,Liquid,TLT,benchmark_proxy,proxy
2025-08-31,H_VNQ,H_VNQ,US Listed REIT ETF Proxy,etf,long,5.7871,5.7871,5.7871,5.7871,etf,0.008089462004857507,0.008089462004857507,0.008089462004857507,Hedge Funds / Absolute Return,Listed Real Estate,Real Estate,REITs,North America,Mid Cap,Liquid,VNQ,lookthrough,lookthrough
2025-09-30,H_2800HK,H_2800HK,Tracker Fund of Hong Kong ETF,etf,long,11.2283,11.2283,11.2283,11.2283,etf,0.015668570856036783,0.015668570856036783,0.015668570856036783,Global Public Equities,Hong Kong Broad Market,Multi-Sector / Diversified,Hong Kong Equity ETF,Greater China,Large Cap,Liquid,2800.HK,lookthrough,lookthrough
2025-09-30,H_ACWI,H_ACWI,iShares MSCI ACWI ETF,etf,long,18.8508,18.8508,18.8508,18.8508,etf,0.02630541537837234,0.02630541537837234,0.02630541537837234,Global Public Equities,Global Equity Core,Multi-Sector / Diversified,Broad Market ETF,Global / Multi-region,Multi Cap,Liquid,ACWI,lookthrough,lookthrough
2025-09-30,H_AGG,H_AGG,iShares Core US Aggregate Bond ETF,etf,long,23.5059,23.5059,23.5059,23.5059,etf,0.03280139109971367,0.03280139109971367,0.03280139109971367,Fixed Income & Liquid Credit,US Aggregate Bonds,Fixed Income / Credit,Aggregate Bonds,North America,Non-classifiable,Liquid,AGG,benchmark_proxy,proxy
2025-09-30,H_BABA,H_BABA,Alibaba ADR,equity,long,6.5498,6.5498,6.5498,6.5498,equity,0.009139941522124427,0.009139941522124427,0.009139941522124427,Global Public Equities,China Internet ADR,Consumer Discretionary,Broadline Retail,Greater China,Large Cap,Liquid,BABA,direct,direct
2025-09-30,H_BIL,H_BIL,SPDR 1-3 Month T-Bill ETF,etf,long,7.8353,7.8353,7.8353,7.8353,etf,0.01093379703323789,0.01093379703323789,0.01093379703323789,Fixed Income & Liquid Credit,Treasury Bills,Fixed Income / Sovereign,Treasury Bills,North America,Non-classifiable,Liquid,BIL,benchmark_proxy,proxy
2025-09-30,H_BRKB,H_BRKB,Berkshire Hathaway Class B,equity,long,11.3817,11.3817,11.3817,11.3817,equity,0.015882633427335736,0.015882633427335736,0.015882633427335736,Global Public Equities,US Quality Compounder,Financials,Multi-Sector Holdings,North America,Mega Cap,Liquid,BRK.B,direct,direct
2025-09-30,H_CASH_HKD,H_CASH_HKD,HKD Working Capital,cash,long,2.3793,2.3793,2.3793,2.3793,cash,0.003320202580779665,0.003320202580779665,0.003320202580779665,Cash & Liquidity,Cash Accounts,Cash,Cash,Global / Multi-region,Non-classifiable,Cash,,direct,direct
2025-09-30,H_CASH_JPY,H_CASH_JPY,JPY Treasury Buffer,cash,long,1.5862,1.5862,1.5862,1.5862,cash,0.0022134683871864436,0.0022134683871864436,0.0022134683871864436,Cash & Liquidity,Cash Accounts,Cash,Cash,Global / Multi-region,Non-classifiable,Cash,,direct,direct
2025-09-30,H_CASH_OPS_USD,H_CASH_OPS_USD,USD Operating Cash,cash,long,11.8967,11.8967,11.8967,11.8967,cash,0.01660129199460406,0.01660129199460406,0.01660129199460406,Cash & Liquidity,Cash Accounts,Cash,Cash,Global / Multi-region,Non-classifiable,Cash,,direct,direct
2025-09-30,H_CASH_RESERVE_USD,H_CASH_RESERVE_USD,USD Liquidity Reserve,cash,long,4.4613,4.4613,4.4613,4.4613,cash,0.006225536827483847,0.006225536827483847,0.006225536827483847,Cash & Liquidity,Cash Accounts,Cash,Cash,Global / Multi-region,Non-classifiable,Cash,,direct,direct
2025-09-30,H_CASH_SGD,H_CASH_SGD,SGD Near-Term Reserve,cash,long,1.9828,1.9828,1.9828,1.9828,cash,0.002766905256659488,0.002766905256659488,0.002766905256659488,Cash & Liquidity,Cash Accounts,Cash,Cash,Global / Multi-region,Non-classifiable,Cash,,direct,direct
2025-09-30,H_CNYA,H_CNYA,iShares MSCI China A ETF,etf,long,7.4855,7.4855,7.4855,7.4855,etf,0.010445667388906898,0.010445667388906898,0.010445667388906898,Global Public Equities,China A-Shares,Multi-Sector / Diversified,China A-Shares ETF,Greater China,All Cap,Liquid,CNYA,lookthrough,lookthrough
2025-09-30,H_DBC,H_DBC,Broad Commodities ETF Proxy,etf,long,7.7087,7.7087,7.7087,7.7087,etf,0.010757132616507462,0.010757132616507462,0.010757132616507462,Hedge Funds / Absolute Return,Commodities,Commodities,Broad Commodities,Global / Multi-region,Non-classifiable,Liquid,DBC,benchmark_proxy,proxy
2025-09-30,H_DBMF,H_DBMF,Managed Futures ETF Proxy,etf,long,9.6359,9.6359,9.6359,9.6359,etf,0.013446450656972544,0.013446450656972544,0.013446450656972544,Hedge Funds / Absolute Return,Managed Futures,Multi-Strategy,Managed Futures,Global / Multi-region,Non-classifiable,Liquid,DBMF,benchmark_proxy,proxy
2025-09-30,H_EEM,H_EEM,iShares MSCI Emerging Markets ETF,etf,long,6.5978,6.5978,6.5978,6.5978,etf,0.009206923291500893,0.009206923291500893,0.009206923291500893,Global Public Equities,Emerging Markets Core,Multi-Sector / Diversified,EM Equity ETF,Global / Multi-region,All Cap,Liquid,EEM,lookthrough,lookthrough
2025-09-30,H_EMB,H_EMB,iShares Emerging Markets Bond ETF,etf,long,7.8353,7.8353,7.8353,7.8353,etf,0.01093379703323789,0.01093379703323789,0.01093379703323789,Fixed Income & Liquid Credit,EM Sovereign / Credit,Fixed Income / Credit,EM Debt,Global / Multi-region,Non-classifiable,Liquid,EMB,benchmark_proxy,proxy
2025-09-30,H_ES_SHORT,H_ES_SHORT,S&P 500 Overlay Short Future,future,short,2.8454,-17.072400000000002,17.072400000000002,-17.072400000000002,signed_notional,0.003970623470495717,0.023823740822974303,-0.023823740822974303,Global Public Equities,Equity Index Overlay,Multi-Sector / Diversified,Equity Index Future,North America,Multi Cap,Liquid,SPY,underlying_proxy,proxy
2025-09-30,H_EWJ,H_EWJ,iShares MSCI Japan ETF,etf,long,6.5414,6.5414,6.5414,6.5414,etf,0.009128219712483546,0.009128219712483546,0.009128219712483546,Global Public Equities,Japan Equities,Multi-Sector / Diversified,Japan Equity ETF,Japan,Large Cap,Liquid,EWJ,lookthrough,lookthrough
2025-09-30,H_EWS,H_EWS,iShares MSCI Singapore ETF,etf,long,2.7229,2.7229,2.7229,2.7229,etf,0.003799680413232863,0.003799680413232863,0.003799680413232863,Global Public Equities,Southeast Asia Equities,Multi-Sector / Diversified,Southeast Asia Equity ETF,Southeast Asia,Large Cap,Liquid,EWS,lookthrough,lookthrough
2025-09-30,H_EWY,H_EWY,iShares MSCI South Korea ETF,etf,long,4.6268,4.6268,4.6268,4.6268,etf,0.006456484386479787,0.006456484386479787,0.006456484386479787,Global Public Equities,Korea Equities,Multi-Sector / Diversified,Korea Equity ETF,Korea,Large Cap,Liquid,EWY,lookthrough,lookthrough
2025-09-30,H_GLD,H_GLD,SPDR Gold Shares,etf,long,9.7158,9.7158,9.7158,9.7158,etf,0.013557947393913786,0.013557947393913786,0.013557947393913786,Hedge Funds / Absolute Return,Gold / Defensive,Commodities / Precious Metals,Gold,Global / Multi-region,Non-classifiable,Liquid,GLD,benchmark_proxy,proxy
2025-09-30,H_GMACRO,H_GMACRO,Global Macro Hedge Fund Sleeve,fund,long,17.3447,17.3447,17.3447,17.3447,fund,0.024203722818832873,0.024203722818832873,0.024203722818832873,Hedge Funds / Absolute Return,Global Macro,Multi-Strategy,Global Macro,Global / Multi-region,Non-classifiable,Semi-Liquid,GMACRO,mandate_proxy,proxy
2025-09-30,H_GOOGL,H_GOOGL,Alphabet Class A,equity,long,8.5363,8.5363,8.5363,8.5363,equity,0.01191200995684002,0.01191200995684002,0.01191200995684002,Global Public Equities,US Mega-cap Technology,Communication Services,Interactive Media,North America,Mega Cap,Liquid,GOOGL,direct,direct
2025-09-30,H_HSI_FUT,H_HSI_FUT,Hang Seng Index Tactical Long Future,future,long,2.3392,8.42112,8.42112,8.42112,signed_notional,0.003264244894279743,0.011751281619407075,0.011751281619407075,Global Public Equities,Greater China Tactical Overlay,Multi-Sector / Diversified,Equity Index Future,Greater China,Large Cap,Liquid,2800.HK,underlying_proxy,proxy
2025-09-30,H_HSTECH,H_HSTECH,Hang Seng TECH ETF-style Exposure,etf,long,9.3569,9.3569,9.3569,9.3569,etf,0.013057119122471839,0.013057119122471839,0.013057119122471839,Global Public Equities,Hong Kong / China Technology,Information Technology,Technology ETF,Greater China,Large Cap,Liquid,3067.HK,lookthrough,lookthrough
2025-09-30,H_HYG,H_HYG,iShares High Yield Corporate Bond ETF,etf,long,8.8147,8.8147,8.8147,8.8147,etf,0.012300504219223518,0.012300504219223518,0.012300504219223518,Fixed Income & Liquid Credit,High Yield Credit,Fixed Income / Credit,High Yield Credit,North America,Non-classifiable,Liquid,HYG,benchmark_proxy,proxy
2025-09-30,H_IGIB,H_IGIB,iShares 5-10 Year Investment Grade Corporate Bond ETF,etf,long,11.7529,11.7529,11.7529,11.7529,etf,0.016400625777180402,0.016400625777180402,0.016400625777180402,Fixed Income & Liquid Credit,Investment Grade Credit,Fixed Income / Credit,Investment Grade Credit,North America,Non-classifiable,Liquid,IGIB,benchmark_proxy,proxy
2025-09-30,H_INDA,H_INDA,iShares MSCI India ETF,etf,long,6.518,6.518,6.518,6.518,etf,0.009095566099912519,0.009095566099912519,0.009095566099912519,Global Public Equities,India Equities,Multi-Sector / Diversified,India Equity ETF,India,All Cap,Liquid,INDA,lookthrough,lookthrough
2025-09-30,H_JD,H_JD,JD.com ADR,equity,long,4.6785,4.6785,4.6785,4.6785,equity,0.006528629333912354,0.006528629333912354,0.006528629333912354,Global Public Equities,China E-commerce ADR,Consumer Discretionary,Broadline Retail,Greater China,Large Cap,Liquid,JD,direct,direct
2025-09-30,H_LQD,H_LQD,iShares Investment Grade Corporate Bond ETF,etf,long,7.8353,7.8353,7.8353,7.8353,etf,0.01093379703323789,0.01093379703323789,0.01093379703323789,Fixed Income & Liquid Credit,Investment Grade Credit,Fixed Income / Credit,Investment Grade Credit,North America,Non-classifiable,Liquid,LQD,benchmark_proxy,proxy
2025-09-30,H_MKTNEUT,H_MKTNEUT,Equity Market Neutral Fund Sleeve,fund,long,15.4175,15.4175,15.4175,15.4175,fund,0.02151440477836779,0.02151440477836779,0.02151440477836779,Hedge Funds / Absolute Return,Equity Market Neutral,Multi-Strategy,Equity Market Neutral,Global / Multi-region,Non-classifiable,Semi-Liquid,MKTNEUT,mandate_proxy,proxy
2025-09-30,H_MSFT,H_MSFT,Microsoft,equity,long,9.4847,9.4847,9.4847,9.4847,equity,0.01323545808343668,0.01323545808343668,0.01323545808343668,Global Public Equities,US Mega-cap Technology,Information Technology,Software,North America,Mega Cap,Liquid,MSFT,direct,direct
2025-09-30,H_NQ_SHORT,H_NQ_SHORT,Nasdaq Overlay Short Future,future,short,1.8969,-11.3814,11.3814,-11.3814,signed_notional,0.0026470357985461886,0.015882214791277133,-0.015882214791277133,Global Public Equities,Technology Overlay,Information Technology,Equity Index Future,North America,Mega Cap,Liquid,QQQ,underlying_proxy,proxy
2025-09-30,H_NVDA,H_NVDA,NVIDIA,equity,long,7.5878,7.5878,7.5878,7.5878,equity,0.01058842228489049,0.01058842228489049,0.01058842228489049,Global Public Equities,US Semiconductor Growth,Information Technology,Semiconductors,North America,Mega Cap,Liquid,NVDA,direct,direct
2025-09-30,H_PDD,H_PDD,PDD Holdings ADR,equity,long,5.6142,5.6142,5.6142,5.6142,equity,0.007834355200694825,0.007834355200694825,0.007834355200694825,Global Public Equities,China Internet ADR,Consumer Discretionary,Broadline Retail,Greater China,Large Cap,Liquid,PDD,direct,direct
2025-09-30,H_PF_APAC_LOGISTICS,H_PF_APAC_LOGISTICS,APAC Logistics Real Estate Fund,private_fund,long,7.6398,7.6398,7.6398,7.6398,private_fund,0.010660985868381661,0.010660985868381661,0.010660985868381661,Real Estate,APAC Logistics,Industrial Real Estate,APAC Logistics,Japan,Non-classifiable,Illiquid,,mandate_proxy,proxy
2025-09-30,H_PF_APEX_SECONDARIES_II,H_PF_APEX_SECONDARIES_II,Apex Secondaries Fund II,private_fund,long,19.1403,19.1403,19.1403,19.1403,private_fund,0.026709399174924146,0.026709399174924146,0.026709399174924146,Private Equity,Secondaries,Diversified / Secondaries,Secondaries,Global / Multi-region,Non-classifiable,Illiquid,,mandate_proxy,proxy
2025-09-30,H_PF_ATLAS_COINV_I,H_PF_ATLAS_COINV_I,Atlas Co-Investment Fund I,private_fund,long,21.0544,21.0544,21.0544,21.0544,private_fund,0.029380436774163573,0.029380436774163573,0.029380436774163573,Private Equity,Co-investment,Business Services,Co-investment,North America,Non-classifiable,Illiquid,,mandate_proxy,proxy
2025-09-30,H_PF_BLUE_HORIZON_III,H_PF_BLUE_HORIZON_III,Blue Horizon Ventures III,private_fund,long,16.981,16.981,16.981,16.981,private_fund,0.023696196370453285,0.023696196370453285,0.023696196370453285,Venture Capital / Growth,US Technology VC,Information Technology,US Technology VC,North America,Non-classifiable,Illiquid,,mandate_proxy,proxy
2025-09-30,H_PF_CLIMATE_ALPHA,H_PF_CLIMATE_ALPHA,Climate Alpha Fund,private_fund,long,14.1509,14.1509,14.1509,14.1509,private_fund,0.019746923338946315,0.019746923338946315,0.019746923338946315,Venture Capital / Growth,Climate Technology,Climate / Industrials,Climate Technology,Global / Multi-region,Non-classifiable,Illiquid,,mandate_proxy,proxy
2025-09-30,H_PF_COVE_SPECIALTY_FIN,H_PF_COVE_SPECIALTY_FIN,Cove Specialty Finance Fund,private_fund,long,13.3977,13.3977,13.3977,13.3977,private_fund,0.01869586774114728,0.01869586774114728,0.01869586774114728,Private Credit,Specialty Finance,Financials,Specialty Finance,North America,Non-classifiable,Illiquid,,mandate_proxy,proxy
2025-09-30,H_PF_CRESCENT_DIRECT_LEND,H_PF_CRESCENT_DIRECT_LEND,Crescent Direct Lending Fund,private_fund,long,19.1396,19.1396,19.1396,19.1396,private_fund,0.026708422357454076,0.026708422357454076,0.026708422357454076,Private Credit,Senior Direct Lending,Diversified Credit,Senior Direct Lending,North America,Non-classifiable,Illiquid,,mandate_proxy,proxy
2025-09-30,H_PF_DIGITAL_INFRA,H_PF_DIGITAL_INFRA,Horizon Digital Infrastructure Fund,private_fund,long,7.6107,7.6107,7.6107,7.6107,private_fund,0.010620378170697178,0.010620378170697178,0.010620378170697178,Infrastructure,Digital Infrastructure,Diversified,Digital Infrastructure,Global / Multi-region,Non-classifiable,Illiquid,,mandate_proxy,proxy
2025-09-30,H_PF_DRAGONBRIDGE,H_PF_DRAGONBRIDGE,DragonBridge Greater China Fund,private_fund,long,26.7965,26.7965,26.7965,26.7965,private_fund,0.037393270481176105,0.037393270481176105,0.037393270481176105,Private Equity,Asia Buyout / Greater China,Consumer / Industrials,Asia Buyout / Greater China,Greater China,Non-classifiable,Illiquid,,mandate_proxy,proxy
2025-09-30,H_PF_GLOBAL_GROWTH_II,H_PF_GLOBAL_GROWTH_II,Redwood Growth Fund II,private_fund,long,18.8678,18.8678,18.8678,18.8678,private_fund,0.02632913808835984,0.02632913808835984,0.02632913808835984,Venture Capital / Growth,Global Growth Equity,Information Technology / Consumer,Global Growth Equity,Global / Multi-region,Non-classifiable,Illiquid,,mandate_proxy,proxy
2025-09-30,H_PF_HARBOR_PEAK_V,H_PF_HARBOR_PEAK_V,Harbor Peak Partners V,private_fund,long,28.7105,28.7105,28.7105,28.7105,private_fund,0.04006416853506266,0.04006416853506266,0.04006416853506266,Private Equity,Secondaries,Diversified / Secondaries,Secondaries,Global / Multi-region,Non-classifiable,Illiquid,,mandate_proxy,proxy
2025-09-30,H_PF_HARBOUR_CORE_RE,H_PF_HARBOUR_CORE_RE,Harbour Core Real Estate Fund,private_fund,long,19.0994,19.0994,19.0994,19.0994,private_fund,0.026652325125601284,0.026652325125601284,0.026652325125601284,Real Estate,Core Real Estate,Real Estate,Core Real Estate,Global / Multi-region,Non-classifiable,Illiquid,,mandate_proxy,proxy
2025-09-30,H_PF_HOME_MULTIFAMILY,H_PF_HOME_MULTIFAMILY,HomeStone Multifamily Fund,private_fund,long,11.4597,11.4597,11.4597,11.4597,private_fund,0.01599147880257249,0.01599147880257249,0.01599147880257249,Real Estate,US Multifamily,Residential Real Estate,US Multifamily,North America,Non-classifiable,Illiquid,,mandate_proxy,proxy
2025-09-30,H_PF_INDIA_DIGITAL,H_PF_INDIA_DIGITAL,Indigo India Digital Growth Fund,private_fund,long,11.3207,11.3207,11.3207,11.3207,private_fund,0.015797510762086478,0.015797510762086478,0.015797510762086478,Venture Capital / Growth,India Digital Growth,Information Technology,India Digital Growth,India,Non-classifiable,Illiquid,,mandate_proxy,proxy
2025-09-30,H_PF_INFRA_CORE,H_PF_INFRA_CORE,Evergreen Core Infrastructure Fund,private_fund,long,11.4161,11.4161,11.4161,11.4161,private_fund,0.015930637028722203,0.015930637028722203,0.015930637028722203,Infrastructure,Core Infrastructure,Infrastructure,Core Infrastructure,Global / Multi-region,Non-classifiable,Illiquid,,mandate_proxy,proxy
2025-09-30,H_PF_LIONROCK_CREDIT,H_PF_LIONROCK_CREDIT,LionRock Asia Private Credit Fund,private_fund,long,15.7901,15.7901,15.7901,15.7901,private_fund,0.022034350763152605,0.022034350763152605,0.022034350763152605,Private Credit,Asia Private Credit,Diversified Credit,Asia Private Credit,Southeast Asia,Non-classifiable,Illiquid,,mandate_proxy,proxy
2025-09-30,H_PF_METRO_LOGISTICS,H_PF_METRO_LOGISTICS,Metro Logistics Fund,private_fund,long,11.9372,11.9372,11.9372,11.9372,private_fund,0.016657807862515455,0.016657807862515455,0.016657807862515455,Real Estate,Logistics Real Estate,Industrial Real Estate,Logistics Real Estate,Southeast Asia,Non-classifiable,Illiquid,,mandate_proxy,proxy
2025-09-30,H_PF_NORTHSTAR_IV,H_PF_NORTHSTAR_IV,Northstar Buyout Fund IV,private_fund,long,33.4956,33.4956,33.4956,33.4956,private_fund,0.04674155321513191,0.04674155321513191,0.04674155321513191,Private Equity,Buyout,Industrials,Buyout,North America,Non-classifiable,Illiquid,,mandate_proxy,proxy
2025-09-30,H_PF_RENEWABLES_II,H_PF_RENEWABLES_II,SolarBridge Renewables Fund II,private_fund,long,9.5134,9.5134,9.5134,9.5134,private_fund,0.013275507599709692,0.013275507599709692,0.013275507599709692,Infrastructure,Renewables,Utilities / Infrastructure,Renewables,Global / Multi-region,Non-classifiable,Illiquid,,mandate_proxy,proxy
2025-09-30,H_PF_SEEDSPRING_I,H_PF_SEEDSPRING_I,SeedSpring Southeast Asia VC Fund I,private_fund,long,9.4339,9.4339,9.4339,9.4339,private_fund,0.01316456904417992,0.01316456904417992,0.01316456904417992,Venture Capital / Growth,Southeast Asia VC,Information Technology / Consumer,Southeast Asia VC,Southeast Asia,Non-classifiable,Illiquid,,mandate_proxy,proxy
2025-09-30,H_PF_SPRING_OPP_CREDIT,H_PF_SPRING_OPP_CREDIT,Spring Point Opportunistic Credit Fund,private_fund,long,16.2686,16.2686,16.2686,16.2686,private_fund,0.022702075276624243,0.022702075276624243,0.022702075276624243,Private Credit,Opportunistic Credit,Special Situations Credit,Opportunistic Credit,Global / Multi-region,Non-classifiable,Illiquid,,mandate_proxy,proxy
2025-09-30,H_QAI,H_QAI,Multi-Strategy Liquid Alternatives ETF Proxy,etf,long,6.7451,6.7451,6.7451,6.7451,etf,0.009412473596274921,0.009412473596274921,0.009412473596274921,Hedge Funds / Absolute Return,Multi-Strategy Absolute Return,Multi-Strategy,Absolute Return,Global / Multi-region,Non-classifiable,Liquid,QAI,benchmark_proxy,proxy
2025-09-30,H_QQQ,H_QQQ,Invesco QQQ Trust,etf,long,22.7634,22.7634,22.7634,22.7634,etf,0.03176526685467147,0.03176526685467147,0.03176526685467147,Global Public Equities,US Technology / Growth,Information Technology,Growth / Technology ETF,North America,Mega Cap,Liquid,QQQ,lookthrough,lookthrough
2025-09-30,H_SPY,H_SPY,SPDR S&P 500 ETF,etf,long,37.939,37.939,37.939,37.939,etf,0.05294211142445245,0.05294211142445245,0.05294211142445245,Global Public Equities,US Large Cap Core,Multi-Sector / Diversified,Broad Market ETF,North America,Multi Cap,Liquid,SPY,lookthrough,lookthrough
2025-09-30,H_SPY_PUT,H_SPY_PUT,S&P 500 Protective Put Overlay,listed_option,long,1.8969,-7.5876,11.3814,-7.5876,delta_adjusted_exposure,0.0026470357985461886,0.015882214791277133,-0.010588143194184755,Global Public Equities,Options Overlay,Multi-Sector / Diversified,Equity Index Option,North America,Multi Cap,Liquid,SPY,underlying_proxy,proxy
2025-09-30,H_TLT,H_TLT,iShares 20+ Year Treasury Bond ETF,etf,long,13.7118,13.7118,13.7118,13.7118,etf,0.019134179694504524,0.019134179694504524,0.019134179694504524,Fixed Income & Liquid Credit,Long Duration Treasuries,Fixed Income / Sovereign,Government Bonds,North America,Non-classifiable,Liquid,TLT,benchmark_proxy,proxy
2025-09-30,H_VNQ,H_VNQ,US Listed REIT ETF Proxy,etf,long,5.7816,5.7816,5.7816,5.7816,etf,0.008067954121395247,0.008067954121395247,0.008067954121395247,Hedge Funds / Absolute Return,Listed Real Estate,Real Estate,REITs,North America,Mid Cap,Liquid,VNQ,lookthrough,lookthrough
2025-10-31,H_2800HK,H_2800HK,Tracker Fund of Hong Kong ETF,etf,long,11.1956,11.1956,11.1956,11.1956,etf,0.015587302104430581,0.015587302104430581,0.015587302104430581,Global Public Equities,Hong Kong Broad Market,Multi-Sector / Diversified,Hong Kong Equity ETF,Greater China,Large Cap,Liquid,2800.HK,lookthrough,lookthrough
2025-10-31,H_ACWI,H_ACWI,iShares MSCI ACWI ETF,etf,long,18.8877,18.8877,18.8877,18.8877,etf,0.0262967849831946,0.0262967849831946,0.0262967849831946,Global Public Equities,Global Equity Core,Multi-Sector / Diversified,Broad Market ETF,Global / Multi-region,Multi Cap,Liquid,ACWI,lookthrough,lookthrough
2025-10-31,H_AGG,H_AGG,iShares Core US Aggregate Bond ETF,etf,long,23.4945,23.4945,23.4945,23.4945,etf,0.03271069610316055,0.03271069610316055,0.03271069610316055,Fixed Income & Liquid Credit,US Aggregate Bonds,Fixed Income / Credit,Aggregate Bonds,North America,Non-classifiable,Liquid,AGG,benchmark_proxy,proxy
2025-10-31,H_BABA,H_BABA,Alibaba ADR,equity,long,6.5307,6.5307,6.5307,6.5307,equity,0.009092500076226803,0.009092500076226803,0.009092500076226803,Global Public Equities,China Internet ADR,Consumer Discretionary,Broadline Retail,Greater China,Large Cap,Liquid,BABA,direct,direct
2025-10-31,H_BIL,H_BIL,SPDR 1-3 Month T-Bill ETF,etf,long,7.8315,7.8315,7.8315,7.8315,etf,0.010903565367720183,0.010903565367720183,0.010903565367720183,Fixed Income & Liquid Credit,Treasury Bills,Fixed Income / Sovereign,Treasury Bills,North America,Non-classifiable,Liquid,BIL,benchmark_proxy,proxy
2025-10-31,H_BRKB,H_BRKB,Berkshire Hathaway Class B,equity,long,11.405,11.405,11.405,11.405,equity,0.015878843518974485,0.015878843518974485,0.015878843518974485,Global Public Equities,US Quality Compounder,Financials,Multi-Sector Holdings,North America,Mega Cap,Liquid,BRK.B,direct,direct
2025-10-31,H_CASH_HKD,H_CASH_HKD,HKD Working Capital,cash,long,2.38,2.38,2.38,2.38,cash,0.003313603469983277,0.003313603469983277,0.003313603469983277,Cash & Liquidity,Cash Accounts,Cash,Cash,Global / Multi-region,Non-classifiable,Cash,,direct,direct
2025-10-31,H_CASH_JPY,H_CASH_JPY,JPY Treasury Buffer,cash,long,1.5866,1.5866,1.5866,1.5866,cash,0.0022089761619644823,0.0022089761619644823,0.0022089761619644823,Cash & Liquidity,Cash Accounts,Cash,Cash,Global / Multi-region,Non-classifiable,Cash,,direct,direct
2025-10-31,H_CASH_OPS_USD,H_CASH_OPS_USD,USD Operating Cash,cash,long,11.8998,11.8998,11.8998,11.8998,cash,0.01656773889584328,0.01656773889584328,0.01656773889584328,Cash & Liquidity,Cash Accounts,Cash,Cash,Global / Multi-region,Non-classifiable,Cash,,direct,direct
2025-10-31,H_CASH_RESERVE_USD,H_CASH_RESERVE_USD,USD Liquidity Reserve,cash,long,4.4624,4.4624,4.4624,4.4624,cash,0.006212867279182091,0.006212867279182091,0.006212867279182091,Cash & Liquidity,Cash Accounts,Cash,Cash,Global / Multi-region,Non-classifiable,Cash,,direct,direct
2025-10-31,H_CASH_SGD,H_CASH_SGD,SGD Near-Term Reserve,cash,long,1.9833,1.9833,1.9833,1.9833,cash,0.0027612898159738797,0.0027612898159738797,0.0027612898159738797,Cash & Liquidity,Cash Accounts,Cash,Cash,Global / Multi-region,Non-classifiable,Cash,,direct,direct
2025-10-31,H_CNYA,H_CNYA,iShares MSCI China A ETF,etf,long,7.4637,7.4637,7.4637,7.4637,etf,0.01039148832727487,0.01039148832727487,0.01039148832727487,Global Public Equities,China A-Shares,Multi-Sector / Diversified,China A-Shares ETF,Greater China,All Cap,Liquid,CNYA,lookthrough,lookthrough
2025-10-31,H_DBC,H_DBC,Broad Commodities ETF Proxy,etf,long,7.7096,7.7096,7.7096,7.7096,etf,0.010733847610160956,0.010733847610160956,0.010733847610160956,Hedge Funds / Absolute Return,Commodities,Commodities,Broad Commodities,Global / Multi-region,Non-classifiable,Liquid,DBC,benchmark_proxy,proxy
2025-10-31,H_DBMF,H_DBMF,Managed Futures ETF Proxy,etf,long,9.637,9.637,9.637,9.637,etf,0.013417309512701196,0.013417309512701196,0.013417309512701196,Hedge Funds / Absolute Return,Managed Futures,Multi-Strategy,Managed Futures,Global / Multi-region,Non-classifiable,Liquid,DBMF,benchmark_proxy,proxy
2025-10-31,H_EEM,H_EEM,iShares MSCI Emerging Markets ETF,etf,long,6.6107,6.6107,6.6107,6.6107,etf,0.009203881705469937,0.009203881705469937,0.009203881705469937,Global Public Equities,Emerging Markets Core,Multi-Sector / Diversified,EM Equity ETF,Global / Multi-region,All Cap,Liquid,EEM,lookthrough,lookthrough
2025-10-31,H_EMB,H_EMB,iShares Emerging Markets Bond ETF,etf,long,7.8315,7.8315,7.8315,7.8315,etf,0.010903565367720183,0.010903565367720183,0.010903565367720183,Fixed Income & Liquid Credit,EM Sovereign / Credit,Fixed Income / Credit,EM Debt,Global / Multi-region,Non-classifiable,Liquid,EMB,benchmark_proxy,proxy
2025-10-31,H_ES_SHORT,H_ES_SHORT,S&P 500 Overlay Short Future,future,short,2.8513,-17.1078,17.1078,-17.1078,signed_notional,0.003969780493261899,0.023818682959571392,-0.023818682959571392,Global Public Equities,Equity Index Overlay,Multi-Sector / Diversified,Equity Index Future,North America,Multi Cap,Liquid,SPY,underlying_proxy,proxy
2025-10-31,H_EWJ,H_EWJ,iShares MSCI Japan ETF,etf,long,6.5531,6.5531,6.5531,6.5531,etf,0.00912368693241488,0.00912368693241488,0.00912368693241488,Global Public Equities,Japan Equities,Multi-Sector / Diversified,Japan Equity ETF,Japan,Large Cap,Liquid,EWJ,lookthrough,lookthrough
2025-10-31,H_EWS,H_EWS,iShares MSCI Singapore ETF,etf,long,2.7355,2.7355,2.7355,2.7355,etf,0.00380855558493246,0.00380855558493246,0.00380855558493246,Global Public Equities,Southeast Asia Equities,Multi-Sector / Diversified,Southeast Asia Equity ETF,Southeast Asia,Large Cap,Liquid,EWS,lookthrough,lookthrough
2025-10-31,H_EWY,H_EWY,iShares MSCI South Korea ETF,etf,long,4.633,4.633,4.633,4.633,etf,0.006450388603543077,0.006450388603543077,0.006450388603543077,Global Public Equities,Korea Equities,Multi-Sector / Diversified,Korea Equity ETF,Korea,Large Cap,Liquid,EWY,lookthrough,lookthrough
2025-10-31,H_GLD,H_GLD,SPDR Gold Shares,etf,long,9.6957,9.6957,9.6957,9.6957,etf,0.013499035783158347,0.013499035783158347,0.013499035783158347,Hedge Funds / Absolute Return,Gold / Defensive,Commodities / Precious Metals,Gold,Global / Multi-region,Non-classifiable,Liquid,GLD,benchmark_proxy,proxy
2025-10-31,H_GMACRO,H_GMACRO,Global Macro Hedge Fund Sleeve,fund,long,17.3466,17.3466,17.3466,17.3466,fund,0.02415115712286215,0.02415115712286215,0.02415115712286215,Hedge Funds / Absolute Return,Global Macro,Multi-Strategy,Global Macro,Global / Multi-region,Non-classifiable,Semi-Liquid,GMACRO,mandate_proxy,proxy
2025-10-31,H_GOOGL,H_GOOGL,Alphabet Class A,equity,long,8.5538,8.5538,8.5538,8.5538,equity,0.011909202252749143,0.011909202252749143,0.011909202252749143,Global Public Equities,US Mega-cap Technology,Communication Services,Interactive Media,North America,Mega Cap,Liquid,GOOGL,direct,direct
2025-10-31,H_HSI_FUT,H_HSI_FUT,Hang Seng Index Tactical Long Future,future,long,2.3324,8.39664,8.39664,8.39664,signed_notional,0.0032473314005836114,0.011690393042101002,0.011690393042101002,Global Public Equities,Greater China Tactical Overlay,Multi-Sector / Diversified,Equity Index Future,Greater China,Large Cap,Liquid,2800.HK,underlying_proxy,proxy
2025-10-31,H_HSTECH,H_HSTECH,Hang Seng TECH ETF-style Exposure,etf,long,9.3296,9.3296,9.3296,9.3296,etf,0.012989325602334446,0.012989325602334446,0.012989325602334446,Global Public Equities,Hong Kong / China Technology,Information Technology,Technology ETF,Greater China,Large Cap,Liquid,3067.HK,lookthrough,lookthrough
2025-10-31,H_HYG,H_HYG,iShares High Yield Corporate Bond ETF,etf,long,8.8104,8.8104,8.8104,8.8104,etf,0.012266458828546498,0.012266458828546498,0.012266458828546498,Fixed Income & Liquid Credit,High Yield Credit,Fixed Income / Credit,High Yield Credit,North America,Non-classifiable,Liquid,HYG,benchmark_proxy,proxy
2025-10-31,H_IGIB,H_IGIB,iShares 5-10 Year Investment Grade Corporate Bond ETF,etf,long,11.7472,11.7472,11.7472,11.7472,etf,0.016355278438061997,0.016355278438061997,0.016355278438061997,Fixed Income & Liquid Credit,Investment Grade Credit,Fixed Income / Credit,Investment Grade Credit,North America,Non-classifiable,Liquid,IGIB,benchmark_proxy,proxy
2025-10-31,H_INDA,H_INDA,iShares MSCI India ETF,etf,long,6.5341,6.5341,6.5341,6.5341,etf,0.009097233795469634,0.009097233795469634,0.009097233795469634,Global Public Equities,India Equities,Multi-Sector / Diversified,India Equity ETF,India,All Cap,Liquid,INDA,lookthrough,lookthrough
2025-10-31,H_JD,H_JD,JD.com ADR,equity,long,4.6648,4.6648,4.6648,4.6648,equity,0.006494662801167223,0.006494662801167223,0.006494662801167223,Global Public Equities,China E-commerce ADR,Consumer Discretionary,Broadline Retail,Greater China,Large Cap,Liquid,JD,direct,direct
2025-10-31,H_LQD,H_LQD,iShares Investment Grade Corporate Bond ETF,etf,long,7.8315,7.8315,7.8315,7.8315,etf,0.010903565367720183,0.010903565367720183,0.010903565367720183,Fixed Income & Liquid Credit,Investment Grade Credit,Fixed Income / Credit,Investment Grade Credit,North America,Non-classifiable,Liquid,LQD,benchmark_proxy,proxy
2025-10-31,H_MKTNEUT,H_MKTNEUT,Equity Market Neutral Fund Sleeve,fund,long,15.4192,15.4192,15.4192,15.4192,fund,0.021467695220321912,0.021467695220321912,0.021467695220321912,Hedge Funds / Absolute Return,Equity Market Neutral,Multi-Strategy,Equity Market Neutral,Global / Multi-region,Non-classifiable,Semi-Liquid,MKTNEUT,mandate_proxy,proxy
2025-10-31,H_MSFT,H_MSFT,Microsoft,equity,long,9.5042,9.5042,9.5042,9.5042,equity,0.013232416008157591,0.013232416008157591,0.013232416008157591,Global Public Equities,US Mega-cap Technology,Information Technology,Software,North America,Mega Cap,Liquid,MSFT,direct,direct
2025-10-31,H_NQ_SHORT,H_NQ_SHORT,Nasdaq Overlay Short Future,future,short,1.9008,-11.4048,11.4048,-11.4048,signed_notional,0.0026464275108168964,0.01587856506490138,-0.01587856506490138,Global Public Equities,Technology Overlay,Information Technology,Equity Index Future,North America,Mega Cap,Liquid,QQQ,underlying_proxy,proxy
2025-10-31,H_NVDA,H_NVDA,NVIDIA,equity,long,7.6034,7.6034,7.6034,7.6034,equity,0.010585988497340694,0.010585988497340694,0.010585988497340694,Global Public Equities,US Semiconductor Growth,Information Technology,Semiconductors,North America,Mega Cap,Liquid,NVDA,direct,direct
2025-10-31,H_PDD,H_PDD,PDD Holdings ADR,equity,long,5.5978,5.5978,5.5978,5.5978,equity,0.007793651052215291,0.007793651052215291,0.007793651052215291,Global Public Equities,China Internet ADR,Consumer Discretionary,Broadline Retail,Greater China,Large Cap,Liquid,PDD,direct,direct
2025-10-31,H_PF_APAC_LOGISTICS,H_PF_APAC_LOGISTICS,APAC Logistics Real Estate Fund,private_fund,long,7.6687,7.6687,7.6687,7.6687,private_fund,0.010676903752210403,0.010676903752210403,0.010676903752210403,Real Estate,APAC Logistics,Industrial Real Estate,APAC Logistics,Japan,Non-classifiable,Illiquid,,mandate_proxy,proxy
2025-10-31,H_PF_APEX_SECONDARIES_II,H_PF_APEX_SECONDARIES_II,Apex Secondaries Fund II,private_fund,long,19.2193,19.2193,19.2193,19.2193,private_fund,0.026758461836407395,0.026758461836407395,0.026758461836407395,Private Equity,Secondaries,Diversified / Secondaries,Secondaries,Global / Multi-region,Non-classifiable,Illiquid,,mandate_proxy,proxy
2025-10-31,H_PF_ATLAS_COINV_I,H_PF_ATLAS_COINV_I,Atlas Co-Investment Fund I,private_fund,long,21.1413,21.1413,21.1413,21.1413,private_fund,0.029434405478973726,0.029434405478973726,0.029434405478973726,Private Equity,Co-investment,Business Services,Co-investment,North America,Non-classifiable,Illiquid,,mandate_proxy,proxy
2025-10-31,H_PF_BLUE_HORIZON_III,H_PF_BLUE_HORIZON_III,Blue Horizon Ventures III,private_fund,long,17.0604,17.0604,17.0604,17.0604,private_fund,0.023752689344244834,0.023752689344244834,0.023752689344244834,Venture Capital / Growth,US Technology VC,Information Technology,US Technology VC,North America,Non-classifiable,Illiquid,,mandate_proxy,proxy
2025-10-31,H_PF_CLIMATE_ALPHA,H_PF_CLIMATE_ALPHA,Climate Alpha Fund,private_fund,long,14.217,14.217,14.217,14.217,private_fund,0.019793907786870697,0.019793907786870697,0.019793907786870697,Venture Capital / Growth,Climate Technology,Climate / Industrials,Climate Technology,Global / Multi-region,Non-classifiable,Illiquid,,mandate_proxy,proxy
2025-10-31,H_PF_COVE_SPECIALTY_FIN,H_PF_COVE_SPECIALTY_FIN,Cove Specialty Finance Fund,private_fund,long,13.4632,13.4632,13.4632,13.4632,private_fund,0.018744414385327254,0.018744414385327254,0.018744414385327254,Private Credit,Specialty Finance,Financials,Specialty Finance,North America,Non-classifiable,Illiquid,,mandate_proxy,proxy
2025-10-31,H_PF_CRESCENT_DIRECT_LEND,H_PF_CRESCENT_DIRECT_LEND,Crescent Direct Lending Fund,private_fund,long,19.2331,19.2331,19.2331,19.2331,private_fund,0.026777675167451838,0.026777675167451838,0.026777675167451838,Private Credit,Senior Direct Lending,Diversified Credit,Senior Direct Lending,North America,Non-classifiable,Illiquid,,mandate_proxy,proxy
2025-10-31,H_PF_DIGITAL_INFRA,H_PF_DIGITAL_INFRA,Horizon Digital Infrastructure Fund,private_fund,long,7.6488,7.6488,7.6488,7.6488,private_fund,0.010649197571936173,0.010649197571936173,0.010649197571936173,Infrastructure,Digital Infrastructure,Diversified,Digital Infrastructure,Global / Multi-region,Non-classifiable,Illiquid,,mandate_proxy,proxy
2025-10-31,H_PF_DRAGONBRIDGE,H_PF_DRAGONBRIDGE,DragonBridge Greater China Fund,private_fund,long,26.9071,26.9071,26.9071,26.9071,private_fund,0.0374619579525996,0.0374619579525996,0.0374619579525996,Private Equity,Asia Buyout / Greater China,Consumer / Industrials,Asia Buyout / Greater China,Greater China,Non-classifiable,Illiquid,,mandate_proxy,proxy
2025-10-31,H_PF_GLOBAL_GROWTH_II,H_PF_GLOBAL_GROWTH_II,Redwood Growth Fund II,private_fund,long,18.956,18.956,18.956,18.956,private_fund,0.026391877049160926,0.026391877049160926,0.026391877049160926,Venture Capital / Growth,Global Growth Equity,Information Technology / Consumer,Global Growth Equity,Global / Multi-region,Non-classifiable,Illiquid,,mandate_proxy,proxy
2025-10-31,H_PF_HARBOR_PEAK_V,H_PF_HARBOR_PEAK_V,Harbor Peak Partners V,private_fund,long,28.829,28.829,28.829,28.829,private_fund,0.040137762368129375,0.040137762368129375,0.040137762368129375,Private Equity,Secondaries,Diversified / Secondaries,Secondaries,Global / Multi-region,Non-classifiable,Illiquid,,mandate_proxy,proxy
2025-10-31,H_PF_HARBOUR_CORE_RE,H_PF_HARBOUR_CORE_RE,Harbour Core Real Estate Fund,private_fund,long,19.1719,19.1719,19.1719,19.1719,private_fund,0.026692468221080838,0.026692468221080838,0.026692468221080838,Real Estate,Core Real Estate,Real Estate,Core Real Estate,Global / Multi-region,Non-classifiable,Illiquid,,mandate_proxy,proxy
2025-10-31,H_PF_HOME_MULTIFAMILY,H_PF_HOME_MULTIFAMILY,HomeStone Multifamily Fund,private_fund,long,11.5031,11.5031,11.5031,11.5031,private_fund,0.016015425241833883,0.016015425241833883,0.016015425241833883,Real Estate,US Multifamily,Residential Real Estate,US Multifamily,North America,Non-classifiable,Illiquid,,mandate_proxy,proxy
2025-10-31,H_PF_INDIA_DIGITAL,H_PF_INDIA_DIGITAL,Indigo India Digital Growth Fund,private_fund,long,11.3736,11.3736,11.3736,11.3736,private_fund,0.015835126229496555,0.015835126229496555,0.015835126229496555,Venture Capital / Growth,India Digital Growth,Information Technology,India Digital Growth,India,Non-classifiable,Illiquid,,mandate_proxy,proxy
2025-10-31,H_PF_INFRA_CORE,H_PF_INFRA_CORE,Evergreen Core Infrastructure Fund,private_fund,long,11.4733,11.4733,11.4733,11.4733,private_fund,0.015973935584940813,0.015973935584940813,0.015973935584940813,Infrastructure,Core Infrastructure,Infrastructure,Core Infrastructure,Global / Multi-region,Non-classifiable,Illiquid,,mandate_proxy,proxy
2025-10-31,H_PF_LIONROCK_CREDIT,H_PF_LIONROCK_CREDIT,LionRock Asia Private Credit Fund,private_fund,long,15.8673,15.8673,15.8673,15.8673,private_fund,0.022091571571120024,0.022091571571120024,0.022091571571120024,Private Credit,Asia Private Credit,Diversified Credit,Asia Private Credit,Southeast Asia,Non-classifiable,Illiquid,,mandate_proxy,proxy
2025-10-31,H_PF_METRO_LOGISTICS,H_PF_METRO_LOGISTICS,Metro Logistics Fund,private_fund,long,11.9824,11.9824,11.9824,11.9824,private_fund,0.016682740428036816,0.016682740428036816,0.016682740428036816,Real Estate,Logistics Real Estate,Industrial Real Estate,Logistics Real Estate,Southeast Asia,Non-classifiable,Illiquid,,mandate_proxy,proxy
2025-10-31,H_PF_NORTHSTAR_IV,H_PF_NORTHSTAR_IV,Northstar Buyout Fund IV,private_fund,long,33.6338,33.6338,33.6338,33.6338,private_fund,0.04682734302047208,0.04682734302047208,0.04682734302047208,Private Equity,Buyout,Industrials,Buyout,North America,Non-classifiable,Illiquid,,mandate_proxy,proxy
2025-10-31,H_PF_RENEWABLES_II,H_PF_RENEWABLES_II,SolarBridge Renewables Fund II,private_fund,long,9.561,9.561,9.561,9.561,private_fund,0.013311496964920216,0.013311496964920216,0.013311496964920216,Infrastructure,Renewables,Utilities / Infrastructure,Renewables,Global / Multi-region,Non-classifiable,Illiquid,,mandate_proxy,proxy
2025-10-31,H_PF_SEEDSPRING_I,H_PF_SEEDSPRING_I,SeedSpring Southeast Asia VC Fund I,private_fund,long,9.478,9.478,9.478,9.478,private_fund,0.013195938524580463,0.013195938524580463,0.013195938524580463,Venture Capital / Growth,Southeast Asia VC,Information Technology / Consumer,Southeast Asia VC,Southeast Asia,Non-classifiable,Illiquid,,mandate_proxy,proxy
2025-10-31,H_PF_SPRING_OPP_CREDIT,H_PF_SPRING_OPP_CREDIT,Spring Point Opportunistic Credit Fund,private_fund,long,16.3481,16.3481,16.3481,16.3481,private_fund,0.022760975162871264,0.022760975162871264,0.022760975162871264,Private Credit,Opportunistic Credit,Special Situations Credit,Opportunistic Credit,Global / Multi-region,Non-classifiable,Illiquid,,mandate_proxy,proxy
2025-10-31,H_QAI,H_QAI,Multi-Strategy Liquid Alternatives ETF Proxy,etf,long,6.7459,6.7459,6.7459,6.7459,etf,0.009392116658890837,0.009392116658890837,0.009392116658890837,Hedge Funds / Absolute Return,Multi-Strategy Absolute Return,Multi-Strategy,Absolute Return,Global / Multi-region,Non-classifiable,Liquid,QAI,benchmark_proxy,proxy
2025-10-31,H_QQQ,H_QQQ,Invesco QQQ Trust,etf,long,22.8101,22.8101,22.8101,22.8101,etf,0.03175782626498552,0.03175782626498552,0.03175782626498552,Global Public Equities,US Technology / Growth,Information Technology,Growth / Technology ETF,North America,Mega Cap,Liquid,QQQ,lookthrough,lookthrough
2025-10-31,H_SPY,H_SPY,SPDR S&P 500 ETF,etf,long,38.0168,38.0168,38.0168,38.0168,etf,0.052929664032630365,0.052929664032630365,0.052929664032630365,Global Public Equities,US Large Cap Core,Multi-Sector / Diversified,Broad Market ETF,North America,Multi Cap,Liquid,SPY,lookthrough,lookthrough
2025-10-31,H_SPY_PUT,H_SPY_PUT,S&P 500 Protective Put Overlay,listed_option,long,1.9008,-7.6032,11.4048,-7.6032,delta_adjusted_exposure,0.0026464275108168964,0.01587856506490138,-0.010585710043267586,Global Public Equities,Options Overlay,Multi-Sector / Diversified,Equity Index Option,North America,Multi Cap,Liquid,SPY,underlying_proxy,proxy
2025-10-31,H_TLT,H_TLT,iShares 20+ Year Treasury Bond ETF,etf,long,13.7051,13.7051,13.7051,13.7051,etf,0.019081204586751183,0.019081204586751183,0.019081204586751183,Fixed Income & Liquid Credit,Long Duration Treasuries,Fixed Income / Sovereign,Government Bonds,North America,Non-classifiable,Liquid,TLT,benchmark_proxy,proxy
2025-10-31,H_VNQ,H_VNQ,US Listed REIT ETF Proxy,etf,long,5.7822,5.7822,5.7822,5.7822,etf,0.008050385707620716,0.008050385707620716,0.008050385707620716,Hedge Funds / Absolute Return,Listed Real Estate,Real Estate,REITs,North America,Mid Cap,Liquid,VNQ,lookthrough,lookthrough
2025-11-30,H_2800HK,H_2800HK,Tracker Fund of Hong Kong ETF,etf,long,11.2044,11.2044,11.2044,11.2044,etf,0.015550815653077631,0.015550815653077631,0.015550815653077631,Global Public Equities,Hong Kong Broad Market,Multi-Sector / Diversified,Hong Kong Equity ETF,Greater China,Large Cap,Liquid,2800.HK,lookthrough,lookthrough
2025-11-30,H_ACWI,H_ACWI,iShares MSCI ACWI ETF,etf,long,18.9494,18.9494,18.9494,18.9494,etf,0.026300259374569746,0.026300259374569746,0.026300259374569746,Global Public Equities,Global Equity Core,Multi-Sector / Diversified,Broad Market ETF,Global / Multi-region,Multi Cap,Liquid,ACWI,lookthrough,lookthrough
2025-11-30,H_AGG,H_AGG,iShares Core US Aggregate Bond ETF,etf,long,23.4978,23.4978,23.4978,23.4978,etf,0.032613076653179786,0.032613076653179786,0.032613076653179786,Fixed Income & Liquid Credit,US Aggregate Bonds,Fixed Income / Credit,Aggregate Bonds,North America,Non-classifiable,Liquid,AGG,benchmark_proxy,proxy
2025-11-30,H_BABA,H_BABA,Alibaba ADR,equity,long,6.5359,6.5359,6.5359,6.5359,equity,0.009071309130961951,0.009071309130961951,0.009071309130961951,Global Public Equities,China Internet ADR,Consumer Discretionary,Broadline Retail,Greater China,Large Cap,Liquid,BABA,direct,direct
2025-11-30,H_BIL,H_BIL,SPDR 1-3 Month T-Bill ETF,etf,long,7.8326,7.8326,7.8326,7.8326,etf,0.010871025551059928,0.010871025551059928,0.010871025551059928,Fixed Income & Liquid Credit,Treasury Bills,Fixed Income / Sovereign,Treasury Bills,North America,Non-classifiable,Liquid,BIL,benchmark_proxy,proxy
2025-11-30,H_BRKB,H_BRKB,Berkshire Hathaway Class B,equity,long,11.4327,11.4327,11.4327,11.4327,equity,0.015867677886985527,0.015867677886985527,0.015867677886985527,Global Public Equities,US Quality Compounder,Financials,Multi-Sector Holdings,North America,Mega Cap,Liquid,BRK.B,direct,direct
2025-11-30,H_CASH_HKD,H_CASH_HKD,HKD Working Capital,cash,long,2.3809,2.3809,2.3809,2.3809,cash,0.003304499749063987,0.003304499749063987,0.003304499749063987,Cash & Liquidity,Cash Accounts,Cash,Cash,Global / Multi-region,Non-classifiable,Cash,,direct,direct
2025-11-30,H_CASH_JPY,H_CASH_JPY,JPY Treasury Buffer,cash,long,1.5872,1.5872,1.5872,1.5872,cash,0.002202907304680734,0.002202907304680734,0.002202907304680734,Cash & Liquidity,Cash Accounts,Cash,Cash,Global / Multi-region,Non-classifiable,Cash,,direct,direct
2025-11-30,H_CASH_OPS_USD,H_CASH_OPS_USD,USD Operating Cash,cash,long,11.9043,11.9043,11.9043,11.9043,cash,0.01652222116123416,0.01652222116123416,0.01652222116123416,Cash & Liquidity,Cash Accounts,Cash,Cash,Global / Multi-region,Non-classifiable,Cash,,direct,direct
2025-11-30,H_CASH_RESERVE_USD,H_CASH_RESERVE_USD,USD Liquidity Reserve,cash,long,4.4641,4.4641,4.4641,4.4641,cash,0.006195815586457451,0.006195815586457451,0.006195815586457451,Cash & Liquidity,Cash Accounts,Cash,Cash,Global / Multi-region,Non-classifiable,Cash,,direct,direct
2025-11-30,H_CASH_SGD,H_CASH_SGD,SGD Near-Term Reserve,cash,long,1.984,1.984,1.984,1.984,cash,0.0027536341308509174,0.0027536341308509174,0.0027536341308509174,Cash & Liquidity,Cash Accounts,Cash,Cash,Global / Multi-region,Non-classifiable,Cash,,direct,direct
2025-11-30,H_CNYA,H_CNYA,iShares MSCI China A ETF,etf,long,7.4696,7.4696,7.4696,7.4696,etf,0.010367210435385087,0.010367210435385087,0.010367210435385087,Global Public Equities,China A-Shares,Multi-Sector / Diversified,China A-Shares ETF,Greater China,All Cap,Liquid,CNYA,lookthrough,lookthrough
2025-11-30,H_DBC,H_DBC,Broad Commodities ETF Proxy,etf,long,7.7203,7.7203,7.7203,7.7203,etf,0.010715162086899365,0.010715162086899365,0.010715162086899365,Hedge Funds / Absolute Return,Commodities,Commodities,Broad Commodities,Global / Multi-region,Non-classifiable,Liquid,DBC,benchmark_proxy,proxy
2025-11-30,H_DBMF,H_DBMF,Managed Futures ETF Proxy,etf,long,9.6504,9.6504,9.6504,9.6504,etf,0.013393987306634925,0.013393987306634925,0.013393987306634925,Hedge Funds / Absolute Return,Managed Futures,Multi-Strategy,Managed Futures,Global / Multi-region,Non-classifiable,Liquid,DBMF,benchmark_proxy,proxy
2025-11-30,H_EEM,H_EEM,iShares MSCI Emerging Markets ETF,etf,long,6.6323,6.6323,6.6323,6.6323,etf,0.0092051046603037,0.0092051046603037,0.0092051046603037,Global Public Equities,Emerging Markets Core,Multi-Sector / Diversified,EM Equity ETF,Global / Multi-region,All Cap,Liquid,EEM,lookthrough,lookthrough
2025-11-30,H_EMB,H_EMB,iShares Emerging Markets Bond ETF,etf,long,7.8326,7.8326,7.8326,7.8326,etf,0.010871025551059928,0.010871025551059928,0.010871025551059928,Fixed Income & Liquid Credit,EM Sovereign / Credit,Fixed Income / Credit,EM Debt,Global / Multi-region,Non-classifiable,Liquid,EMB,benchmark_proxy,proxy
2025-11-30,H_ES_SHORT,H_ES_SHORT,S&P 500 Overlay Short Future,future,short,2.8582,-17.1492,17.1492,-17.1492,signed_notional,0.003966954169757103,0.023801725018542618,-0.023801725018542618,Global Public Equities,Equity Index Overlay,Multi-Sector / Diversified,Equity Index Future,North America,Multi Cap,Liquid,SPY,underlying_proxy,proxy
2025-11-30,H_EWJ,H_EWJ,iShares MSCI Japan ETF,etf,long,6.5788,6.5788,6.5788,6.5788,etf,0.009130850917359887,0.009130850917359887,0.009130850917359887,Global Public Equities,Japan Equities,Multi-Sector / Diversified,Japan Equity ETF,Japan,Large Cap,Liquid,EWJ,lookthrough,lookthrough
2025-11-30,H_EWS,H_EWS,iShares MSCI Singapore ETF,etf,long,2.7579,2.7579,2.7579,2.7579,etf,0.0038277457507428147,0.0038277457507428147,0.0038277457507428147,Global Public Equities,Southeast Asia Equities,Multi-Sector / Diversified,Southeast Asia Equity ETF,Southeast Asia,Large Cap,Liquid,EWS,lookthrough,lookthrough
2025-11-30,H_EWY,H_EWY,iShares MSCI South Korea ETF,etf,long,4.6537,4.6537,4.6537,4.6537,etf,0.0064589652997686054,0.0064589652997686054,0.0064589652997686054,Global Public Equities,Korea Equities,Multi-Sector / Diversified,Korea Equity ETF,Korea,Large Cap,Liquid,EWY,lookthrough,lookthrough
2025-11-30,H_GLD,H_GLD,SPDR Gold Shares,etf,long,9.6835,9.6835,9.6835,9.6835,etf,0.013439927472830071,0.013439927472830071,0.013439927472830071,Hedge Funds / Absolute Return,Gold / Defensive,Commodities / Precious Metals,Gold,Global / Multi-region,Non-classifiable,Liquid,GLD,benchmark_proxy,proxy
2025-11-30,H_GMACRO,H_GMACRO,Global Macro Hedge Fund Sleeve,fund,long,17.3707,17.3707,17.3707,17.3707,fund,0.02410914939353429,0.02410914939353429,0.02410914939353429,Hedge Funds / Absolute Return,Global Macro,Multi-Strategy,Global Macro,Global / Multi-region,Non-classifiable,Semi-Liquid,GMACRO,mandate_proxy,proxy
2025-11-30,H_GOOGL,H_GOOGL,Alphabet Class A,equity,long,8.5745,8.5745,8.5745,8.5745,equity,0.011900723717228424,0.011900723717228424,0.011900723717228424,Global Public Equities,US Mega-cap Technology,Communication Services,Interactive Media,North America,Mega Cap,Liquid,GOOGL,direct,direct
2025-11-30,H_HSI_FUT,H_HSI_FUT,Hang Seng Index Tactical Long Future,future,long,2.3343,8.403479999999998,8.403479999999998,8.403479999999998,signed_notional,0.0032398226570792823,0.011663361565485414,0.011663361565485414,Global Public Equities,Greater China Tactical Overlay,Multi-Sector / Diversified,Equity Index Future,Greater China,Large Cap,Liquid,2800.HK,underlying_proxy,proxy
2025-11-30,H_HSTECH,H_HSTECH,Hang Seng TECH ETF-style Exposure,etf,long,9.337,9.337,9.337,9.337,etf,0.012959013044231358,0.012959013044231358,0.012959013044231358,Global Public Equities,Hong Kong / China Technology,Information Technology,Technology ETF,Greater China,Large Cap,Liquid,3067.HK,lookthrough,lookthrough
2025-11-30,H_HYG,H_HYG,iShares High Yield Corporate Bond ETF,etf,long,8.8117,8.8117,8.8117,8.8117,etf,0.01222993844295314,0.01222993844295314,0.01222993844295314,Fixed Income & Liquid Credit,High Yield Credit,Fixed Income / Credit,High Yield Credit,North America,Non-classifiable,Liquid,HYG,benchmark_proxy,proxy
2025-11-30,H_IGIB,H_IGIB,iShares 5-10 Year Investment Grade Corporate Bond ETF,etf,long,11.7489,11.7489,11.7489,11.7489,etf,0.016306538326589893,0.016306538326589893,0.016306538326589893,Fixed Income & Liquid Credit,Investment Grade Credit,Fixed Income / Credit,Investment Grade Credit,North America,Non-classifiable,Liquid,IGIB,benchmark_proxy,proxy
2025-11-30,H_INDA,H_INDA,iShares MSCI India ETF,etf,long,6.5584,6.5584,6.5584,6.5584,etf,0.009102537340611219,0.009102537340611219,0.009102537340611219,Global Public Equities,India Equities,Multi-Sector / Diversified,India Equity ETF,India,All Cap,Liquid,INDA,lookthrough,lookthrough
2025-11-30,H_JD,H_JD,JD.com ADR,equity,long,4.6685,4.6685,4.6685,4.6685,equity,0.006479506522115679,0.006479506522115679,0.006479506522115679,Global Public Equities,China E-commerce ADR,Consumer Discretionary,Broadline Retail,Greater China,Large Cap,Liquid,JD,direct,direct
2025-11-30,H_LQD,H_LQD,iShares Investment Grade Corporate Bond ETF,etf,long,7.8326,7.8326,7.8326,7.8326,etf,0.010871025551059928,0.010871025551059928,0.010871025551059928,Fixed Income & Liquid Credit,Investment Grade Credit,Fixed Income / Credit,Investment Grade Credit,North America,Non-classifiable,Liquid,LQD,benchmark_proxy,proxy
2025-11-30,H_MKTNEUT,H_MKTNEUT,Equity Market Neutral Fund Sleeve,fund,long,15.4406,15.4406,15.4406,15.4406,fund,0.02143032417379873,0.02143032417379873,0.02143032417379873,Hedge Funds / Absolute Return,Equity Market Neutral,Multi-Strategy,Equity Market Neutral,Global / Multi-region,Non-classifiable,Semi-Liquid,MKTNEUT,mandate_proxy,proxy
2025-11-30,H_MSFT,H_MSFT,Microsoft,equity,long,9.5273,9.5273,9.5273,9.5273,equity,0.013223134301842715,0.013223134301842715,0.013223134301842715,Global Public Equities,US Mega-cap Technology,Information Technology,Software,North America,Mega Cap,Liquid,MSFT,direct,direct
2025-11-30,H_NQ_SHORT,H_NQ_SHORT,Nasdaq Overlay Short Future,future,short,1.9055,-11.433,11.433,-11.433,signed_notional,0.0026446823771856974,0.015868094263114182,-0.015868094263114182,Global Public Equities,Technology Overlay,Information Technology,Equity Index Future,North America,Mega Cap,Liquid,QQQ,underlying_proxy,proxy
2025-11-30,H_NVDA,H_NVDA,NVIDIA,equity,long,7.6218,7.6218,7.6218,7.6218,equity,0.010578451924657018,0.010578451924657018,0.010578451924657018,Global Public Equities,US Semiconductor Growth,Information Technology,Semiconductors,North America,Mega Cap,Liquid,NVDA,direct,direct
2025-11-30,H_PDD,H_PDD,PDD Holdings ADR,equity,long,5.6022,5.6022,5.6022,5.6022,equity,0.0077754078265388155,0.0077754078265388155,0.0077754078265388155,Global Public Equities,China Internet ADR,Consumer Discretionary,Broadline Retail,Greater China,Large Cap,Liquid,PDD,direct,direct
2025-11-30,H_PF_APAC_LOGISTICS,H_PF_APAC_LOGISTICS,APAC Logistics Real Estate Fund,private_fund,long,7.7051,7.7051,7.7051,7.7051,private_fund,0.010694065696380747,0.010694065696380747,0.010694065696380747,Real Estate,APAC Logistics,Industrial Real Estate,APAC Logistics,Japan,Non-classifiable,Illiquid,,mandate_proxy,proxy
2025-11-30,H_PF_APEX_SECONDARIES_II,H_PF_APEX_SECONDARIES_II,Apex Secondaries Fund II,private_fund,long,19.3007,19.3007,19.3007,19.3007,private_fund,0.026787835821226964,0.026787835821226964,0.026787835821226964,Private Equity,Secondaries,Diversified / Secondaries,Secondaries,Global / Multi-region,Non-classifiable,Illiquid,,mandate_proxy,proxy
2025-11-30,H_PF_ATLAS_COINV_I,H_PF_ATLAS_COINV_I,Atlas Co-Investment Fund I,private_fund,long,21.2308,21.2308,21.2308,21.2308,private_fund,0.029466661040962527,0.029466661040962527,0.029466661040962527,Private Equity,Co-investment,Business Services,Co-investment,North America,Non-classifiable,Illiquid,,mandate_proxy,proxy
2025-11-30,H_PF_BLUE_HORIZON_III,H_PF_BLUE_HORIZON_III,Blue Horizon Ventures III,private_fund,long,17.1536,17.1536,17.1536,17.1536,private_fund,0.023807831868429587,0.023807831868429587,0.023807831868429587,Venture Capital / Growth,US Technology VC,Information Technology,US Technology VC,North America,Non-classifiable,Illiquid,,mandate_proxy,proxy
2025-11-30,H_PF_CLIMATE_ALPHA,H_PF_CLIMATE_ALPHA,Climate Alpha Fund,private_fund,long,14.2947,14.2947,14.2947,14.2947,private_fund,0.019839906154372283,0.019839906154372283,0.019839906154372283,Venture Capital / Growth,Climate Technology,Climate / Industrials,Climate Technology,Global / Multi-region,Non-classifiable,Illiquid,,mandate_proxy,proxy
2025-11-30,H_PF_COVE_SPECIALTY_FIN,H_PF_COVE_SPECIALTY_FIN,Cove Specialty Finance Fund,private_fund,long,13.5346,13.5346,13.5346,13.5346,private_fund,0.018784947836398603,0.018784947836398603,0.018784947836398603,Private Credit,Specialty Finance,Financials,Specialty Finance,North America,Non-classifiable,Illiquid,,mandate_proxy,proxy
2025-11-30,H_PF_CRESCENT_DIRECT_LEND,H_PF_CRESCENT_DIRECT_LEND,Crescent Direct Lending Fund,private_fund,long,19.3351,19.3351,19.3351,19.3351,private_fund,0.026835580283979626,0.026835580283979626,0.026835580283979626,Private Credit,Senior Direct Lending,Diversified Credit,Senior Direct Lending,North America,Non-classifiable,Illiquid,,mandate_proxy,proxy
2025-11-30,H_PF_DIGITAL_INFRA,H_PF_DIGITAL_INFRA,Horizon Digital Infrastructure Fund,private_fund,long,7.6938,7.6938,7.6938,7.6938,private_fund,0.010678382195534672,0.010678382195534672,0.010678382195534672,Infrastructure,Digital Infrastructure,Diversified,Digital Infrastructure,Global / Multi-region,Non-classifiable,Illiquid,,mandate_proxy,proxy
2025-11-30,H_PF_DRAGONBRIDGE,H_PF_DRAGONBRIDGE,DragonBridge Greater China Fund,private_fund,long,27.021,27.021,27.021,27.021,private_fund,0.037502997908126334,0.037502997908126334,0.037502997908126334,Private Equity,Asia Buyout / Greater China,Consumer / Industrials,Asia Buyout / Greater China,Greater China,Non-classifiable,Illiquid,,mandate_proxy,proxy
2025-11-30,H_PF_GLOBAL_GROWTH_II,H_PF_GLOBAL_GROWTH_II,Redwood Growth Fund II,private_fund,long,19.0596,19.0596,19.0596,19.0596,private_fund,0.02645320820582971,0.02645320820582971,0.02645320820582971,Venture Capital / Growth,Global Growth Equity,Information Technology / Consumer,Global Growth Equity,Global / Multi-region,Non-classifiable,Illiquid,,mandate_proxy,proxy
2025-11-30,H_PF_HARBOR_PEAK_V,H_PF_HARBOR_PEAK_V,Harbor Peak Partners V,private_fund,long,28.9511,28.9511,28.9511,28.9511,private_fund,0.04018182312786189,0.04018182312786189,0.04018182312786189,Private Equity,Secondaries,Diversified / Secondaries,Secondaries,Global / Multi-region,Non-classifiable,Illiquid,,mandate_proxy,proxy
2025-11-30,H_PF_HARBOUR_CORE_RE,H_PF_HARBOUR_CORE_RE,Harbour Core Real Estate Fund,private_fund,long,19.2626,19.2626,19.2626,19.2626,private_fund,0.026734956052887542,0.026734956052887542,0.026734956052887542,Real Estate,Core Real Estate,Real Estate,Core Real Estate,Global / Multi-region,Non-classifiable,Illiquid,,mandate_proxy,proxy
2025-11-30,H_PF_HOME_MULTIFAMILY,H_PF_HOME_MULTIFAMILY,HomeStone Multifamily Fund,private_fund,long,11.5576,11.5576,11.5576,11.5576,private_fund,0.01604102914854968,0.01604102914854968,0.01604102914854968,Real Estate,US Multifamily,Residential Real Estate,US Multifamily,North America,Non-classifiable,Illiquid,,mandate_proxy,proxy
2025-11-30,H_PF_INDIA_DIGITAL,H_PF_INDIA_DIGITAL,Indigo India Digital Growth Fund,private_fund,long,11.4358,11.4358,11.4358,11.4358,private_fund,0.015871980440314983,0.015871980440314983,0.015871980440314983,Venture Capital / Growth,India Digital Growth,Information Technology,India Digital Growth,India,Non-classifiable,Illiquid,,mandate_proxy,proxy
2025-11-30,H_PF_INFRA_CORE,H_PF_INFRA_CORE,Evergreen Core Infrastructure Fund,private_fund,long,11.5407,11.5407,11.5407,11.5407,private_fund,0.016017573293302008,0.016017573293302008,0.016017573293302008,Infrastructure,Core Infrastructure,Infrastructure,Core Infrastructure,Global / Multi-region,Non-classifiable,Illiquid,,mandate_proxy,proxy
2025-11-30,H_PF_LIONROCK_CREDIT,H_PF_LIONROCK_CREDIT,LionRock Asia Private Credit Fund,private_fund,long,15.9515,15.9515,15.9515,15.9515,private_fund,0.022139412720901416,0.022139412720901416,0.022139412720901416,Private Credit,Asia Private Credit,Diversified Credit,Asia Private Credit,Southeast Asia,Non-classifiable,Illiquid,,mandate_proxy,proxy
2025-11-30,H_PF_METRO_LOGISTICS,H_PF_METRO_LOGISTICS,Metro Logistics Fund,private_fund,long,12.0391,12.0391,12.0391,12.0391,private_fund,0.016709312835043993,0.016709312835043993,0.016709312835043993,Real Estate,Logistics Real Estate,Industrial Real Estate,Logistics Real Estate,Southeast Asia,Non-classifiable,Illiquid,,mandate_proxy,proxy
2025-11-30,H_PF_NORTHSTAR_IV,H_PF_NORTHSTAR_IV,Northstar Buyout Fund IV,private_fund,long,33.7762,33.7762,33.7762,33.7762,private_fund,0.046878677989136475,0.046878677989136475,0.046878677989136475,Private Equity,Buyout,Industrials,Buyout,North America,Non-classifiable,Illiquid,,mandate_proxy,proxy
2025-11-30,H_PF_RENEWABLES_II,H_PF_RENEWABLES_II,SolarBridge Renewables Fund II,private_fund,long,9.6172,9.6172,9.6172,9.6172,private_fund,0.013347908348396897,0.013347908348396897,0.013347908348396897,Infrastructure,Renewables,Utilities / Infrastructure,Renewables,Global / Multi-region,Non-classifiable,Illiquid,,mandate_proxy,proxy
2025-11-30,H_PF_SEEDSPRING_I,H_PF_SEEDSPRING_I,SeedSpring Southeast Asia VC Fund I,private_fund,long,9.5298,9.5298,9.5298,9.5298,private_fund,0.013226604102914855,0.013226604102914855,0.013226604102914855,Venture Capital / Growth,Southeast Asia VC,Information Technology / Consumer,Southeast Asia VC,Southeast Asia,Non-classifiable,Illiquid,,mandate_proxy,proxy
2025-11-30,H_PF_SPRING_OPP_CREDIT,H_PF_SPRING_OPP_CREDIT,Spring Point Opportunistic Credit Fund,private_fund,long,16.4348,16.4348,16.4348,16.4348,private_fund,0.02281019466416767,0.02281019466416767,0.02281019466416767,Private Credit,Opportunistic Credit,Special Situations Credit,Opportunistic Credit,Global / Multi-region,Non-classifiable,Illiquid,,mandate_proxy,proxy
2025-11-30,H_QAI,H_QAI,Multi-Strategy Liquid Alternatives ETF Proxy,etf,long,6.7553,6.7553,6.7553,6.7553,etf,0.009375818873053025,0.009375818873053025,0.009375818873053025,Hedge Funds / Absolute Return,Multi-Strategy Absolute Return,Multi-Strategy,Absolute Return,Global / Multi-region,Non-classifiable,Liquid,QAI,benchmark_proxy,proxy
2025-11-30,H_QQQ,H_QQQ,Invesco QQQ Trust,etf,long,22.8654,22.8654,22.8654,22.8654,etf,0.031735355773971054,0.031735355773971054,0.031735355773971054,Global Public Equities,US Technology / Growth,Information Technology,Growth / Technology ETF,North America,Mega Cap,Liquid,QQQ,lookthrough,lookthrough
2025-11-30,H_SPY,H_SPY,SPDR S&P 500 ETF,etf,long,38.109,38.109,38.109,38.109,etf,0.05289225962328509,0.05289225962328509,0.05289225962328509,Global Public Equities,US Large Cap Core,Multi-Sector / Diversified,Broad Market ETF,North America,Multi Cap,Liquid,SPY,lookthrough,lookthrough
2025-11-30,H_SPY_PUT,H_SPY_PUT,S&P 500 Protective Put Overlay,listed_option,long,1.9055,-7.622,11.433,-7.622,delta_adjusted_exposure,0.0026446823771856974,0.015868094263114182,-0.01057872950874279,Global Public Equities,Options Overlay,Multi-Sector / Diversified,Equity Index Option,North America,Multi Cap,Liquid,SPY,underlying_proxy,proxy
2025-11-30,H_TLT,H_TLT,iShares 20+ Year Treasury Bond ETF,etf,long,13.707,13.707,13.707,13.707,etf,0.01902422531833343,0.01902422531833343,0.01902422531833343,Fixed Income & Liquid Credit,Long Duration Treasuries,Fixed Income / Sovereign,Government Bonds,North America,Non-classifiable,Liquid,TLT,benchmark_proxy,proxy
2025-11-30,H_VNQ,H_VNQ,US Listed REIT ETF Proxy,etf,long,5.7902,5.7902,5.7902,5.7902,etf,0.0080363368671638,0.0080363368671638,0.0080363368671638,Hedge Funds / Absolute Return,Listed Real Estate,Real Estate,REITs,North America,Mid Cap,Liquid,VNQ,lookthrough,lookthrough
2025-12-31,H_2800HK,H_2800HK,Tracker Fund of Hong Kong ETF,etf,long,11.2569,11.2569,11.2569,11.2569,etf,0.015557478740088705,0.015557478740088705,0.015557478740088705,Global Public Equities,Hong Kong Broad Market,Multi-Sector / Diversified,Hong Kong Equity ETF,Greater China,Large Cap,Liquid,2800.HK,lookthrough,lookthrough
2025-12-31,H_ACWI,H_ACWI,iShares MSCI ACWI ETF,etf,long,19.0454,19.0454,19.0454,19.0454,etf,0.026321492204468853,0.026321492204468853,0.026321492204468853,Global Public Equities,Global Equity Core,Multi-Sector / Diversified,Broad Market ETF,Global / Multi-region,Multi Cap,Liquid,ACWI,lookthrough,lookthrough
2025-12-31,H_AGG,H_AGG,iShares Core US Aggregate Bond ETF,etf,long,23.5216,23.5216,23.5216,23.5216,etf,0.03250777673541299,0.03250777673541299,0.03250777673541299,Fixed Income & Liquid Credit,US Aggregate Bonds,Fixed Income / Credit,Aggregate Bonds,North America,Non-classifiable,Liquid,AGG,benchmark_proxy,proxy
2025-12-31,H_BABA,H_BABA,Alibaba ADR,equity,long,6.5665,6.5665,6.5665,6.5665,equity,0.009075161380734702,0.009075161380734702,0.009075161380734702,Global Public Equities,China Internet ADR,Consumer Discretionary,Broadline Retail,Greater China,Large Cap,Liquid,BABA,direct,direct
2025-12-31,H_BIL,H_BIL,SPDR 1-3 Month T-Bill ETF,etf,long,7.8405,7.8405,7.8405,7.8405,etf,0.010835879510492719,0.010835879510492719,0.010835879510492719,Fixed Income & Liquid Credit,Treasury Bills,Fixed Income / Sovereign,Treasury Bills,North America,Non-classifiable,Liquid,BIL,benchmark_proxy,proxy
2025-12-31,H_BRKB,H_BRKB,Berkshire Hathaway Class B,equity,long,11.4726,11.4726,11.4726,11.4726,equity,0.015855584627521048,0.015855584627521048,0.015855584627521048,Global Public Equities,US Quality Compounder,Financials,Multi-Sector Holdings,North America,Mega Cap,Liquid,BRK.B,direct,direct
2025-12-31,H_CASH_HKD,H_CASH_HKD,HKD Working Capital,cash,long,2.3825,2.3825,2.3825,2.3825,cash,0.003292708747369288,0.003292708747369288,0.003292708747369288,Cash & Liquidity,Cash Accounts,Cash,Cash,Global / Multi-region,Non-classifiable,Cash,,direct,direct
2025-12-31,H_CASH_JPY,H_CASH_JPY,JPY Treasury Buffer,cash,long,1.5883,1.5883,1.5883,1.5883,cash,0.0021950930969345814,0.0021950930969345814,0.0021950930969345814,Cash & Liquidity,Cash Accounts,Cash,Cash,Global / Multi-region,Non-classifiable,Cash,,direct,direct
2025-12-31,H_CASH_OPS_USD,H_CASH_OPS_USD,USD Operating Cash,cash,long,11.9123,11.9123,11.9123,11.9123,cash,0.016463267328976777,0.016463267328976777,0.016463267328976777,Cash & Liquidity,Cash Accounts,Cash,Cash,Global / Multi-region,Non-classifiable,Cash,,direct,direct
2025-12-31,H_CASH_RESERVE_USD,H_CASH_RESERVE_USD,USD Liquidity Reserve,cash,long,4.4671,4.4671,4.4671,4.4671,cash,0.006173707972874438,0.006173707972874438,0.006173707972874438,Cash & Liquidity,Cash Accounts,Cash,Cash,Global / Multi-region,Non-classifiable,Cash,,direct,direct
2025-12-31,H_CASH_SGD,H_CASH_SGD,SGD Near-Term Reserve,cash,long,1.9854,1.9854,1.9854,1.9854,cash,0.0027439009221519347,0.0027439009221519347,0.0027439009221519347,Cash & Liquidity,Cash Accounts,Cash,Cash,Global / Multi-region,Non-classifiable,Cash,,direct,direct
2025-12-31,H_CNYA,H_CNYA,iShares MSCI China A ETF,etf,long,7.5046,7.5046,7.5046,7.5046,etf,0.01037165249339247,0.01037165249339247,0.01037165249339247,Global Public Equities,China A-Shares,Multi-Sector / Diversified,China A-Shares ETF,Greater China,All Cap,Liquid,CNYA,lookthrough,lookthrough
2025-12-31,H_DBC,H_DBC,Broad Commodities ETF Proxy,etf,long,7.7422,7.7422,7.7422,7.7422,etf,0.010700025042552993,0.010700025042552993,0.010700025042552993,Hedge Funds / Absolute Return,Commodities,Commodities,Broad Commodities,Global / Multi-region,Non-classifiable,Liquid,DBC,benchmark_proxy,proxy
2025-12-31,H_DBMF,H_DBMF,Managed Futures ETF Proxy,etf,long,9.6778,9.6778,9.6778,9.6778,etf,0.013375100405158654,0.013375100405158654,0.013375100405158654,Hedge Funds / Absolute Return,Managed Futures,Multi-Strategy,Managed Futures,Global / Multi-region,Non-classifiable,Liquid,DBMF,benchmark_proxy,proxy
2025-12-31,H_EEM,H_EEM,iShares MSCI Emerging Markets ETF,etf,long,6.6659,6.6659,6.6659,6.6659,etf,0.00921253609195758,0.00921253609195758,0.00921253609195758,Global Public Equities,Emerging Markets Core,Multi-Sector / Diversified,EM Equity ETF,Global / Multi-region,All Cap,Liquid,EEM,lookthrough,lookthrough
2025-12-31,H_EMB,H_EMB,iShares Emerging Markets Bond ETF,etf,long,7.8405,7.8405,7.8405,7.8405,etf,0.010835879510492719,0.010835879510492719,0.010835879510492719,Fixed Income & Liquid Credit,EM Sovereign / Credit,Fixed Income / Credit,EM Debt,Global / Multi-region,Non-classifiable,Liquid,EMB,benchmark_proxy,proxy
2025-12-31,H_ES_SHORT,H_ES_SHORT,S&P 500 Overlay Short Future,future,short,2.8682,-17.2092,17.2092,-17.2092,signed_notional,0.0039639652588476775,0.023783791553086065,-0.023783791553086065,Global Public Equities,Equity Index Overlay,Multi-Sector / Diversified,Equity Index Future,North America,Multi Cap,Liquid,SPY,underlying_proxy,proxy
2025-12-31,H_EWJ,H_EWJ,iShares MSCI Japan ETF,etf,long,6.6208,6.6208,6.6208,6.6208,etf,0.009150206117348408,0.009150206117348408,0.009150206117348408,Global Public Equities,Japan Equities,Multi-Sector / Diversified,Japan Equity ETF,Japan,Large Cap,Liquid,EWJ,lookthrough,lookthrough
2025-12-31,H_EWS,H_EWS,iShares MSCI Singapore ETF,etf,long,2.7893,2.7893,2.7893,2.7893,etf,0.0038549223542653326,0.0038549223542653326,0.0038549223542653326,Global Public Equities,Southeast Asia Equities,Multi-Sector / Diversified,Southeast Asia Equity ETF,Southeast Asia,Large Cap,Liquid,EWS,lookthrough,lookthrough
2025-12-31,H_EWY,H_EWY,iShares MSCI South Korea ETF,etf,long,4.6894,4.6894,4.6894,4.6894,etf,0.006480935320005683,0.006480935320005683,0.006480935320005683,Global Public Equities,Korea Equities,Multi-Sector / Diversified,Korea Equity ETF,Korea,Large Cap,Liquid,EWY,lookthrough,lookthrough
2025-12-31,H_GLD,H_GLD,SPDR Gold Shares,etf,long,9.686,9.686,9.686,9.686,etf,0.01338643312781487,0.01338643312781487,0.01338643312781487,Hedge Funds / Absolute Return,Gold / Defensive,Commodities / Precious Metals,Gold,Global / Multi-region,Non-classifiable,Liquid,GLD,benchmark_proxy,proxy
2025-12-31,H_GMACRO,H_GMACRO,Global Macro Hedge Fund Sleeve,fund,long,17.42,17.42,17.42,17.42,fund,0.02407512544771165,0.02407512544771165,0.02407512544771165,Hedge Funds / Absolute Return,Global Macro,Multi-Strategy,Global Macro,Global / Multi-region,Non-classifiable,Semi-Liquid,GMACRO,mandate_proxy,proxy
2025-12-31,H_GOOGL,H_GOOGL,Alphabet Class A,equity,long,8.6045,8.6045,8.6045,8.6045,equity,0.011891757572608202,0.011891757572608202,0.011891757572608202,Global Public Equities,US Mega-cap Technology,Communication Services,Interactive Media,North America,Mega Cap,Liquid,GOOGL,direct,direct
2025-12-31,H_HSI_FUT,H_HSI_FUT,Hang Seng Index Tactical Long Future,future,long,2.3452,8.44272,8.44272,8.44272,signed_notional,0.003241158679677001,0.011668171246837203,0.011668171246837203,Global Public Equities,Greater China Tactical Overlay,Multi-Sector / Diversified,Equity Index Future,Greater China,Large Cap,Liquid,2800.HK,underlying_proxy,proxy
2025-12-31,H_HSTECH,H_HSTECH,Hang Seng TECH ETF-style Exposure,etf,long,9.3807,9.3807,9.3807,9.3807,etf,0.012964496514773171,0.012964496514773171,0.012964496514773171,Global Public Equities,Hong Kong / China Technology,Information Technology,Technology ETF,Greater China,Large Cap,Liquid,3067.HK,lookthrough,lookthrough
2025-12-31,H_HYG,H_HYG,iShares High Yield Corporate Bond ETF,etf,long,8.8206,8.8206,8.8206,8.8206,etf,0.012190416275779872,0.012190416275779872,0.012190416275779872,Fixed Income & Liquid Credit,High Yield Credit,Fixed Income / Credit,High Yield Credit,North America,Non-classifiable,Liquid,HYG,benchmark_proxy,proxy
2025-12-31,H_IGIB,H_IGIB,iShares 5-10 Year Investment Grade Corporate Bond ETF,etf,long,11.7608,11.7608,11.7608,11.7608,etf,0.016253888367706495,0.016253888367706495,0.016253888367706495,Fixed Income & Liquid Credit,Investment Grade Credit,Fixed Income / Credit,Investment Grade Credit,North America,Non-classifiable,Liquid,IGIB,benchmark_proxy,proxy
2025-12-31,H_INDA,H_INDA,iShares MSCI India ETF,etf,long,6.5949,6.5949,6.5949,6.5949,etf,0.009114411298226955,0.009114411298226955,0.009114411298226955,Global Public Equities,India Equities,Multi-Sector / Diversified,India Equity ETF,India,All Cap,Liquid,INDA,lookthrough,lookthrough
2025-12-31,H_JD,H_JD,JD.com ADR,equity,long,4.6904,4.6904,4.6904,4.6904,equity,0.006482317359354002,0.006482317359354002,0.006482317359354002,Global Public Equities,China E-commerce ADR,Consumer Discretionary,Broadline Retail,Greater China,Large Cap,Liquid,JD,direct,direct
2025-12-31,H_LQD,H_LQD,iShares Investment Grade Corporate Bond ETF,etf,long,7.8405,7.8405,7.8405,7.8405,etf,0.010835879510492719,0.010835879510492719,0.010835879510492719,Fixed Income & Liquid Credit,Investment Grade Credit,Fixed Income / Credit,Investment Grade Credit,North America,Non-classifiable,Liquid,LQD,benchmark_proxy,proxy
2025-12-31,H_MKTNEUT,H_MKTNEUT,Equity Market Neutral Fund Sleeve,fund,long,15.4845,15.4845,15.4845,15.4845,fund,0.021400188289040816,0.021400188289040816,0.021400188289040816,Hedge Funds / Absolute Return,Equity Market Neutral,Multi-Strategy,Equity Market Neutral,Global / Multi-region,Non-classifiable,Semi-Liquid,MKTNEUT,mandate_proxy,proxy
2025-12-31,H_MSFT,H_MSFT,Microsoft,equity,long,9.5605,9.5605,9.5605,9.5605,equity,0.013212987189600872,0.013212987189600872,0.013212987189600872,Global Public Equities,US Mega-cap Technology,Information Technology,Software,North America,Mega Cap,Liquid,MSFT,direct,direct
2025-12-31,H_NQ_SHORT,H_NQ_SHORT,Nasdaq Overlay Short Future,future,short,1.9121,-11.4726,11.4726,-11.4726,signed_notional,0.0026425974379201745,0.015855584627521048,-0.015855584627521048,Global Public Equities,Technology Overlay,Information Technology,Equity Index Future,North America,Mega Cap,Liquid,QQQ,underlying_proxy,proxy
2025-12-31,H_NVDA,H_NVDA,NVIDIA,equity,long,7.6484,7.6484,7.6484,7.6484,equity,0.010570389751680698,0.010570389751680698,0.010570389751680698,Global Public Equities,US Semiconductor Growth,Information Technology,Semiconductors,North America,Mega Cap,Liquid,NVDA,direct,direct
2025-12-31,H_PDD,H_PDD,PDD Holdings ADR,equity,long,5.6284,5.6284,5.6284,5.6284,equity,0.007778670268076936,0.007778670268076936,0.007778670268076936,Global Public Equities,China Internet ADR,Consumer Discretionary,Broadline Retail,Greater China,Large Cap,Liquid,PDD,direct,direct
2025-12-31,H_PF_APAC_LOGISTICS,H_PF_APAC_LOGISTICS,APAC Logistics Real Estate Fund,private_fund,long,7.7489,7.7489,7.7489,7.7489,private_fund,0.010709284706186727,0.010709284706186727,0.010709284706186727,Real Estate,APAC Logistics,Industrial Real Estate,APAC Logistics,Japan,Non-classifiable,Illiquid,,mandate_proxy,proxy
2025-12-31,H_PF_APEX_SECONDARIES_II,H_PF_APEX_SECONDARIES_II,Apex Secondaries Fund II,private_fund,long,19.3914,19.3914,19.3914,19.3914,private_fund,0.026799677818987122,0.026799677818987122,0.026799677818987122,Private Equity,Secondaries,Diversified / Secondaries,Secondaries,Global / Multi-region,Non-classifiable,Illiquid,,mandate_proxy,proxy
2025-12-31,H_PF_ATLAS_COINV_I,H_PF_ATLAS_COINV_I,Atlas Co-Investment Fund I,private_fund,long,21.3306,21.3306,21.3306,21.3306,private_fund,0.02947972852324673,0.02947972852324673,0.02947972852324673,Private Equity,Co-investment,Business Services,Co-investment,North America,Non-classifiable,Illiquid,,mandate_proxy,proxy
2025-12-31,H_PF_BLUE_HORIZON_III,H_PF_BLUE_HORIZON_III,Blue Horizon Ventures III,private_fund,long,17.2645,17.2645,17.2645,17.2645,private_fund,0.023860218329048093,0.023860218329048093,0.023860218329048093,Venture Capital / Growth,US Technology VC,Information Technology,US Technology VC,North America,Non-classifiable,Illiquid,,mandate_proxy,proxy
2025-12-31,H_PF_CLIMATE_ALPHA,H_PF_CLIMATE_ALPHA,Climate Alpha Fund,private_fund,long,14.3871,14.3871,14.3871,14.3871,private_fund,0.01988353830819588,0.01988353830819588,0.01988353830819588,Venture Capital / Growth,Climate Technology,Climate / Industrials,Climate Technology,Global / Multi-region,Non-classifiable,Illiquid,,mandate_proxy,proxy
2025-12-31,H_PF_COVE_SPECIALTY_FIN,H_PF_COVE_SPECIALTY_FIN,Cove Specialty Finance Fund,private_fund,long,13.6118,13.6118,13.6118,13.6118,private_fund,0.018812043201444396,0.018812043201444396,0.018812043201444396,Private Credit,Specialty Finance,Financials,Specialty Finance,North America,Non-classifiable,Illiquid,,mandate_proxy,proxy
2025-12-31,H_PF_CRESCENT_DIRECT_LEND,H_PF_CRESCENT_DIRECT_LEND,Crescent Direct Lending Fund,private_fund,long,19.4454,19.4454,19.4454,19.4454,private_fund,0.02687430794379633,0.02687430794379633,0.02687430794379633,Private Credit,Senior Direct Lending,Diversified Credit,Senior Direct Lending,North America,Non-classifiable,Illiquid,,mandate_proxy,proxy
2025-12-31,H_PF_DIGITAL_INFRA,H_PF_DIGITAL_INFRA,Horizon Digital Infrastructure Fund,private_fund,long,7.7449,7.7449,7.7449,7.7449,private_fund,0.010703756548793452,0.010703756548793452,0.010703756548793452,Infrastructure,Digital Infrastructure,Diversified,Digital Infrastructure,Global / Multi-region,Non-classifiable,Illiquid,,mandate_proxy,proxy
2025-12-31,H_PF_DRAGONBRIDGE,H_PF_DRAGONBRIDGE,DragonBridge Greater China Fund,private_fund,long,27.148,27.148,27.148,27.148,private_fund,0.0375196042281559,0.0375196042281559,0.0375196042281559,Private Equity,Asia Buyout / Greater China,Consumer / Industrials,Asia Buyout / Greater China,Greater China,Non-classifiable,Illiquid,,mandate_proxy,proxy
2025-12-31,H_PF_GLOBAL_GROWTH_II,H_PF_GLOBAL_GROWTH_II,Redwood Growth Fund II,private_fund,long,19.1827,19.1827,19.1827,19.1827,private_fund,0.02651124620699301,0.02651124620699301,0.02651124620699301,Venture Capital / Growth,Global Growth Equity,Information Technology / Consumer,Global Growth Equity,Global / Multi-region,Non-classifiable,Illiquid,,mandate_proxy,proxy
2025-12-31,H_PF_HARBOR_PEAK_V,H_PF_HARBOR_PEAK_V,Harbor Peak Partners V,private_fund,long,29.0872,29.0872,29.0872,29.0872,private_fund,0.040199654932415514,0.040199654932415514,0.040199654932415514,Private Equity,Secondaries,Diversified / Secondaries,Secondaries,Global / Multi-region,Non-classifiable,Illiquid,,mandate_proxy,proxy
2025-12-31,H_PF_HARBOUR_CORE_RE,H_PF_HARBOUR_CORE_RE,Harbour Core Real Estate Fund,private_fund,long,19.3724,19.3724,19.3724,19.3724,private_fund,0.026773419071369063,0.026773419071369063,0.026773419071369063,Real Estate,Core Real Estate,Real Estate,Core Real Estate,Global / Multi-region,Non-classifiable,Illiquid,,mandate_proxy,proxy
2025-12-31,H_PF_HOME_MULTIFAMILY,H_PF_HOME_MULTIFAMILY,HomeStone Multifamily Fund,private_fund,long,11.6234,11.6234,11.6234,11.6234,private_fund,0.016063996161247505,0.016063996161247505,0.016063996161247505,Real Estate,US Multifamily,Residential Real Estate,US Multifamily,North America,Non-classifiable,Illiquid,,mandate_proxy,proxy
2025-12-31,H_PF_INDIA_DIGITAL,H_PF_INDIA_DIGITAL,Indigo India Digital Growth Fund,private_fund,long,11.5096,11.5096,11.5096,11.5096,private_fund,0.01590672008340884,0.01590672008340884,0.01590672008340884,Venture Capital / Growth,India Digital Growth,Information Technology,India Digital Growth,India,Non-classifiable,Illiquid,,mandate_proxy,proxy
2025-12-31,H_PF_INFRA_CORE,H_PF_INFRA_CORE,Evergreen Core Infrastructure Fund,private_fund,long,11.6173,11.6173,11.6173,11.6173,private_fund,0.016055565721222763,0.016055565721222763,0.016055565721222763,Infrastructure,Core Infrastructure,Infrastructure,Core Infrastructure,Global / Multi-region,Non-classifiable,Illiquid,,mandate_proxy,proxy
2025-12-31,H_PF_LIONROCK_CREDIT,H_PF_LIONROCK_CREDIT,LionRock Asia Private Credit Fund,private_fund,long,16.0424,16.0424,16.0424,16.0424,private_fund,0.022171228041467816,0.022171228041467816,0.022171228041467816,Private Credit,Asia Private Credit,Diversified Credit,Asia Private Credit,Southeast Asia,Non-classifiable,Illiquid,,mandate_proxy,proxy
2025-12-31,H_PF_METRO_LOGISTICS,H_PF_METRO_LOGISTICS,Metro Logistics Fund,private_fund,long,12.1077,12.1077,12.1077,12.1077,private_fund,0.01673331781763825,0.01673331781763825,0.01673331781763825,Real Estate,Logistics Real Estate,Industrial Real Estate,Logistics Real Estate,Southeast Asia,Non-classifiable,Illiquid,,mandate_proxy,proxy
2025-12-31,H_PF_NORTHSTAR_IV,H_PF_NORTHSTAR_IV,Northstar Buyout Fund IV,private_fund,long,33.935,33.935,33.935,33.935,private_fund,0.046899505285194876,0.046899505285194876,0.046899505285194876,Private Equity,Buyout,Industrials,Buyout,North America,Non-classifiable,Illiquid,,mandate_proxy,proxy
2025-12-31,H_PF_RENEWABLES_II,H_PF_RENEWABLES_II,SolarBridge Renewables Fund II,private_fund,long,9.6811,9.6811,9.6811,9.6811,private_fund,0.013379661135008108,0.013379661135008108,0.013379661135008108,Infrastructure,Renewables,Utilities / Infrastructure,Renewables,Global / Multi-region,Non-classifiable,Illiquid,,mandate_proxy,proxy
2025-12-31,H_PF_SEEDSPRING_I,H_PF_SEEDSPRING_I,SeedSpring Southeast Asia VC Fund I,private_fund,long,9.5914,9.5914,9.5914,9.5914,private_fund,0.01325569220546392,0.01325569220546392,0.01325569220546392,Venture Capital / Growth,Southeast Asia VC,Information Technology / Consumer,Southeast Asia VC,Southeast Asia,Non-classifiable,Illiquid,,mandate_proxy,proxy
2025-12-31,H_PF_SPRING_OPP_CREDIT,H_PF_SPRING_OPP_CREDIT,Spring Point Opportunistic Credit Fund,private_fund,long,16.5286,16.5286,16.5286,16.5286,private_fund,0.022843175572620365,0.022843175572620365,0.022843175572620365,Private Credit,Opportunistic Credit,Special Situations Credit,Opportunistic Credit,Global / Multi-region,Non-classifiable,Illiquid,,mandate_proxy,proxy
2025-12-31,H_QAI,H_QAI,Multi-Strategy Liquid Alternatives ETF Proxy,etf,long,6.7745,6.7745,6.7745,6.7745,etf,0.009362625565184992,0.009362625565184992,0.009362625565184992,Hedge Funds / Absolute Return,Multi-Strategy Absolute Return,Multi-Strategy,Absolute Return,Global / Multi-region,Non-classifiable,Liquid,QAI,benchmark_proxy,proxy
2025-12-31,H_QQQ,H_QQQ,Invesco QQQ Trust,etf,long,22.9453,22.9453,22.9453,22.9453,etf,0.03171130745897693,0.03171130745897693,0.03171130745897693,Global Public Equities,US Technology / Growth,Information Technology,Growth / Technology ETF,North America,Mega Cap,Liquid,QQQ,lookthrough,lookthrough
2025-12-31,H_SPY,H_SPY,SPDR S&P 500 ETF,etf,long,38.2421,38.2421,38.2421,38.2421,etf,0.05285208696233833,0.05285208696233833,0.05285208696233833,Global Public Equities,US Large Cap Core,Multi-Sector / Diversified,Broad Market ETF,North America,Multi Cap,Liquid,SPY,lookthrough,lookthrough
2025-12-31,H_SPY_PUT,H_SPY_PUT,S&P 500 Protective Put Overlay,listed_option,long,1.9121,-7.6484,11.4726,-7.6484,delta_adjusted_exposure,0.0026425974379201745,0.015855584627521048,-0.010570389751680698,Global Public Equities,Options Overlay,Multi-Sector / Diversified,Equity Index Option,North America,Multi Cap,Liquid,SPY,underlying_proxy,proxy
2025-12-31,H_TLT,H_TLT,iShares 20+ Year Treasury Bond ETF,etf,long,13.721,13.721,13.721,13.721,etf,0.018962961898280797,0.018962961898280797,0.018962961898280797,Fixed Income & Liquid Credit,Long Duration Treasuries,Fixed Income / Sovereign,Government Bonds,North America,Non-classifiable,Liquid,TLT,benchmark_proxy,proxy
2025-12-31,H_VNQ,H_VNQ,US Listed REIT ETF Proxy,etf,long,5.8067,5.8067,5.8067,5.8067,etf,0.00802508788388216,0.00802508788388216,0.00802508788388216,Hedge Funds / Absolute Return,Listed Real Estate,Real Estate,REITs,North America,Mid Cap,Liquid,VNQ,lookthrough,lookthrough
2026-01-31,H_2800HK,H_2800HK,Tracker Fund of Hong Kong ETF,etf,long,11.3566,11.3566,11.3566,11.3566,etf,0.015605600954974944,0.015605600954974944,0.015605600954974944,Global Public Equities,Hong Kong Broad Market,Multi-Sector / Diversified,Hong Kong Equity ETF,Greater China,Large Cap,Liquid,2800.HK,lookthrough,lookthrough
2026-01-31,H_ACWI,H_ACWI,iShares MSCI ACWI ETF,etf,long,19.1868,19.1868,19.1868,19.1868,etf,0.026365421376372617,0.026365421376372617,0.026365421376372617,Global Public Equities,Global Equity Core,Multi-Sector / Diversified,Broad Market ETF,Global / Multi-region,Multi Cap,Liquid,ACWI,lookthrough,lookthrough
2026-01-31,H_AGG,H_AGG,iShares Core US Aggregate Bond ETF,etf,long,23.5743,23.5743,23.5743,23.5743,etf,0.032394477096390276,0.032394477096390276,0.032394477096390276,Fixed Income & Liquid Credit,US Aggregate Bonds,Fixed Income / Credit,Aggregate Bonds,North America,Non-classifiable,Liquid,AGG,benchmark_proxy,proxy
2026-01-31,H_BABA,H_BABA,Alibaba ADR,equity,long,6.6247,6.6247,6.6247,6.6247,equity,0.00910329012613128,0.00910329012613128,0.00910329012613128,Global Public Equities,China Internet ADR,Consumer Discretionary,Broadline Retail,Greater China,Large Cap,Liquid,BABA,direct,direct
2026-01-31,H_BIL,H_BIL,SPDR 1-3 Month T-Bill ETF,etf,long,7.8581,7.8581,7.8581,7.8581,etf,0.010798159032130092,0.010798159032130092,0.010798159032130092,Fixed Income & Liquid Credit,Treasury Bills,Fixed Income / Sovereign,Treasury Bills,North America,Non-classifiable,Liquid,BIL,benchmark_proxy,proxy
2026-01-31,H_BRKB,H_BRKB,Berkshire Hathaway Class B,equity,long,11.5358,11.5358,11.5358,11.5358,equity,0.015851847515664895,0.015851847515664895,0.015851847515664895,Global Public Equities,US Quality Compounder,Financials,Multi-Sector Holdings,North America,Mega Cap,Liquid,BRK.B,direct,direct
2026-01-31,H_CASH_HKD,H_CASH_HKD,HKD Working Capital,cash,long,2.3851,2.3851,2.3851,2.3851,cash,0.0032774702673080617,0.0032774702673080617,0.0032774702673080617,Cash & Liquidity,Cash Accounts,Cash,Cash,Global / Multi-region,Non-classifiable,Cash,,direct,direct
2026-01-31,H_CASH_JPY,H_CASH_JPY,JPY Treasury Buffer,cash,long,1.59,1.59,1.59,1.59,cash,0.0021848885686217845,0.0021848885686217845,0.0021848885686217845,Cash & Liquidity,Cash Accounts,Cash,Cash,Global / Multi-region,Non-classifiable,Cash,,direct,direct
2026-01-31,H_CASH_OPS_USD,H_CASH_OPS_USD,USD Operating Cash,cash,long,11.9253,11.9253,11.9253,11.9253,cash,0.01638707650778954,0.01638707650778954,0.01638707650778954,Cash & Liquidity,Cash Accounts,Cash,Cash,Global / Multi-region,Non-classifiable,Cash,,direct,direct
2026-01-31,H_CASH_RESERVE_USD,H_CASH_RESERVE_USD,USD Liquidity Reserve,cash,long,4.472,4.472,4.472,4.472,cash,0.006145170867218001,0.006145170867218001,0.006145170867218001,Cash & Liquidity,Cash Accounts,Cash,Cash,Global / Multi-region,Non-classifiable,Cash,,direct,direct
2026-01-31,H_CASH_SGD,H_CASH_SGD,SGD Near-Term Reserve,cash,long,1.9876,1.9876,1.9876,1.9876,cash,0.0027312481251526156,0.0027312481251526156,0.0027312481251526156,Cash & Liquidity,Cash Accounts,Cash,Cash,Global / Multi-region,Non-classifiable,Cash,,direct,direct
2026-01-31,H_CNYA,H_CNYA,iShares MSCI China A ETF,etf,long,7.5711,7.5711,7.5711,7.5711,etf,0.010403779774775091,0.010403779774775091,0.010403779774775091,Global Public Equities,China A-Shares,Multi-Sector / Diversified,China A-Shares ETF,Greater China,All Cap,Liquid,CNYA,lookthrough,lookthrough
2026-01-31,H_DBC,H_DBC,Broad Commodities ETF Proxy,etf,long,7.7778,7.7778,7.7778,7.7778,etf,0.010687815288695923,0.010687815288695923,0.010687815288695923,Hedge Funds / Absolute Return,Commodities,Commodities,Broad Commodities,Global / Multi-region,Non-classifiable,Liquid,DBC,benchmark_proxy,proxy
2026-01-31,H_DBMF,H_DBMF,Managed Futures ETF Proxy,etf,long,9.7222,9.7222,9.7222,9.7222,etf,0.013359700403682211,0.013359700403682211,0.013359700403682211,Hedge Funds / Absolute Return,Managed Futures,Multi-Strategy,Managed Futures,Global / Multi-region,Non-classifiable,Liquid,DBMF,benchmark_proxy,proxy
2026-01-31,H_EEM,H_EEM,iShares MSCI Emerging Markets ETF,etf,long,6.7154,6.7154,6.7154,6.7154,etf,0.009227924964605491,0.009227924964605491,0.009227924964605491,Global Public Equities,Emerging Markets Core,Multi-Sector / Diversified,EM Equity ETF,Global / Multi-region,All Cap,Liquid,EEM,lookthrough,lookthrough
2026-01-31,H_EMB,H_EMB,iShares Emerging Markets Bond ETF,etf,long,7.8581,7.8581,7.8581,7.8581,etf,0.010798159032130092,0.010798159032130092,0.010798159032130092,Fixed Income & Liquid Credit,EM Sovereign / Credit,Fixed Income / Credit,EM Debt,Global / Multi-region,Non-classifiable,Liquid,EMB,benchmark_proxy,proxy
2026-01-31,H_ES_SHORT,H_ES_SHORT,S&P 500 Overlay Short Future,future,short,2.884,-17.304,17.304,-17.304,signed_notional,0.0039630305861039165,0.023778183516623495,-0.023778183516623495,Global Public Equities,Equity Index Overlay,Multi-Sector / Diversified,Equity Index Future,North America,Multi Cap,Liquid,SPY,underlying_proxy,proxy
2026-01-31,H_EWJ,H_EWJ,iShares MSCI Japan ETF,etf,long,6.6817,6.6817,6.6817,6.6817,etf,0.009181616320100741,0.009181616320100741,0.009181616320100741,Global Public Equities,Japan Equities,Multi-Sector / Diversified,Japan Equity ETF,Japan,Large Cap,Liquid,EWJ,lookthrough,lookthrough
2026-01-31,H_EWS,H_EWS,iShares MSCI Singapore ETF,etf,long,2.8295,2.8295,2.8295,2.8295,etf,0.0038881397515190814,0.0038881397515190814,0.0038881397515190814,Global Public Equities,Southeast Asia Equities,Multi-Sector / Diversified,Southeast Asia Equity ETF,Southeast Asia,Large Cap,Liquid,EWS,lookthrough,lookthrough
2026-01-31,H_EWY,H_EWY,iShares MSCI South Korea ETF,etf,long,4.741,4.741,4.741,4.741,etf,0.006514815537003698,0.006514815537003698,0.006514815537003698,Global Public Equities,Korea Equities,Multi-Sector / Diversified,Korea Equity ETF,Korea,Large Cap,Liquid,EWY,lookthrough,lookthrough
2026-01-31,H_GLD,H_GLD,SPDR Gold Shares,etf,long,9.7111,9.7111,9.7111,9.7111,etf,0.013344447408014474,0.013344447408014474,0.013344447408014474,Hedge Funds / Absolute Return,Gold / Defensive,Commodities / Precious Metals,Gold,Global / Multi-region,Non-classifiable,Liquid,GLD,benchmark_proxy,proxy
2026-01-31,H_GMACRO,H_GMACRO,Global Macro Hedge Fund Sleeve,fund,long,17.5,17.5,17.5,17.5,fund,0.024047515692378132,0.024047515692378132,0.024047515692378132,Hedge Funds / Absolute Return,Global Macro,Multi-Strategy,Global Macro,Global / Multi-region,Non-classifiable,Semi-Liquid,GMACRO,mandate_proxy,proxy
2026-01-31,H_GOOGL,H_GOOGL,Alphabet Class A,equity,long,8.6519,8.6519,8.6519,8.6519,equity,0.011888954343936362,0.011888954343936362,0.011888954343936362,Global Public Equities,US Mega-cap Technology,Communication Services,Interactive Media,North America,Mega Cap,Liquid,GOOGL,direct,direct
2026-01-31,H_HSI_FUT,H_HSI_FUT,Hang Seng Index Tactical Long Future,future,long,2.366,8.5176,8.5176,8.5176,signed_notional,0.0032512241216095237,0.011704406837794284,0.011704406837794284,Global Public Equities,Greater China Tactical Overlay,Multi-Sector / Diversified,Equity Index Future,Greater China,Large Cap,Liquid,2800.HK,underlying_proxy,proxy
2026-01-31,H_HSTECH,H_HSTECH,Hang Seng TECH ETF-style Exposure,etf,long,9.4639,9.4639,9.4639,9.4639,etf,0.01300475907206271,0.01300475907206271,0.01300475907206271,Global Public Equities,Hong Kong / China Technology,Information Technology,Technology ETF,Greater China,Large Cap,Liquid,3067.HK,lookthrough,lookthrough
2026-01-31,H_HYG,H_HYG,iShares High Yield Corporate Bond ETF,etf,long,8.8403,8.8403,8.8403,8.8403,etf,0.012147843027161737,0.012147843027161737,0.012147843027161737,Fixed Income & Liquid Credit,High Yield Credit,Fixed Income / Credit,High Yield Credit,North America,Non-classifiable,Liquid,HYG,benchmark_proxy,proxy
2026-01-31,H_IGIB,H_IGIB,iShares 5-10 Year Investment Grade Corporate Bond ETF,etf,long,11.7871,11.7871,11.7871,11.7871,etf,0.016197169841007445,0.016197169841007445,0.016197169841007445,Fixed Income & Liquid Credit,Investment Grade Credit,Fixed Income / Credit,Investment Grade Credit,North America,Non-classifiable,Liquid,IGIB,benchmark_proxy,proxy
2026-01-31,H_INDA,H_INDA,iShares MSCI India ETF,etf,long,6.6496,6.6496,6.6496,6.6496,etf,0.009137506305602151,0.009137506305602151,0.009137506305602151,Global Public Equities,India Equities,Multi-Sector / Diversified,India Equity ETF,India,All Cap,Liquid,INDA,lookthrough,lookthrough
2026-01-31,H_JD,H_JD,JD.com ADR,equity,long,4.7319,4.7319,4.7319,4.7319,equity,0.006502310828843663,0.006502310828843663,0.006502310828843663,Global Public Equities,China E-commerce ADR,Consumer Discretionary,Broadline Retail,Greater China,Large Cap,Liquid,JD,direct,direct
2026-01-31,H_LQD,H_LQD,iShares Investment Grade Corporate Bond ETF,etf,long,7.8581,7.8581,7.8581,7.8581,etf,0.010798159032130092,0.010798159032130092,0.010798159032130092,Fixed Income & Liquid Credit,Investment Grade Credit,Fixed Income / Credit,Investment Grade Credit,North America,Non-classifiable,Liquid,LQD,benchmark_proxy,proxy
2026-01-31,H_MKTNEUT,H_MKTNEUT,Equity Market Neutral Fund Sleeve,fund,long,15.5556,15.5556,15.5556,15.5556,fund,0.021375630577391846,0.021375630577391846,0.021375630577391846,Hedge Funds / Absolute Return,Equity Market Neutral,Multi-Strategy,Equity Market Neutral,Global / Multi-region,Non-classifiable,Semi-Liquid,MKTNEUT,mandate_proxy,proxy
2026-01-31,H_MSFT,H_MSFT,Microsoft,equity,long,9.6132,9.6132,9.6132,9.6132,equity,0.013209918734512542,0.013209918734512542,0.013209918734512542,Global Public Equities,US Mega-cap Technology,Information Technology,Software,North America,Mega Cap,Liquid,MSFT,direct,direct
2026-01-31,H_NQ_SHORT,H_NQ_SHORT,Nasdaq Overlay Short Future,future,short,1.9226,-11.5356,11.5356,-11.5356,signed_notional,0.002641928781152354,0.015851572686914124,-0.015851572686914124,Global Public Equities,Technology Overlay,Information Technology,Equity Index Future,North America,Mega Cap,Liquid,QQQ,underlying_proxy,proxy
2026-01-31,H_NVDA,H_NVDA,NVIDIA,equity,long,7.6906,7.6906,7.6906,7.6906,equity,0.010567989953360186,0.010567989953360186,0.010567989953360186,Global Public Equities,US Semiconductor Growth,Information Technology,Semiconductors,North America,Mega Cap,Liquid,NVDA,direct,direct
2026-01-31,H_PDD,H_PDD,PDD Holdings ADR,equity,long,5.6783,5.6783,5.6783,5.6783,equity,0.007802800477487472,0.007802800477487472,0.007802800477487472,Global Public Equities,China Internet ADR,Consumer Discretionary,Broadline Retail,Greater China,Large Cap,Liquid,PDD,direct,direct
2026-01-31,H_PF_APAC_LOGISTICS,H_PF_APAC_LOGISTICS,APAC Logistics Real Estate Fund,private_fund,long,7.8005,7.8005,7.8005,7.8005,private_fund,0.010719008351908322,0.010719008351908322,0.010719008351908322,Real Estate,APAC Logistics,Industrial Real Estate,APAC Logistics,Japan,Non-classifiable,Illiquid,,mandate_proxy,proxy
2026-01-31,H_PF_APEX_SECONDARIES_II,H_PF_APEX_SECONDARIES_II,Apex Secondaries Fund II,private_fund,long,19.4994,19.4994,19.4994,19.4994,private_fund,0.026794978713826183,0.026794978713826183,0.026794978713826183,Private Equity,Secondaries,Diversified / Secondaries,Secondaries,Global / Multi-region,Non-classifiable,Illiquid,,mandate_proxy,proxy
2026-01-31,H_PF_ATLAS_COINV_I,H_PF_ATLAS_COINV_I,Atlas Co-Investment Fund I,private_fund,long,21.4493,21.4493,21.4493,21.4493,private_fund,0.029474421619458645,0.029474421619458645,0.029474421619458645,Private Equity,Co-investment,Business Services,Co-investment,North America,Non-classifiable,Illiquid,,mandate_proxy,proxy
2026-01-31,H_PF_BLUE_HORIZON_III,H_PF_BLUE_HORIZON_III,Blue Horizon Ventures III,private_fund,long,17.3982,17.3982,17.3982,17.3982,private_fund,0.023907627858236184,0.023907627858236184,0.023907627858236184,Venture Capital / Growth,US Technology VC,Information Technology,US Technology VC,North America,Non-classifiable,Illiquid,,mandate_proxy,proxy
2026-01-31,H_PF_CLIMATE_ALPHA,H_PF_CLIMATE_ALPHA,Climate Alpha Fund,private_fund,long,14.4985,14.4985,14.4985,14.4985,private_fund,0.01992302321519682,0.01992302321519682,0.01992302321519682,Venture Capital / Growth,Climate Technology,Climate / Industrials,Climate Technology,Global / Multi-region,Non-classifiable,Illiquid,,mandate_proxy,proxy
2026-01-31,H_PF_COVE_SPECIALTY_FIN,H_PF_COVE_SPECIALTY_FIN,Cove Specialty Finance Fund,private_fund,long,13.6954,13.6954,13.6954,13.6954,private_fund,0.01881944836647974,0.01881944836647974,0.01881944836647974,Private Credit,Specialty Finance,Financials,Specialty Finance,North America,Non-classifiable,Illiquid,,mandate_proxy,proxy
2026-01-31,H_PF_CRESCENT_DIRECT_LEND,H_PF_CRESCENT_DIRECT_LEND,Crescent Direct Lending Fund,private_fund,long,19.5648,19.5648,19.5648,19.5648,private_fund,0.026884847715327984,0.026884847715327984,0.026884847715327984,Private Credit,Senior Direct Lending,Diversified Credit,Senior Direct Lending,North America,Non-classifiable,Illiquid,,mandate_proxy,proxy
2026-01-31,H_PF_DIGITAL_INFRA,H_PF_DIGITAL_INFRA,Horizon Digital Infrastructure Fund,private_fund,long,7.8015,7.8015,7.8015,7.8015,private_fund,0.010720382495662172,0.010720382495662172,0.010720382495662172,Infrastructure,Digital Infrastructure,Diversified,Digital Infrastructure,Global / Multi-region,Non-classifiable,Illiquid,,mandate_proxy,proxy
2026-01-31,H_PF_DRAGONBRIDGE,H_PF_DRAGONBRIDGE,DragonBridge Greater China Fund,private_fund,long,27.2991,27.2991,27.2991,27.2991,private_fund,0.03751288775073142,0.03751288775073142,0.03751288775073142,Private Equity,Asia Buyout / Greater China,Consumer / Industrials,Asia Buyout / Greater China,Greater China,Non-classifiable,Illiquid,,mandate_proxy,proxy
2026-01-31,H_PF_GLOBAL_GROWTH_II,H_PF_GLOBAL_GROWTH_II,Redwood Growth Fund II,private_fund,long,19.3313,19.3313,19.3313,19.3313,private_fund,0.026563985148803964,0.026563985148803964,0.026563985148803964,Venture Capital / Growth,Global Growth Equity,Information Technology / Consumer,Global Growth Equity,Global / Multi-region,Non-classifiable,Illiquid,,mandate_proxy,proxy
2026-01-31,H_PF_HARBOR_PEAK_V,H_PF_HARBOR_PEAK_V,Harbor Peak Partners V,private_fund,long,29.2491,29.2491,29.2491,29.2491,private_fund,0.04019246807073927,0.04019246807073927,0.04019246807073927,Private Equity,Secondaries,Diversified / Secondaries,Secondaries,Global / Multi-region,Non-classifiable,Illiquid,,mandate_proxy,proxy
2026-01-31,H_PF_HARBOUR_CORE_RE,H_PF_HARBOUR_CORE_RE,Harbour Core Real Estate Fund,private_fund,long,19.5012,19.5012,19.5012,19.5012,private_fund,0.02679745217258311,0.02679745217258311,0.02679745217258311,Real Estate,Core Real Estate,Real Estate,Core Real Estate,Global / Multi-region,Non-classifiable,Illiquid,,mandate_proxy,proxy
2026-01-31,H_PF_HOME_MULTIFAMILY,H_PF_HOME_MULTIFAMILY,HomeStone Multifamily Fund,private_fund,long,11.7007,11.7007,11.7007,11.7007,private_fund,0.01607844382067479,0.01607844382067479,0.01607844382067479,Real Estate,US Multifamily,Residential Real Estate,US Multifamily,North America,Non-classifiable,Illiquid,,mandate_proxy,proxy
2026-01-31,H_PF_INDIA_DIGITAL,H_PF_INDIA_DIGITAL,Indigo India Digital Growth Fund,private_fund,long,11.5988,11.5988,11.5988,11.5988,private_fund,0.015938418572157456,0.015938418572157456,0.015938418572157456,Venture Capital / Growth,India Digital Growth,Information Technology,India Digital Growth,India,Non-classifiable,Illiquid,,mandate_proxy,proxy
2026-01-31,H_PF_INFRA_CORE,H_PF_INFRA_CORE,Evergreen Core Infrastructure Fund,private_fund,long,11.7023,11.7023,11.7023,11.7023,private_fund,0.01608064245068095,0.01608064245068095,0.01608064245068095,Infrastructure,Core Infrastructure,Infrastructure,Core Infrastructure,Global / Multi-region,Non-classifiable,Illiquid,,mandate_proxy,proxy
2026-01-31,H_PF_LIONROCK_CREDIT,H_PF_LIONROCK_CREDIT,LionRock Asia Private Credit Fund,private_fund,long,16.141,16.141,16.141,16.141,private_fund,0.022180054330895736,0.022180054330895736,0.022180054330895736,Private Credit,Asia Private Credit,Diversified Credit,Asia Private Credit,Southeast Asia,Non-classifiable,Illiquid,,mandate_proxy,proxy
2026-01-31,H_PF_METRO_LOGISTICS,H_PF_METRO_LOGISTICS,Metro Logistics Fund,private_fund,long,12.1883,12.1883,12.1883,12.1883,private_fund,0.016748476315052135,0.016748476315052135,0.016748476315052135,Real Estate,Logistics Real Estate,Industrial Real Estate,Logistics Real Estate,Southeast Asia,Non-classifiable,Illiquid,,mandate_proxy,proxy
2026-01-31,H_PF_NORTHSTAR_IV,H_PF_NORTHSTAR_IV,Northstar Buyout Fund IV,private_fund,long,34.1239,34.1239,34.1239,34.1239,private_fund,0.04689114404200812,0.04689114404200812,0.04689114404200812,Private Equity,Buyout,Industrials,Buyout,North America,Non-classifiable,Illiquid,,mandate_proxy,proxy
2026-01-31,H_PF_RENEWABLES_II,H_PF_RENEWABLES_II,SolarBridge Renewables Fund II,private_fund,long,9.7519,9.7519,9.7519,9.7519,private_fund,0.013400512473171559,0.013400512473171559,0.013400512473171559,Infrastructure,Renewables,Utilities / Infrastructure,Renewables,Global / Multi-region,Non-classifiable,Illiquid,,mandate_proxy,proxy
2026-01-31,H_PF_SEEDSPRING_I,H_PF_SEEDSPRING_I,SeedSpring Southeast Asia VC Fund I,private_fund,long,9.6657,9.6657,9.6657,9.6657,private_fund,0.013282061281589675,0.013282061281589675,0.013282061281589675,Venture Capital / Growth,Southeast Asia VC,Information Technology / Consumer,Southeast Asia VC,Southeast Asia,Non-classifiable,Illiquid,,mandate_proxy,proxy
2026-01-31,H_PF_SPRING_OPP_CREDIT,H_PF_SPRING_OPP_CREDIT,Spring Point Opportunistic Credit Fund,private_fund,long,16.6301,16.6301,16.6301,16.6301,private_fund,0.02285214804090386,0.02285214804090386,0.02285214804090386,Private Credit,Opportunistic Credit,Special Situations Credit,Opportunistic Credit,Global / Multi-region,Non-classifiable,Illiquid,,mandate_proxy,proxy
2026-01-31,H_QAI,H_QAI,Multi-Strategy Liquid Alternatives ETF Proxy,etf,long,6.8056,6.8056,6.8056,6.8056,etf,0.009351872731202778,0.009351872731202778,0.009351872731202778,Hedge Funds / Absolute Return,Multi-Strategy Absolute Return,Multi-Strategy,Absolute Return,Global / Multi-region,Non-classifiable,Liquid,QAI,benchmark_proxy,proxy
2026-01-31,H_QQQ,H_QQQ,Invesco QQQ Trust,etf,long,23.0717,23.0717,23.0717,23.0717,etf,0.031703832445705175,0.031703832445705175,0.031703832445705175,Global Public Equities,US Technology / Growth,Information Technology,Growth / Technology ETF,North America,Mega Cap,Liquid,QQQ,lookthrough,lookthrough
2026-01-31,H_SPY,H_SPY,SPDR S&P 500 ETF,etf,long,38.4528,38.4528,38.4528,38.4528,etf,0.05283967493805017,0.05283967493805017,0.05283967493805017,Global Public Equities,US Large Cap Core,Multi-Sector / Diversified,Broad Market ETF,North America,Multi Cap,Liquid,SPY,lookthrough,lookthrough
2026-01-31,H_SPY_PUT,H_SPY_PUT,S&P 500 Protective Put Overlay,listed_option,long,1.9226,-7.6904,11.5356,-7.6904,delta_adjusted_exposure,0.002641928781152354,0.015851572686914124,-0.010567715124609417,Global Public Equities,Options Overlay,Multi-Sector / Diversified,Equity Index Option,North America,Multi Cap,Liquid,SPY,underlying_proxy,proxy
2026-01-31,H_TLT,H_TLT,iShares 20+ Year Treasury Bond ETF,etf,long,13.7516,13.7516,13.7516,13.7516,etf,0.01889667524544612,0.01889667524544612,0.01889667524544612,Fixed Income & Liquid Credit,Long Duration Treasuries,Fixed Income / Sovereign,Government Bonds,North America,Non-classifiable,Liquid,TLT,benchmark_proxy,proxy
2026-01-31,H_VNQ,H_VNQ,US Listed REIT ETF Proxy,etf,long,5.8333,5.8333,5.8333,5.8333,etf,0.008015792759334249,0.008015792759334249,0.008015792759334249,Hedge Funds / Absolute Return,Listed Real Estate,Real Estate,REITs,North America,Mid Cap,Liquid,VNQ,lookthrough,lookthrough
2026-02-28,H_2800HK,H_2800HK,Tracker Fund of Hong Kong ETF,etf,long,11.5101,11.5101,11.5101,11.5101,etf,0.015695921236887848,0.015695921236887848,0.015695921236887848,Global Public Equities,Hong Kong Broad Market,Multi-Sector / Diversified,Hong Kong Equity ETF,Greater China,Large Cap,Liquid,2800.HK,lookthrough,lookthrough
2026-02-28,H_ACWI,H_ACWI,iShares MSCI ACWI ETF,etf,long,19.3863,19.3863,19.3863,19.3863,etf,0.026436420002839148,0.026436420002839148,0.026436420002839148,Global Public Equities,Global Equity Core,Multi-Sector / Diversified,Broad Market ETF,Global / Multi-region,Multi Cap,Liquid,ACWI,lookthrough,lookthrough
2026-02-28,H_AGG,H_AGG,iShares Core US Aggregate Bond ETF,etf,long,23.6657,23.6657,23.6657,23.6657,etf,0.0322720882716759,0.0322720882716759,0.0322720882716759,Fixed Income & Liquid Credit,US Aggregate Bonds,Fixed Income / Credit,Aggregate Bonds,North America,Non-classifiable,Liquid,AGG,benchmark_proxy,proxy
2026-02-28,H_BABA,H_BABA,Alibaba ADR,equity,long,6.7142,6.7142,6.7142,6.7142,equity,0.00915591996322468,0.00915591996322468,0.00915591996322468,Global Public Equities,China Internet ADR,Consumer Discretionary,Broadline Retail,Greater China,Large Cap,Liquid,BABA,direct,direct
2026-02-28,H_BIL,H_BIL,SPDR 1-3 Month T-Bill ETF,etf,long,7.8886,7.8886,7.8886,7.8886,etf,0.010757408212727386,0.010757408212727386,0.010757408212727386,Fixed Income & Liquid Credit,Treasury Bills,Fixed Income / Sovereign,Treasury Bills,North America,Non-classifiable,Liquid,BIL,benchmark_proxy,proxy
2026-02-28,H_BRKB,H_BRKB,Berkshire Hathaway Class B,equity,long,11.6361,11.6361,11.6361,11.6361,equity,0.015867743034773868,0.015867743034773868,0.015867743034773868,Global Public Equities,US Quality Compounder,Financials,Multi-Sector Holdings,North America,Mega Cap,Liquid,BRK.B,direct,direct
2026-02-28,H_CASH_HKD,H_CASH_HKD,HKD Working Capital,cash,long,2.3889,2.3889,2.3889,2.3889,cash,0.003257659468015168,0.003257659468015168,0.003257659468015168,Cash & Liquidity,Cash Accounts,Cash,Cash,Global / Multi-region,Non-classifiable,Cash,,direct,direct
2026-02-28,H_CASH_JPY,H_CASH_JPY,JPY Treasury Buffer,cash,long,1.5926,1.5926,1.5926,1.5926,cash,0.0021717729786767787,0.0021717729786767787,0.0021717729786767787,Cash & Liquidity,Cash Accounts,Cash,Cash,Global / Multi-region,Non-classifiable,Cash,,direct,direct
2026-02-28,H_CASH_OPS_USD,H_CASH_OPS_USD,USD Operating Cash,cash,long,11.9443,11.9443,11.9443,11.9443,cash,0.01628802460706332,0.01628802460706332,0.01628802460706332,Cash & Liquidity,Cash Accounts,Cash,Cash,Global / Multi-region,Non-classifiable,Cash,,direct,direct
2026-02-28,H_CASH_RESERVE_USD,H_CASH_RESERVE_USD,USD Liquidity Reserve,cash,long,4.4791,4.4791,4.4791,4.4791,cash,0.006107992181835463,0.006107992181835463,0.006107992181835463,Cash & Liquidity,Cash Accounts,Cash,Cash,Global / Multi-region,Non-classifiable,Cash,,direct,direct
2026-02-28,H_CASH_SGD,H_CASH_SGD,SGD Near-Term Reserve,cash,long,1.9907,1.9907,1.9907,1.9907,cash,0.0027146480400928436,0.0027146480400928436,0.0027146480400928436,Cash & Liquidity,Cash Accounts,Cash,Cash,Global / Multi-region,Non-classifiable,Cash,,direct,direct
2026-02-28,H_CNYA,H_CNYA,iShares MSCI China A ETF,etf,long,7.6734,7.6734,7.6734,7.6734,etf,0.010463947491258566,0.010463947491258566,0.010463947491258566,Global Public Equities,China A-Shares,Multi-Sector / Diversified,China A-Shares ETF,Greater China,All Cap,Liquid,CNYA,lookthrough,lookthrough
2026-02-28,H_DBC,H_DBC,Broad Commodities ETF Proxy,etf,long,7.8304,7.8304,7.8304,7.8304,etf,0.010678042906084796,0.010678042906084796,0.010678042906084796,Hedge Funds / Absolute Return,Commodities,Commodities,Broad Commodities,Global / Multi-region,Non-classifiable,Liquid,DBC,benchmark_proxy,proxy
2026-02-28,H_DBMF,H_DBMF,Managed Futures ETF Proxy,etf,long,9.788,9.788,9.788,9.788,etf,0.013347553632605995,0.013347553632605995,0.013347553632605995,Hedge Funds / Absolute Return,Managed Futures,Multi-Strategy,Managed Futures,Global / Multi-region,Non-classifiable,Liquid,DBMF,benchmark_proxy,proxy
2026-02-28,H_EEM,H_EEM,iShares MSCI Emerging Markets ETF,etf,long,6.7852,6.7852,6.7852,6.7852,etf,0.00925274018266839,0.00925274018266839,0.00925274018266839,Global Public Equities,Emerging Markets Core,Multi-Sector / Diversified,EM Equity ETF,Global / Multi-region,All Cap,Liquid,EEM,lookthrough,lookthrough
2026-02-28,H_EMB,H_EMB,iShares Emerging Markets Bond ETF,etf,long,7.8886,7.8886,7.8886,7.8886,etf,0.010757408212727386,0.010757408212727386,0.010757408212727386,Fixed Income & Liquid Credit,EM Sovereign / Credit,Fixed Income / Credit,EM Debt,Global / Multi-region,Non-classifiable,Liquid,EMB,benchmark_proxy,proxy
2026-02-28,H_ES_SHORT,H_ES_SHORT,S&P 500 Overlay Short Future,future,short,2.909,-17.453999999999997,17.453999999999997,-17.453999999999997,signed_notional,0.003966901667066902,0.02380141000240141,-0.02380141000240141,Global Public Equities,Equity Index Overlay,Multi-Sector / Diversified,Equity Index Future,North America,Multi Cap,Liquid,SPY,underlying_proxy,proxy
2026-02-28,H_EWJ,H_EWJ,iShares MSCI Japan ETF,etf,long,6.7642,6.7642,6.7642,6.7642,etf,0.009224103216354054,0.009224103216354054,0.009224103216354054,Global Public Equities,Japan Equities,Multi-Sector / Diversified,Japan Equity ETF,Japan,Large Cap,Liquid,EWJ,lookthrough,lookthrough
2026-02-28,H_EWS,H_EWS,iShares MSCI Singapore ETF,etf,long,2.8783,2.8783,2.8783,2.8783,etf,0.003925037149645467,0.003925037149645467,0.003925037149645467,Global Public Equities,Southeast Asia Equities,Multi-Sector / Diversified,Southeast Asia Equity ETF,Southeast Asia,Large Cap,Liquid,EWS,lookthrough,lookthrough
2026-02-28,H_EWY,H_EWY,iShares MSCI South Korea ETF,etf,long,4.8096,4.8096,4.8096,4.8096,etf,0.006558683485020616,0.006558683485020616,0.006558683485020616,Global Public Equities,Korea Equities,Multi-Sector / Diversified,Korea Equity ETF,Korea,Large Cap,Liquid,EWY,lookthrough,lookthrough
2026-02-28,H_GLD,H_GLD,SPDR Gold Shares,etf,long,9.7674,9.7674,9.7674,9.7674,etf,0.013319462132316695,0.013319462132316695,0.013319462132316695,Hedge Funds / Absolute Return,Gold / Defensive,Commodities / Precious Metals,Gold,Global / Multi-region,Non-classifiable,Liquid,GLD,benchmark_proxy,proxy
2026-02-28,H_GMACRO,H_GMACRO,Global Macro Hedge Fund Sleeve,fund,long,17.6185,17.6185,17.6185,17.6185,fund,0.02402573290519705,0.02402573290519705,0.02402573290519705,Hedge Funds / Absolute Return,Global Macro,Multi-Strategy,Global Macro,Global / Multi-region,Non-classifiable,Semi-Liquid,GMACRO,mandate_proxy,proxy
2026-02-28,H_GOOGL,H_GOOGL,Alphabet Class A,equity,long,8.7271,8.7271,8.7271,8.7271,equity,0.011900841367706966,0.011900841367706966,0.011900841367706966,Global Public Equities,US Mega-cap Technology,Communication Services,Interactive Media,North America,Mega Cap,Liquid,GOOGL,direct,direct
2026-02-28,H_HSI_FUT,H_HSI_FUT,Hang Seng Index Tactical Long Future,future,long,2.3979,8.63244,8.63244,8.63244,signed_notional,0.003269932453578455,0.011771756832882438,0.011771756832882438,Global Public Equities,Greater China Tactical Overlay,Multi-Sector / Diversified,Equity Index Future,Greater China,Large Cap,Liquid,2800.HK,underlying_proxy,proxy
2026-02-28,H_HSTECH,H_HSTECH,Hang Seng TECH ETF-style Exposure,etf,long,9.5917,9.5917,9.5917,9.5917,etf,0.013079866180820077,0.013079866180820077,0.013079866180820077,Global Public Equities,Hong Kong / China Technology,Information Technology,Technology ETF,Greater China,Large Cap,Liquid,3067.HK,lookthrough,lookthrough
2026-02-28,H_HYG,H_HYG,iShares High Yield Corporate Bond ETF,etf,long,8.8746,8.8746,8.8746,8.8746,etf,0.012101981964438614,0.012101981964438614,0.012101981964438614,Fixed Income & Liquid Credit,High Yield Credit,Fixed Income / Credit,High Yield Credit,North America,Non-classifiable,Liquid,HYG,benchmark_proxy,proxy
2026-02-28,H_IGIB,H_IGIB,iShares 5-10 Year Investment Grade Corporate Bond ETF,etf,long,11.8329,11.8329,11.8329,11.8329,etf,0.01613611231909108,0.01613611231909108,0.01613611231909108,Fixed Income & Liquid Credit,Investment Grade Credit,Fixed Income / Credit,Investment Grade Credit,North America,Non-classifiable,Liquid,IGIB,benchmark_proxy,proxy
2026-02-28,H_INDA,H_INDA,iShares MSCI India ETF,etf,long,6.7303,6.7303,6.7303,6.7303,etf,0.009177874970732337,0.009177874970732337,0.009177874970732337,Global Public Equities,India Equities,Multi-Sector / Diversified,India Equity ETF,India,All Cap,Liquid,INDA,lookthrough,lookthrough
2026-02-28,H_JD,H_JD,JD.com ADR,equity,long,4.7959,4.7959,4.7959,4.7959,equity,0.006540001273663168,0.006540001273663168,0.006540001273663168,Global Public Equities,China E-commerce ADR,Consumer Discretionary,Broadline Retail,Greater China,Large Cap,Liquid,JD,direct,direct
2026-02-28,H_LQD,H_LQD,iShares Investment Grade Corporate Bond ETF,etf,long,7.8886,7.8886,7.8886,7.8886,etf,0.010757408212727386,0.010757408212727386,0.010757408212727386,Fixed Income & Liquid Credit,Investment Grade Credit,Fixed Income / Credit,Investment Grade Credit,North America,Non-classifiable,Liquid,LQD,benchmark_proxy,proxy
2026-02-28,H_MKTNEUT,H_MKTNEUT,Equity Market Neutral Fund Sleeve,fund,long,15.6609,15.6609,15.6609,15.6609,fund,0.02135622217867585,0.02135622217867585,0.02135622217867585,Hedge Funds / Absolute Return,Equity Market Neutral,Multi-Strategy,Equity Market Neutral,Global / Multi-region,Non-classifiable,Semi-Liquid,MKTNEUT,mandate_proxy,proxy
2026-02-28,H_MSFT,H_MSFT,Microsoft,equity,long,9.6968,9.6968,9.6968,9.6968,equity,0.01322318737889802,0.01322318737889802,0.01322318737889802,Global Public Equities,US Mega-cap Technology,Information Technology,Software,North America,Mega Cap,Liquid,MSFT,direct,direct
2026-02-28,H_NQ_SHORT,H_NQ_SHORT,Nasdaq Overlay Short Future,future,short,1.9394,-11.6364,11.6364,-11.6364,signed_notional,0.0026446920223821076,0.015868152134292643,-0.015868152134292643,Global Public Equities,Technology Overlay,Information Technology,Equity Index Future,North America,Mega Cap,Liquid,QQQ,underlying_proxy,proxy
2026-02-28,H_NVDA,H_NVDA,NVIDIA,equity,long,7.7574,7.7574,7.7574,7.7574,equity,0.01057849535651591,0.01057849535651591,0.01057849535651591,Global Public Equities,US Semiconductor Growth,Information Technology,Semiconductors,North America,Mega Cap,Liquid,NVDA,direct,direct
2026-02-28,H_PDD,H_PDD,PDD Holdings ADR,equity,long,5.755,5.755,5.755,5.755,equity,0.007847892435190795,0.007847892435190795,0.007847892435190795,Global Public Equities,China Internet ADR,Consumer Discretionary,Broadline Retail,Greater China,Large Cap,Liquid,PDD,direct,direct
2026-02-28,H_PF_APAC_LOGISTICS,H_PF_APAC_LOGISTICS,APAC Logistics Real Estate Fund,private_fund,long,7.8598,7.8598,7.8598,7.8598,private_fund,0.010718134658924867,0.010718134658924867,0.010718134658924867,Real Estate,APAC Logistics,Industrial Real Estate,APAC Logistics,Japan,Non-classifiable,Illiquid,,mandate_proxy,proxy
2026-02-28,H_PF_APEX_SECONDARIES_II,H_PF_APEX_SECONDARIES_II,Apex Secondaries Fund II,private_fund,long,19.6326,19.6326,19.6326,19.6326,private_fund,0.02677229070775444,0.02677229070775444,0.02677229070775444,Private Equity,Secondaries,Diversified / Secondaries,Secondaries,Global / Multi-region,Non-classifiable,Illiquid,,mandate_proxy,proxy
2026-02-28,H_PF_ATLAS_COINV_I,H_PF_ATLAS_COINV_I,Atlas Co-Investment Fund I,private_fund,long,21.5959,21.5959,21.5959,21.5959,private_fund,0.02944957432513239,0.02944957432513239,0.02944957432513239,Private Equity,Co-investment,Business Services,Co-investment,North America,Non-classifiable,Illiquid,,mandate_proxy,proxy
2026-02-28,H_PF_BLUE_HORIZON_III,H_PF_BLUE_HORIZON_III,Blue Horizon Ventures III,private_fund,long,17.5615,17.5615,17.5615,17.5615,private_fund,0.023948003996629563,0.023948003996629563,0.023948003996629563,Venture Capital / Growth,US Technology VC,Information Technology,US Technology VC,North America,Non-classifiable,Illiquid,,mandate_proxy,proxy
2026-02-28,H_PF_CLIMATE_ALPHA,H_PF_CLIMATE_ALPHA,Climate Alpha Fund,private_fund,long,14.6346,14.6346,14.6346,14.6346,private_fund,0.019956692724942347,0.019956692724942347,0.019956692724942347,Venture Capital / Growth,Climate Technology,Climate / Industrials,Climate Technology,Global / Multi-region,Non-classifiable,Illiquid,,mandate_proxy,proxy
2026-02-28,H_PF_COVE_SPECIALTY_FIN,H_PF_COVE_SPECIALTY_FIN,Cove Specialty Finance Fund,private_fund,long,13.7868,13.7868,13.7868,13.7868,private_fund,0.018800577484880704,0.018800577484880704,0.018800577484880704,Private Credit,Specialty Finance,Financials,Specialty Finance,North America,Non-classifiable,Illiquid,,mandate_proxy,proxy
2026-02-28,H_PF_CRESCENT_DIRECT_LEND,H_PF_CRESCENT_DIRECT_LEND,Crescent Direct Lending Fund,private_fund,long,19.6955,19.6955,19.6955,19.6955,private_fund,0.02685806524019119,0.02685806524019119,0.02685806524019119,Private Credit,Senior Direct Lending,Diversified Credit,Senior Direct Lending,North America,Non-classifiable,Illiquid,,mandate_proxy,proxy
2026-02-28,H_PF_DIGITAL_INFRA,H_PF_DIGITAL_INFRA,Horizon Digital Infrastructure Fund,private_fund,long,7.8632,7.8632,7.8632,7.8632,private_fund,0.010722771120137664,0.010722771120137664,0.010722771120137664,Infrastructure,Digital Infrastructure,Diversified,Digital Infrastructure,Global / Multi-region,Non-classifiable,Illiquid,,mandate_proxy,proxy
2026-02-28,H_PF_DRAGONBRIDGE,H_PF_DRAGONBRIDGE,DragonBridge Greater China Fund,private_fund,long,27.4857,27.4857,27.4857,27.4857,private_fund,0.037481288810759975,0.037481288810759975,0.037481288810759975,Private Equity,Asia Buyout / Greater China,Consumer / Industrials,Asia Buyout / Greater China,Greater China,Non-classifiable,Illiquid,,mandate_proxy,proxy
2026-02-28,H_PF_GLOBAL_GROWTH_II,H_PF_GLOBAL_GROWTH_II,Redwood Growth Fund II,private_fund,long,19.5127,19.5127,19.5127,19.5127,private_fund,0.026608787266750204,0.026608787266750204,0.026608787266750204,Venture Capital / Growth,Global Growth Equity,Information Technology / Consumer,Global Growth Equity,Global / Multi-region,Non-classifiable,Illiquid,,mandate_proxy,proxy
2026-02-28,H_PF_HARBOR_PEAK_V,H_PF_HARBOR_PEAK_V,Harbor Peak Partners V,private_fund,long,29.4489,29.4489,29.4489,29.4489,private_fund,0.04015843606163166,0.04015843606163166,0.04015843606163166,Private Equity,Secondaries,Diversified / Secondaries,Secondaries,Global / Multi-region,Non-classifiable,Illiquid,,mandate_proxy,proxy
2026-02-28,H_PF_HARBOUR_CORE_RE,H_PF_HARBOUR_CORE_RE,Harbour Core Real Estate Fund,private_fund,long,19.6494,19.6494,19.6494,19.6494,private_fund,0.026795200280805908,0.026795200280805908,0.026795200280805908,Real Estate,Core Real Estate,Real Estate,Core Real Estate,Global / Multi-region,Non-classifiable,Illiquid,,mandate_proxy,proxy
2026-02-28,H_PF_HOME_MULTIFAMILY,H_PF_HOME_MULTIFAMILY,HomeStone Multifamily Fund,private_fund,long,11.7897,11.7897,11.7897,11.7897,private_fund,0.016077201988387302,0.016077201988387302,0.016077201988387302,Real Estate,US Multifamily,Residential Real Estate,US Multifamily,North America,Non-classifiable,Illiquid,,mandate_proxy,proxy
2026-02-28,H_PF_INDIA_DIGITAL,H_PF_INDIA_DIGITAL,Indigo India Digital Growth Fund,private_fund,long,11.7076,11.7076,11.7076,11.7076,private_fund,0.01596524508674887,0.01596524508674887,0.01596524508674887,Venture Capital / Growth,India Digital Growth,Information Technology,India Digital Growth,India,Non-classifiable,Illiquid,,mandate_proxy,proxy
2026-02-28,H_PF_INFRA_CORE,H_PF_INFRA_CORE,Evergreen Core Infrastructure Fund,private_fund,long,11.7948,11.7948,11.7948,11.7948,private_fund,0.016084156680206498,0.016084156680206498,0.016084156680206498,Infrastructure,Core Infrastructure,Infrastructure,Core Infrastructure,Global / Multi-region,Non-classifiable,Illiquid,,mandate_proxy,proxy
2026-02-28,H_PF_LIONROCK_CREDIT,H_PF_LIONROCK_CREDIT,LionRock Asia Private Credit Fund,private_fund,long,16.2488,16.2488,16.2488,16.2488,private_fund,0.022157920868971014,0.022157920868971014,0.022157920868971014,Private Credit,Asia Private Credit,Diversified Credit,Asia Private Credit,Southeast Asia,Non-classifiable,Illiquid,,mandate_proxy,proxy
2026-02-28,H_PF_METRO_LOGISTICS,H_PF_METRO_LOGISTICS,Metro Logistics Fund,private_fund,long,12.2809,12.2809,12.2809,12.2809,private_fund,0.01674703426713026,0.01674703426713026,0.01674703426713026,Real Estate,Logistics Real Estate,Industrial Real Estate,Logistics Real Estate,Southeast Asia,Non-classifiable,Illiquid,,mandate_proxy,proxy
2026-02-28,H_PF_NORTHSTAR_IV,H_PF_NORTHSTAR_IV,Northstar Buyout Fund IV,private_fund,long,34.3571,34.3571,34.3571,34.3571,private_fund,0.0468515769218234,0.0468515769218234,0.0468515769218234,Private Equity,Buyout,Industrials,Buyout,North America,Non-classifiable,Illiquid,,mandate_proxy,proxy
2026-02-28,H_PF_RENEWABLES_II,H_PF_RENEWABLES_II,SolarBridge Renewables Fund II,private_fund,long,9.829,9.829,9.829,9.829,private_fund,0.013403463900172082,0.013403463900172082,0.013403463900172082,Infrastructure,Renewables,Utilities / Infrastructure,Renewables,Global / Multi-region,Non-classifiable,Illiquid,,mandate_proxy,proxy
2026-02-28,H_PF_SEEDSPRING_I,H_PF_SEEDSPRING_I,SeedSpring Southeast Asia VC Fund I,private_fund,long,9.7564,9.7564,9.7564,9.7564,private_fund,0.01330446181662823,0.01330446181662823,0.01330446181662823,Venture Capital / Growth,Southeast Asia VC,Information Technology / Consumer,Southeast Asia VC,Southeast Asia,Non-classifiable,Illiquid,,mandate_proxy,proxy
2026-02-28,H_PF_SPRING_OPP_CREDIT,H_PF_SPRING_OPP_CREDIT,Spring Point Opportunistic Credit Fund,private_fund,long,16.7411,16.7411,16.7411,16.7411,private_fund,0.02282925317928282,0.02282925317928282,0.02282925317928282,Private Credit,Opportunistic Credit,Special Situations Credit,Opportunistic Credit,Global / Multi-region,Non-classifiable,Illiquid,,mandate_proxy,proxy
2026-02-28,H_QAI,H_QAI,Multi-Strategy Liquid Alternatives ETF Proxy,etf,long,6.8516,6.8516,6.8516,6.8516,etf,0.009343287542824198,0.009343287542824198,0.009343287542824198,Hedge Funds / Absolute Return,Multi-Strategy Absolute Return,Multi-Strategy,Absolute Return,Global / Multi-region,Non-classifiable,Liquid,QAI,benchmark_proxy,proxy
2026-02-28,H_QQQ,H_QQQ,Invesco QQQ Trust,etf,long,23.2723,23.2723,23.2723,23.2723,etf,0.031735622436053997,0.031735622436053997,0.031735622436053997,Global Public Equities,US Technology / Growth,Information Technology,Growth / Technology ETF,North America,Mega Cap,Liquid,QQQ,lookthrough,lookthrough
2026-02-28,H_SPY,H_SPY,SPDR S&P 500 ETF,etf,long,38.7871,38.7871,38.7871,38.7871,etf,0.052892613149085825,0.052892613149085825,0.052892613149085825,Global Public Equities,US Large Cap Core,Multi-Sector / Diversified,Broad Market ETF,North America,Multi Cap,Liquid,SPY,lookthrough,lookthrough
2026-02-28,H_SPY_PUT,H_SPY_PUT,S&P 500 Protective Put Overlay,listed_option,long,1.9394,-7.7576,11.6364,-7.7576,delta_adjusted_exposure,0.0026446920223821076,0.015868152134292643,-0.01057876808952843,Global Public Equities,Options Overlay,Multi-Sector / Diversified,Equity Index Option,North America,Multi Cap,Liquid,SPY,underlying_proxy,proxy
2026-02-28,H_TLT,H_TLT,iShares 20+ Year Treasury Bond ETF,etf,long,13.805,13.805,13.805,13.805,etf,0.018825396189019794,0.018825396189019794,0.018825396189019794,Fixed Income & Liquid Credit,Long Duration Treasuries,Fixed Income / Sovereign,Government Bonds,North America,Non-classifiable,Liquid,TLT,benchmark_proxy,proxy
2026-02-28,H_VNQ,H_VNQ,US Listed REIT ETF Proxy,etf,long,5.8728,5.8728,5.8728,5.8728,etf,0.008008532179563597,0.008008532179563597,0.008008532179563597,Hedge Funds / Absolute Return,Listed Real Estate,Real Estate,REITs,North America,Mid Cap,Liquid,VNQ,lookthrough,lookthrough
2026-03-31,H_2800HK,H_2800HK,Tracker Fund of Hong Kong ETF,etf,long,11.7238,11.7238,11.7238,11.7238,etf,0.015828457849328983,0.015828457849328983,0.015828457849328983,Global Public Equities,Hong Kong Broad Market,Multi-Sector / Diversified,Hong Kong Equity ETF,Greater China,Large Cap,Liquid,2800.HK,lookthrough,lookthrough
2026-03-31,H_ACWI,H_ACWI,iShares MSCI ACWI ETF,etf,long,19.6555,19.6555,19.6555,19.6555,etf,0.026537151201614304,0.026537151201614304,0.026537151201614304,Global Public Equities,Global Equity Core,Multi-Sector / Diversified,Broad Market ETF,Global / Multi-region,Multi Cap,Liquid,ACWI,lookthrough,lookthrough
2026-03-31,H_AGG,H_AGG,iShares Core US Aggregate Bond ETF,etf,long,23.8058,23.8058,23.8058,23.8058,etf,0.032140526268748686,0.032140526268748686,0.032140526268748686,Fixed Income & Liquid Credit,US Aggregate Bonds,Fixed Income / Credit,Aggregate Bonds,North America,Non-classifiable,Liquid,AGG,benchmark_proxy,proxy
2026-03-31,H_BABA,H_BABA,Alibaba ADR,equity,long,6.8389,6.8389,6.8389,6.8389,equity,0.009233289580662923,0.009233289580662923,0.009233289580662923,Global Public Equities,China Internet ADR,Consumer Discretionary,Broadline Retail,Greater China,Large Cap,Liquid,BABA,direct,direct
2026-03-31,H_BIL,H_BIL,SPDR 1-3 Month T-Bill ETF,etf,long,7.9353,7.9353,7.9353,7.9353,etf,0.010713553760024929,0.010713553760024929,0.010713553760024929,Fixed Income & Liquid Credit,Treasury Bills,Fixed Income / Sovereign,Treasury Bills,North America,Non-classifiable,Liquid,BIL,benchmark_proxy,proxy
2026-03-31,H_BRKB,H_BRKB,Berkshire Hathaway Class B,equity,long,11.7875,11.7875,11.7875,11.7875,equity,0.015914460064054774,0.015914460064054774,0.015914460064054774,Global Public Equities,US Quality Compounder,Financials,Multi-Sector Holdings,North America,Mega Cap,Liquid,BRK.B,direct,direct
2026-03-31,H_CASH_HKD,H_CASH_HKD,HKD Working Capital,cash,long,2.3939,2.3939,2.3939,2.3939,cash,0.0032320361355114083,0.0032320361355114083,0.0032320361355114083,Cash & Liquidity,Cash Accounts,Cash,Cash,Global / Multi-region,Non-classifiable,Cash,,direct,direct
2026-03-31,H_CASH_JPY,H_CASH_JPY,JPY Treasury Buffer,cash,long,1.5959,1.5959,1.5959,1.5959,cash,0.002154645753232239,0.002154645753232239,0.002154645753232239,Cash & Liquidity,Cash Accounts,Cash,Cash,Global / Multi-region,Non-classifiable,Cash,,direct,direct
2026-03-31,H_CASH_OPS_USD,H_CASH_OPS_USD,USD Operating Cash,cash,long,11.9694,11.9694,11.9694,11.9694,cash,0.01616004566623094,0.01616004566623094,0.01616004566623094,Cash & Liquidity,Cash Accounts,Cash,Cash,Global / Multi-region,Non-classifiable,Cash,,direct,direct
2026-03-31,H_CASH_RESERVE_USD,H_CASH_RESERVE_USD,USD Liquidity Reserve,cash,long,4.4885,4.4885,4.4885,4.4885,cash,0.006059983372005078,0.006059983372005078,0.006059983372005078,Cash & Liquidity,Cash Accounts,Cash,Cash,Global / Multi-region,Non-classifiable,Cash,,direct,direct
2026-03-31,H_CASH_SGD,H_CASH_SGD,SGD Near-Term Reserve,cash,long,1.9949,1.9949,1.9949,1.9949,cash,0.002693340944371823,0.002693340944371823,0.002693340944371823,Cash & Liquidity,Cash Accounts,Cash,Cash,Global / Multi-region,Non-classifiable,Cash,,direct,direct
2026-03-31,H_CNYA,H_CNYA,iShares MSCI China A ETF,etf,long,7.8158,7.8158,7.8158,7.8158,etf,0.010552215225335254,0.010552215225335254,0.010552215225335254,Global Public Equities,China A-Shares,Multi-Sector / Diversified,China A-Shares ETF,Greater China,All Cap,Liquid,CNYA,lookthrough,lookthrough
2026-03-31,H_DBC,H_DBC,Broad Commodities ETF Proxy,etf,long,7.9038,7.9038,7.9038,7.9038,etf,0.010671025192303384,0.010671025192303384,0.010671025192303384,Hedge Funds / Absolute Return,Commodities,Commodities,Broad Commodities,Global / Multi-region,Non-classifiable,Liquid,DBC,benchmark_proxy,proxy
2026-03-31,H_DBMF,H_DBMF,Managed Futures ETF Proxy,etf,long,9.8798,9.8798,9.8798,9.8798,etf,0.013338848996042279,0.013338848996042279,0.013338848996042279,Hedge Funds / Absolute Return,Managed Futures,Multi-Strategy,Managed Futures,Global / Multi-region,Non-classifiable,Liquid,DBMF,benchmark_proxy,proxy
2026-03-31,H_EEM,H_EEM,iShares MSCI Emerging Markets ETF,etf,long,6.8794,6.8794,6.8794,6.8794,etf,0.009287969167733482,0.009287969167733482,0.009287969167733482,Global Public Equities,Emerging Markets Core,Multi-Sector / Diversified,EM Equity ETF,Global / Multi-region,All Cap,Liquid,EEM,lookthrough,lookthrough
2026-03-31,H_EMB,H_EMB,iShares Emerging Markets Bond ETF,etf,long,7.9353,7.9353,7.9353,7.9353,etf,0.010713553760024929,0.010713553760024929,0.010713553760024929,Fixed Income & Liquid Credit,EM Sovereign / Credit,Fixed Income / Credit,EM Debt,Global / Multi-region,Non-classifiable,Liquid,EMB,benchmark_proxy,proxy
2026-03-31,H_ES_SHORT,H_ES_SHORT,S&P 500 Overlay Short Future,future,short,2.9469,-17.6814,17.6814,-17.6814,signed_notional,0.003978648768845219,0.02387189261307131,-0.02387189261307131,Global Public Equities,Equity Index Overlay,Multi-Sector / Diversified,Equity Index Future,North America,Multi Cap,Liquid,SPY,underlying_proxy,proxy
2026-03-31,H_EWJ,H_EWJ,iShares MSCI Japan ETF,etf,long,6.8703,6.8703,6.8703,6.8703,etf,0.009275683137058368,0.009275683137058368,0.009275683137058368,Global Public Equities,Japan Equities,Multi-Sector / Diversified,Japan Equity ETF,Japan,Large Cap,Liquid,EWJ,lookthrough,lookthrough
2026-03-31,H_EWS,H_EWS,iShares MSCI Singapore ETF,etf,long,2.9354,2.9354,2.9354,2.9354,etf,0.003963122466343702,0.003963122466343702,0.003963122466343702,Global Public Equities,Southeast Asia Equities,Multi-Sector / Diversified,Southeast Asia Equity ETF,Southeast Asia,Large Cap,Liquid,EWS,lookthrough,lookthrough
2026-03-31,H_EWY,H_EWY,iShares MSCI South Korea ETF,etf,long,4.8961,4.8961,4.8961,4.8961,etf,0.006610289537189275,0.006610289537189275,0.006610289537189275,Global Public Equities,Korea Equities,Multi-Sector / Diversified,Korea Equity ETF,Korea,Large Cap,Liquid,EWY,lookthrough,lookthrough
2026-03-31,H_GLD,H_GLD,SPDR Gold Shares,etf,long,9.8622,9.8622,9.8622,9.8622,etf,0.013315087002648652,0.013315087002648652,0.013315087002648652,Hedge Funds / Absolute Return,Gold / Defensive,Commodities / Precious Metals,Gold,Global / Multi-region,Non-classifiable,Liquid,GLD,benchmark_proxy,proxy
2026-03-31,H_GMACRO,H_GMACRO,Global Macro Hedge Fund Sleeve,fund,long,17.7836,17.7836,17.7836,17.7836,fund,0.024009874188345662,0.024009874188345662,0.024009874188345662,Hedge Funds / Absolute Return,Global Macro,Multi-Strategy,Global Macro,Global / Multi-region,Non-classifiable,Semi-Liquid,GMACRO,mandate_proxy,proxy
2026-03-31,H_GOOGL,H_GOOGL,Alphabet Class A,equity,long,8.8406,8.8406,8.8406,8.8406,equity,0.011935811295209556,0.011935811295209556,0.011935811295209556,Global Public Equities,US Mega-cap Technology,Communication Services,Interactive Media,North America,Mega Cap,Liquid,GOOGL,direct,direct
2026-03-31,H_HSI_FUT,H_HSI_FUT,Hang Seng Index Tactical Long Future,future,long,2.4424,8.79264,8.79264,8.79264,signed_notional,0.0032975166286699793,0.011871059863211925,0.011871059863211925,Global Public Equities,Greater China Tactical Overlay,Multi-Sector / Diversified,Equity Index Future,Greater China,Large Cap,Liquid,2800.HK,underlying_proxy,proxy
2026-03-31,H_HSTECH,H_HSTECH,Hang Seng TECH ETF-style Exposure,etf,long,9.7698,9.7698,9.7698,9.7698,etf,0.013190336537332117,0.013190336537332117,0.013190336537332117,Global Public Equities,Hong Kong / China Technology,Information Technology,Technology ETF,Greater China,Large Cap,Liquid,3067.HK,lookthrough,lookthrough
2026-03-31,H_HYG,H_HYG,iShares High Yield Corporate Bond ETF,etf,long,8.9272,8.9272,8.9272,8.9272,etf,0.01205273110361228,0.01205273110361228,0.01205273110361228,Fixed Income & Liquid Credit,High Yield Credit,Fixed Income / Credit,High Yield Credit,North America,Non-classifiable,Liquid,HYG,benchmark_proxy,proxy
2026-03-31,H_IGIB,H_IGIB,iShares 5-10 Year Investment Grade Corporate Bond ETF,etf,long,11.9029,11.9029,11.9029,11.9029,etf,0.016070263134374343,0.016070263134374343,0.016070263134374343,Fixed Income & Liquid Credit,Investment Grade Credit,Fixed Income / Credit,Investment Grade Credit,North America,Non-classifiable,Liquid,IGIB,benchmark_proxy,proxy
2026-03-31,H_INDA,H_INDA,iShares MSCI India ETF,etf,long,6.8452,6.8452,6.8452,6.8452,etf,0.009241795294207232,0.009241795294207232,0.009241795294207232,Global Public Equities,India Equities,Multi-Sector / Diversified,India Equity ETF,India,All Cap,Liquid,INDA,lookthrough,lookthrough
2026-03-31,H_JD,H_JD,JD.com ADR,equity,long,4.8849,4.8849,4.8849,4.8849,equity,0.006595168268666058,0.006595168268666058,0.006595168268666058,Global Public Equities,China E-commerce ADR,Consumer Discretionary,Broadline Retail,Greater China,Large Cap,Liquid,JD,direct,direct
2026-03-31,H_LQD,H_LQD,iShares Investment Grade Corporate Bond ETF,etf,long,7.9353,7.9353,7.9353,7.9353,etf,0.010713553760024929,0.010713553760024929,0.010713553760024929,Fixed Income & Liquid Credit,Investment Grade Credit,Fixed Income / Credit,Investment Grade Credit,North America,Non-classifiable,Liquid,LQD,benchmark_proxy,proxy
2026-03-31,H_MKTNEUT,H_MKTNEUT,Equity Market Neutral Fund Sleeve,fund,long,15.8077,15.8077,15.8077,15.8077,fund,0.021342185395932866,0.021342185395932866,0.021342185395932866,Hedge Funds / Absolute Return,Equity Market Neutral,Multi-Strategy,Equity Market Neutral,Global / Multi-region,Non-classifiable,Semi-Liquid,MKTNEUT,mandate_proxy,proxy
2026-03-31,H_MSFT,H_MSFT,Microsoft,equity,long,9.8229,9.8229,9.8229,9.8229,equity,0.013262027551491296,0.013262027551491296,0.013262027551491296,Global Public Equities,US Mega-cap Technology,Information Technology,Software,North America,Mega Cap,Liquid,MSFT,direct,direct
2026-03-31,H_NQ_SHORT,H_NQ_SHORT,Nasdaq Overlay Short Future,future,short,1.9646,-11.7876,11.7876,-11.7876,signed_notional,0.0026524325125634788,0.015914595075380875,-0.015914595075380875,Global Public Equities,Technology Overlay,Information Technology,Equity Index Future,North America,Mega Cap,Liquid,QQQ,underlying_proxy,proxy
2026-03-31,H_NVDA,H_NVDA,NVIDIA,equity,long,7.8583,7.8583,7.8583,7.8583,equity,0.010609595038927815,0.010609595038927815,0.010609595038927815,Global Public Equities,US Semiconductor Growth,Information Technology,Semiconductors,North America,Mega Cap,Liquid,NVDA,direct,direct
2026-03-31,H_PDD,H_PDD,PDD Holdings ADR,equity,long,5.8619,5.8619,5.8619,5.8619,equity,0.007914228924664491,0.007914228924664491,0.007914228924664491,Global Public Equities,China Internet ADR,Consumer Discretionary,Broadline Retail,Greater China,Large Cap,Liquid,PDD,direct,direct
2026-03-31,H_PF_APAC_LOGISTICS,H_PF_APAC_LOGISTICS,APAC Logistics Real Estate Fund,private_fund,long,7.9266,7.9266,7.9266,7.9266,private_fund,0.010701807774654216,0.010701807774654216,0.010701807774654216,Real Estate,APAC Logistics,Industrial Real Estate,APAC Logistics,Japan,Non-classifiable,Illiquid,,mandate_proxy,proxy
2026-03-31,H_PF_APEX_SECONDARIES_II,H_PF_APEX_SECONDARIES_II,Apex Secondaries Fund II,private_fund,long,19.7982,19.7982,19.7982,19.7982,private_fund,0.026729812363959216,0.026729812363959216,0.026729812363959216,Private Equity,Secondaries,Diversified / Secondaries,Secondaries,Global / Multi-region,Non-classifiable,Illiquid,,mandate_proxy,proxy
2026-03-31,H_PF_ATLAS_COINV_I,H_PF_ATLAS_COINV_I,Atlas Co-Investment Fund I,private_fund,long,21.778,21.778,21.778,21.778,private_fund,0.029402766598089915,0.029402766598089915,0.029402766598089915,Private Equity,Co-investment,Business Services,Co-investment,North America,Non-classifiable,Illiquid,,mandate_proxy,proxy
2026-03-31,H_PF_BLUE_HORIZON_III,H_PF_BLUE_HORIZON_III,Blue Horizon Ventures III,private_fund,long,17.7609,17.7609,17.7609,17.7609,private_fund,0.023979226617320926,0.023979226617320926,0.023979226617320926,Venture Capital / Growth,US Technology VC,Information Technology,US Technology VC,North America,Non-classifiable,Illiquid,,mandate_proxy,proxy
2026-03-31,H_PF_CLIMATE_ALPHA,H_PF_CLIMATE_ALPHA,Climate Alpha Fund,private_fund,long,14.8007,14.8007,14.8007,14.8007,private_fund,0.019982621342104392,0.019982621342104392,0.019982621342104392,Venture Capital / Growth,Climate Technology,Climate / Industrials,Climate Technology,Global / Multi-region,Non-classifiable,Illiquid,,mandate_proxy,proxy
2026-03-31,H_PF_COVE_SPECIALTY_FIN,H_PF_COVE_SPECIALTY_FIN,Cove Specialty Finance Fund,private_fund,long,13.888,13.888,13.888,13.888,private_fund,0.018750372968788353,0.018750372968788353,0.018750372968788353,Private Credit,Specialty Finance,Financials,Specialty Finance,North America,Non-classifiable,Illiquid,,mandate_proxy,proxy
2026-03-31,H_PF_CRESCENT_DIRECT_LEND,H_PF_CRESCENT_DIRECT_LEND,Crescent Direct Lending Fund,private_fund,long,19.84,19.84,19.84,19.84,private_fund,0.026786247098269076,0.026786247098269076,0.026786247098269076,Private Credit,Senior Direct Lending,Diversified Credit,Senior Direct Lending,North America,Non-classifiable,Illiquid,,mandate_proxy,proxy
2026-03-31,H_PF_DIGITAL_INFRA,H_PF_DIGITAL_INFRA,Horizon Digital Infrastructure Fund,private_fund,long,7.9296,7.9296,7.9296,7.9296,private_fund,0.01070585811443722,0.01070585811443722,0.01070585811443722,Infrastructure,Digital Infrastructure,Diversified,Digital Infrastructure,Global / Multi-region,Non-classifiable,Illiquid,,mandate_proxy,proxy
2026-03-31,H_PF_DRAGONBRIDGE,H_PF_DRAGONBRIDGE,DragonBridge Greater China Fund,private_fund,long,27.7174,27.7174,27.7174,27.7174,private_fund,0.03742162930048202,0.03742162930048202,0.03742162930048202,Private Equity,Asia Buyout / Greater China,Consumer / Industrials,Asia Buyout / Greater China,Greater China,Non-classifiable,Illiquid,,mandate_proxy,proxy
2026-03-31,H_PF_GLOBAL_GROWTH_II,H_PF_GLOBAL_GROWTH_II,Redwood Growth Fund II,private_fund,long,19.7343,19.7343,19.7343,19.7343,private_fund,0.02664354012658122,0.02664354012658122,0.02664354012658122,Venture Capital / Growth,Global Growth Equity,Information Technology / Consumer,Global Growth Equity,Global / Multi-region,Non-classifiable,Illiquid,,mandate_proxy,proxy
2026-03-31,H_PF_HARBOR_PEAK_V,H_PF_HARBOR_PEAK_V,Harbor Peak Partners V,private_fund,long,29.6973,29.6973,29.6973,29.6973,private_fund,0.040094718545938816,0.040094718545938816,0.040094718545938816,Private Equity,Secondaries,Diversified / Secondaries,Secondaries,Global / Multi-region,Non-classifiable,Illiquid,,mandate_proxy,proxy
2026-03-31,H_PF_HARBOUR_CORE_RE,H_PF_HARBOUR_CORE_RE,Harbour Core Real Estate Fund,private_fund,long,19.8164,19.8164,19.8164,19.8164,private_fund,0.026754384425309443,0.026754384425309443,0.026754384425309443,Real Estate,Core Real Estate,Real Estate,Core Real Estate,Global / Multi-region,Non-classifiable,Illiquid,,mandate_proxy,proxy
2026-03-31,H_PF_HOME_MULTIFAMILY,H_PF_HOME_MULTIFAMILY,HomeStone Multifamily Fund,private_fund,long,11.8898,11.8898,11.8898,11.8898,private_fund,0.016052576650655223,0.016052576650655223,0.016052576650655223,Real Estate,US Multifamily,Residential Real Estate,US Multifamily,North America,Non-classifiable,Illiquid,,mandate_proxy,proxy
2026-03-31,H_PF_INDIA_DIGITAL,H_PF_INDIA_DIGITAL,Indigo India Digital Growth Fund,private_fund,long,11.8406,11.8406,11.8406,11.8406,private_fund,0.015986151078213953,0.015986151078213953,0.015986151078213953,Venture Capital / Growth,India Digital Growth,Information Technology,India Digital Growth,India,Non-classifiable,Illiquid,,mandate_proxy,proxy
2026-03-31,H_PF_INFRA_CORE,H_PF_INFRA_CORE,Evergreen Core Infrastructure Fund,private_fund,long,11.8944,11.8944,11.8944,11.8944,private_fund,0.01605878717165583,0.01605878717165583,0.01605878717165583,Infrastructure,Core Infrastructure,Infrastructure,Core Infrastructure,Global / Multi-region,Non-classifiable,Illiquid,,mandate_proxy,proxy
2026-03-31,H_PF_LIONROCK_CREDIT,H_PF_LIONROCK_CREDIT,LionRock Asia Private Credit Fund,private_fund,long,16.368,16.368,16.368,16.368,private_fund,0.022098653856071983,0.022098653856071983,0.022098653856071983,Private Credit,Asia Private Credit,Diversified Credit,Asia Private Credit,Southeast Asia,Non-classifiable,Illiquid,,mandate_proxy,proxy
2026-03-31,H_PF_METRO_LOGISTICS,H_PF_METRO_LOGISTICS,Metro Logistics Fund,private_fund,long,12.3853,12.3853,12.3853,12.3853,private_fund,0.016721557771481453,0.016721557771481453,0.016721557771481453,Real Estate,Logistics Real Estate,Industrial Real Estate,Logistics Real Estate,Southeast Asia,Non-classifiable,Illiquid,,mandate_proxy,proxy
2026-03-31,H_PF_NORTHSTAR_IV,H_PF_NORTHSTAR_IV,Northstar Buyout Fund IV,private_fund,long,34.6468,34.6468,34.6468,34.6468,private_fund,0.046777104131265575,0.046777104131265575,0.046777104131265575,Private Equity,Buyout,Industrials,Buyout,North America,Non-classifiable,Illiquid,,mandate_proxy,proxy
2026-03-31,H_PF_RENEWABLES_II,H_PF_RENEWABLES_II,SolarBridge Renewables Fund II,private_fund,long,9.912,9.912,9.912,9.912,private_fund,0.013382322643046528,0.013382322643046528,0.013382322643046528,Infrastructure,Renewables,Utilities / Infrastructure,Renewables,Global / Multi-region,Non-classifiable,Illiquid,,mandate_proxy,proxy
2026-03-31,H_PF_SEEDSPRING_I,H_PF_SEEDSPRING_I,SeedSpring Southeast Asia VC Fund I,private_fund,long,9.8671,9.8671,9.8671,9.8671,private_fund,0.013321702557627562,0.013321702557627562,0.013321702557627562,Venture Capital / Growth,Southeast Asia VC,Information Technology / Consumer,Southeast Asia VC,Southeast Asia,Non-classifiable,Illiquid,,mandate_proxy,proxy
2026-03-31,H_PF_SPRING_OPP_CREDIT,H_PF_SPRING_OPP_CREDIT,Spring Point Opportunistic Credit Fund,private_fund,long,16.864,16.864,16.864,16.864,private_fund,0.022768310033528714,0.022768310033528714,0.022768310033528714,Private Credit,Opportunistic Credit,Special Situations Credit,Opportunistic Credit,Global / Multi-region,Non-classifiable,Illiquid,,mandate_proxy,proxy
2026-03-31,H_QAI,H_QAI,Multi-Strategy Liquid Alternatives ETF Proxy,etf,long,6.9159,6.9159,6.9159,6.9159,etf,0.009337248301760035,0.009337248301760035,0.009337248301760035,Hedge Funds / Absolute Return,Multi-Strategy Absolute Return,Multi-Strategy,Absolute Return,Global / Multi-region,Non-classifiable,Liquid,QAI,benchmark_proxy,proxy
2026-03-31,H_QQQ,H_QQQ,Invesco QQQ Trust,etf,long,23.5749,23.5749,23.5749,23.5749,etf,0.03182878511678345,0.03182878511678345,0.03182878511678345,Global Public Equities,US Technology / Growth,Information Technology,Growth / Technology ETF,North America,Mega Cap,Liquid,QQQ,lookthrough,lookthrough
2026-03-31,H_SPY,H_SPY,SPDR S&P 500 ETF,etf,long,39.2915,39.2915,39.2915,39.2915,etf,0.05304797519463908,0.05304797519463908,0.05304797519463908,Global Public Equities,US Large Cap Core,Multi-Sector / Diversified,Broad Market ETF,North America,Multi Cap,Liquid,SPY,lookthrough,lookthrough
2026-03-31,H_SPY_PUT,H_SPY_PUT,S&P 500 Protective Put Overlay,listed_option,long,1.9646,-7.8584,11.7876,-7.8584,delta_adjusted_exposure,0.0026524325125634788,0.015914595075380875,-0.010609730050253915,Global Public Equities,Options Overlay,Multi-Sector / Diversified,Equity Index Option,North America,Multi Cap,Liquid,SPY,underlying_proxy,proxy
2026-03-31,H_TLT,H_TLT,iShares 20+ Year Treasury Bond ETF,etf,long,13.8867,13.8867,13.8867,13.8867,etf,0.01874861782154905,0.01874861782154905,0.01874861782154905,Fixed Income & Liquid Credit,Long Duration Treasuries,Fixed Income / Sovereign,Government Bonds,North America,Non-classifiable,Liquid,TLT,benchmark_proxy,proxy
2026-03-31,H_VNQ,H_VNQ,US Listed REIT ETF Proxy,etf,long,5.9279,5.9279,5.9279,5.9279,etf,0.008003336399890587,0.008003336399890587,0.008003336399890587,Hedge Funds / Absolute Return,Listed Real Estate,Real Estate,REITs,North America,Mid Cap,Liquid,VNQ,lookthrough,lookthrough
2026-04-30,H_2800HK,H_2800HK,Tracker Fund of Hong Kong ETF,etf,long,12.0,12.0,12.0,12.0,etf,0.016,0.016,0.016,Global Public Equities,Hong Kong Broad Market,Multi-Sector / Diversified,Hong Kong Equity ETF,Greater China,Large Cap,Liquid,2800.HK,lookthrough,lookthrough
2026-04-30,H_ACWI,H_ACWI,iShares MSCI ACWI ETF,etf,long,20.0,20.0,20.0,20.0,etf,0.02666666666666667,0.02666666666666667,0.02666666666666667,Global Public Equities,Global Equity Core,Multi-Sector / Diversified,Broad Market ETF,Global / Multi-region,Multi Cap,Liquid,ACWI,lookthrough,lookthrough
2026-04-30,H_AGG,H_AGG,iShares Core US Aggregate Bond ETF,etf,long,24.0,24.0,24.0,24.0,etf,0.032,0.032,0.032,Fixed Income & Liquid Credit,US Aggregate Bonds,Fixed Income / Credit,Aggregate Bonds,North America,Non-classifiable,Liquid,AGG,benchmark_proxy,proxy
2026-04-30,H_BABA,H_BABA,Alibaba ADR,equity,long,7.0,7.0,7.0,7.0,equity,0.009333333333333334,0.009333333333333334,0.009333333333333334,Global Public Equities,China Internet ADR,Consumer Discretionary,Broadline Retail,Greater China,Large Cap,Liquid,BABA,direct,direct
2026-04-30,H_BIL,H_BIL,SPDR 1-3 Month T-Bill ETF,etf,long,8.0,8.0,8.0,8.0,etf,0.010666666666666666,0.010666666666666666,0.010666666666666666,Fixed Income & Liquid Credit,Treasury Bills,Fixed Income / Sovereign,Treasury Bills,North America,Non-classifiable,Liquid,BIL,benchmark_proxy,proxy
2026-04-30,H_BRKB,H_BRKB,Berkshire Hathaway Class B,equity,long,12.0,12.0,12.0,12.0,equity,0.016,0.016,0.016,Global Public Equities,US Quality Compounder,Financials,Multi-Sector Holdings,North America,Mega Cap,Liquid,BRK.B,direct,direct
2026-04-30,H_CASH_HKD,H_CASH_HKD,HKD Working Capital,cash,long,2.4,2.4,2.4,2.4,cash,0.0031999999999999997,0.0031999999999999997,0.0031999999999999997,Cash & Liquidity,Cash Accounts,Cash,Cash,Global / Multi-region,Non-classifiable,Cash,,direct,direct
2026-04-30,H_CASH_JPY,H_CASH_JPY,JPY Treasury Buffer,cash,long,1.6,1.6,1.6,1.6,cash,0.0021333333333333334,0.0021333333333333334,0.0021333333333333334,Cash & Liquidity,Cash Accounts,Cash,Cash,Global / Multi-region,Non-classifiable,Cash,,direct,direct
2026-04-30,H_CASH_OPS_USD,H_CASH_OPS_USD,USD Operating Cash,cash,long,12.0,12.0,12.0,12.0,cash,0.016,0.016,0.016,Cash & Liquidity,Cash Accounts,Cash,Cash,Global / Multi-region,Non-classifiable,Cash,,direct,direct
2026-04-30,H_CASH_RESERVE_USD,H_CASH_RESERVE_USD,USD Liquidity Reserve,cash,long,4.5,4.5,4.5,4.5,cash,0.006,0.006,0.006,Cash & Liquidity,Cash Accounts,Cash,Cash,Global / Multi-region,Non-classifiable,Cash,,direct,direct
2026-04-30,H_CASH_SGD,H_CASH_SGD,SGD Near-Term Reserve,cash,long,2.0,2.0,2.0,2.0,cash,0.0026666666666666666,0.0026666666666666666,0.0026666666666666666,Cash & Liquidity,Cash Accounts,Cash,Cash,Global / Multi-region,Non-classifiable,Cash,,direct,direct
2026-04-30,H_CNYA,H_CNYA,iShares MSCI China A ETF,etf,long,8.0,8.0,8.0,8.0,etf,0.010666666666666666,0.010666666666666666,0.010666666666666666,Global Public Equities,China A-Shares,Multi-Sector / Diversified,China A-Shares ETF,Greater China,All Cap,Liquid,CNYA,lookthrough,lookthrough
2026-04-30,H_DBC,H_DBC,Broad Commodities ETF Proxy,etf,long,8.0,8.0,8.0,8.0,etf,0.010666666666666666,0.010666666666666666,0.010666666666666666,Hedge Funds / Absolute Return,Commodities,Commodities,Broad Commodities,Global / Multi-region,Non-classifiable,Liquid,DBC,benchmark_proxy,proxy
2026-04-30,H_DBMF,H_DBMF,Managed Futures ETF Proxy,etf,long,10.0,10.0,10.0,10.0,etf,0.013333333333333334,0.013333333333333334,0.013333333333333334,Hedge Funds / Absolute Return,Managed Futures,Multi-Strategy,Managed Futures,Global / Multi-region,Non-classifiable,Liquid,DBMF,benchmark_proxy,proxy
2026-04-30,H_EEM,H_EEM,iShares MSCI Emerging Markets ETF,etf,long,7.0,7.0,7.0,7.0,etf,0.009333333333333334,0.009333333333333334,0.009333333333333334,Global Public Equities,Emerging Markets Core,Multi-Sector / Diversified,EM Equity ETF,Global / Multi-region,All Cap,Liquid,EEM,lookthrough,lookthrough
2026-04-30,H_EMB,H_EMB,iShares Emerging Markets Bond ETF,etf,long,8.0,8.0,8.0,8.0,etf,0.010666666666666666,0.010666666666666666,0.010666666666666666,Fixed Income & Liquid Credit,EM Sovereign / Credit,Fixed Income / Credit,EM Debt,Global / Multi-region,Non-classifiable,Liquid,EMB,benchmark_proxy,proxy
2026-04-30,H_ES_SHORT,H_ES_SHORT,S&P 500 Overlay Short Future,future,short,3.0,-18.0,18.0,-18.0,signed_notional,0.004,0.024,-0.024,Global Public Equities,Equity Index Overlay,Multi-Sector / Diversified,Equity Index Future,North America,Multi Cap,Liquid,SPY,underlying_proxy,proxy
2026-04-30,H_EWJ,H_EWJ,iShares MSCI Japan ETF,etf,long,7.0,7.0,7.0,7.0,etf,0.009333333333333334,0.009333333333333334,0.009333333333333334,Global Public Equities,Japan Equities,Multi-Sector / Diversified,Japan Equity ETF,Japan,Large Cap,Liquid,EWJ,lookthrough,lookthrough
2026-04-30,H_EWS,H_EWS,iShares MSCI Singapore ETF,etf,long,3.0,3.0,3.0,3.0,etf,0.004,0.004,0.004,Global Public Equities,Southeast Asia Equities,Multi-Sector / Diversified,Southeast Asia Equity ETF,Southeast Asia,Large Cap,Liquid,EWS,lookthrough,lookthrough
2026-04-30,H_EWY,H_EWY,iShares MSCI South Korea ETF,etf,long,5.0,5.0,5.0,5.0,etf,0.006666666666666667,0.006666666666666667,0.006666666666666667,Global Public Equities,Korea Equities,Multi-Sector / Diversified,Korea Equity ETF,Korea,Large Cap,Liquid,EWY,lookthrough,lookthrough
2026-04-30,H_GLD,H_GLD,SPDR Gold Shares,etf,long,10.0,10.0,10.0,10.0,etf,0.013333333333333334,0.013333333333333334,0.013333333333333334,Hedge Funds / Absolute Return,Gold / Defensive,Commodities / Precious Metals,Gold,Global / Multi-region,Non-classifiable,Liquid,GLD,benchmark_proxy,proxy
2026-04-30,H_GMACRO,H_GMACRO,Global Macro Hedge Fund Sleeve,fund,long,18.0,18.0,18.0,18.0,fund,0.024,0.024,0.024,Hedge Funds / Absolute Return,Global Macro,Multi-Strategy,Global Macro,Global / Multi-region,Non-classifiable,Semi-Liquid,GMACRO,mandate_proxy,proxy
2026-04-30,H_GOOGL,H_GOOGL,Alphabet Class A,equity,long,9.0,9.0,9.0,9.0,equity,0.012,0.012,0.012,Global Public Equities,US Mega-cap Technology,Communication Services,Interactive Media,North America,Mega Cap,Liquid,GOOGL,direct,direct
2026-04-30,H_HSI_FUT,H_HSI_FUT,Hang Seng Index Tactical Long Future,future,long,2.5,9.0,9.0,9.0,signed_notional,0.0033333333333333335,0.012,0.012,Global Public Equities,Greater China Tactical Overlay,Multi-Sector / Diversified,Equity Index Future,Greater China,Large Cap,Liquid,2800.HK,underlying_proxy,proxy
2026-04-30,H_HSTECH,H_HSTECH,Hang Seng TECH ETF-style Exposure,etf,long,10.0,10.0,10.0,10.0,etf,0.013333333333333334,0.013333333333333334,0.013333333333333334,Global Public Equities,Hong Kong / China Technology,Information Technology,Technology ETF,Greater China,Large Cap,Liquid,3067.HK,lookthrough,lookthrough
2026-04-30,H_HYG,H_HYG,iShares High Yield Corporate Bond ETF,etf,long,9.0,9.0,9.0,9.0,etf,0.012,0.012,0.012,Fixed Income & Liquid Credit,High Yield Credit,Fixed Income / Credit,High Yield Credit,North America,Non-classifiable,Liquid,HYG,benchmark_proxy,proxy
2026-04-30,H_IGIB,H_IGIB,iShares 5-10 Year Investment Grade Corporate Bond ETF,etf,long,12.0,12.0,12.0,12.0,etf,0.016,0.016,0.016,Fixed Income & Liquid Credit,Investment Grade Credit,Fixed Income / Credit,Investment Grade Credit,North America,Non-classifiable,Liquid,IGIB,benchmark_proxy,proxy
2026-04-30,H_INDA,H_INDA,iShares MSCI India ETF,etf,long,7.0,7.0,7.0,7.0,etf,0.009333333333333334,0.009333333333333334,0.009333333333333334,Global Public Equities,India Equities,Multi-Sector / Diversified,India Equity ETF,India,All Cap,Liquid,INDA,lookthrough,lookthrough
2026-04-30,H_JD,H_JD,JD.com ADR,equity,long,5.0,5.0,5.0,5.0,equity,0.006666666666666667,0.006666666666666667,0.006666666666666667,Global Public Equities,China E-commerce ADR,Consumer Discretionary,Broadline Retail,Greater China,Large Cap,Liquid,JD,direct,direct
2026-04-30,H_LQD,H_LQD,iShares Investment Grade Corporate Bond ETF,etf,long,8.0,8.0,8.0,8.0,etf,0.010666666666666666,0.010666666666666666,0.010666666666666666,Fixed Income & Liquid Credit,Investment Grade Credit,Fixed Income / Credit,Investment Grade Credit,North America,Non-classifiable,Liquid,LQD,benchmark_proxy,proxy
2026-04-30,H_MKTNEUT,H_MKTNEUT,Equity Market Neutral Fund Sleeve,fund,long,16.0,16.0,16.0,16.0,fund,0.021333333333333333,0.021333333333333333,0.021333333333333333,Hedge Funds / Absolute Return,Equity Market Neutral,Multi-Strategy,Equity Market Neutral,Global / Multi-region,Non-classifiable,Semi-Liquid,MKTNEUT,mandate_proxy,proxy
2026-04-30,H_MSFT,H_MSFT,Microsoft,equity,long,10.0,10.0,10.0,10.0,equity,0.013333333333333334,0.013333333333333334,0.013333333333333334,Global Public Equities,US Mega-cap Technology,Information Technology,Software,North America,Mega Cap,Liquid,MSFT,direct,direct
2026-04-30,H_NQ_SHORT,H_NQ_SHORT,Nasdaq Overlay Short Future,future,short,2.0,-12.0,12.0,-12.0,signed_notional,0.0026666666666666666,0.016,-0.016,Global Public Equities,Technology Overlay,Information Technology,Equity Index Future,North America,Mega Cap,Liquid,QQQ,underlying_proxy,proxy
2026-04-30,H_NVDA,H_NVDA,NVIDIA,equity,long,8.0,8.0,8.0,8.0,equity,0.010666666666666666,0.010666666666666666,0.010666666666666666,Global Public Equities,US Semiconductor Growth,Information Technology,Semiconductors,North America,Mega Cap,Liquid,NVDA,direct,direct
2026-04-30,H_PDD,H_PDD,PDD Holdings ADR,equity,long,6.0,6.0,6.0,6.0,equity,0.008,0.008,0.008,Global Public Equities,China Internet ADR,Consumer Discretionary,Broadline Retail,Greater China,Large Cap,Liquid,PDD,direct,direct
2026-04-30,H_PF_APAC_LOGISTICS,H_PF_APAC_LOGISTICS,APAC Logistics Real Estate Fund,private_fund,long,8.0,8.0,8.0,8.0,private_fund,0.010666666666666666,0.010666666666666666,0.010666666666666666,Real Estate,APAC Logistics,Industrial Real Estate,APAC Logistics,Japan,Non-classifiable,Illiquid,,mandate_proxy,proxy
2026-04-30,H_PF_APEX_SECONDARIES_II,H_PF_APEX_SECONDARIES_II,Apex Secondaries Fund II,private_fund,long,20.0,20.0,20.0,20.0,private_fund,0.02666666666666667,0.02666666666666667,0.02666666666666667,Private Equity,Secondaries,Diversified / Secondaries,Secondaries,Global / Multi-region,Non-classifiable,Illiquid,,mandate_proxy,proxy
2026-04-30,H_PF_ATLAS_COINV_I,H_PF_ATLAS_COINV_I,Atlas Co-Investment Fund I,private_fund,long,22.0,22.0,22.0,22.0,private_fund,0.029333333333333333,0.029333333333333333,0.029333333333333333,Private Equity,Co-investment,Business Services,Co-investment,North America,Non-classifiable,Illiquid,,mandate_proxy,proxy
2026-04-30,H_PF_BLUE_HORIZON_III,H_PF_BLUE_HORIZON_III,Blue Horizon Ventures III,private_fund,long,18.0,18.0,18.0,18.0,private_fund,0.024,0.024,0.024,Venture Capital / Growth,US Technology VC,Information Technology,US Technology VC,North America,Non-classifiable,Illiquid,,mandate_proxy,proxy
2026-04-30,H_PF_CLIMATE_ALPHA,H_PF_CLIMATE_ALPHA,Climate Alpha Fund,private_fund,long,15.0,15.0,15.0,15.0,private_fund,0.02,0.02,0.02,Venture Capital / Growth,Climate Technology,Climate / Industrials,Climate Technology,Global / Multi-region,Non-classifiable,Illiquid,,mandate_proxy,proxy
2026-04-30,H_PF_COVE_SPECIALTY_FIN,H_PF_COVE_SPECIALTY_FIN,Cove Specialty Finance Fund,private_fund,long,14.0,14.0,14.0,14.0,private_fund,0.018666666666666668,0.018666666666666668,0.018666666666666668,Private Credit,Specialty Finance,Financials,Specialty Finance,North America,Non-classifiable,Illiquid,,mandate_proxy,proxy
2026-04-30,H_PF_CRESCENT_DIRECT_LEND,H_PF_CRESCENT_DIRECT_LEND,Crescent Direct Lending Fund,private_fund,long,20.0,20.0,20.0,20.0,private_fund,0.02666666666666667,0.02666666666666667,0.02666666666666667,Private Credit,Senior Direct Lending,Diversified Credit,Senior Direct Lending,North America,Non-classifiable,Illiquid,,mandate_proxy,proxy
2026-04-30,H_PF_DIGITAL_INFRA,H_PF_DIGITAL_INFRA,Horizon Digital Infrastructure Fund,private_fund,long,8.0,8.0,8.0,8.0,private_fund,0.010666666666666666,0.010666666666666666,0.010666666666666666,Infrastructure,Digital Infrastructure,Diversified,Digital Infrastructure,Global / Multi-region,Non-classifiable,Illiquid,,mandate_proxy,proxy
2026-04-30,H_PF_DRAGONBRIDGE,H_PF_DRAGONBRIDGE,DragonBridge Greater China Fund,private_fund,long,28.0,28.0,28.0,28.0,private_fund,0.037333333333333336,0.037333333333333336,0.037333333333333336,Private Equity,Asia Buyout / Greater China,Consumer / Industrials,Asia Buyout / Greater China,Greater China,Non-classifiable,Illiquid,,mandate_proxy,proxy
2026-04-30,H_PF_GLOBAL_GROWTH_II,H_PF_GLOBAL_GROWTH_II,Redwood Growth Fund II,private_fund,long,20.0,20.0,20.0,20.0,private_fund,0.02666666666666667,0.02666666666666667,0.02666666666666667,Venture Capital / Growth,Global Growth Equity,Information Technology / Consumer,Global Growth Equity,Global / Multi-region,Non-classifiable,Illiquid,,mandate_proxy,proxy
2026-04-30,H_PF_HARBOR_PEAK_V,H_PF_HARBOR_PEAK_V,Harbor Peak Partners V,private_fund,long,30.0,30.0,30.0,30.0,private_fund,0.04,0.04,0.04,Private Equity,Secondaries,Diversified / Secondaries,Secondaries,Global / Multi-region,Non-classifiable,Illiquid,,mandate_proxy,proxy
2026-04-30,H_PF_HARBOUR_CORE_RE,H_PF_HARBOUR_CORE_RE,Harbour Core Real Estate Fund,private_fund,long,20.0,20.0,20.0,20.0,private_fund,0.02666666666666667,0.02666666666666667,0.02666666666666667,Real Estate,Core Real Estate,Real Estate,Core Real Estate,Global / Multi-region,Non-classifiable,Illiquid,,mandate_proxy,proxy
2026-04-30,H_PF_HOME_MULTIFAMILY,H_PF_HOME_MULTIFAMILY,HomeStone Multifamily Fund,private_fund,long,12.0,12.0,12.0,12.0,private_fund,0.016,0.016,0.016,Real Estate,US Multifamily,Residential Real Estate,US Multifamily,North America,Non-classifiable,Illiquid,,mandate_proxy,proxy
2026-04-30,H_PF_INDIA_DIGITAL,H_PF_INDIA_DIGITAL,Indigo India Digital Growth Fund,private_fund,long,12.0,12.0,12.0,12.0,private_fund,0.016,0.016,0.016,Venture Capital / Growth,India Digital Growth,Information Technology,India Digital Growth,India,Non-classifiable,Illiquid,,mandate_proxy,proxy
2026-04-30,H_PF_INFRA_CORE,H_PF_INFRA_CORE,Evergreen Core Infrastructure Fund,private_fund,long,12.0,12.0,12.0,12.0,private_fund,0.016,0.016,0.016,Infrastructure,Core Infrastructure,Infrastructure,Core Infrastructure,Global / Multi-region,Non-classifiable,Illiquid,,mandate_proxy,proxy
2026-04-30,H_PF_LIONROCK_CREDIT,H_PF_LIONROCK_CREDIT,LionRock Asia Private Credit Fund,private_fund,long,16.5,16.5,16.5,16.5,private_fund,0.022,0.022,0.022,Private Credit,Asia Private Credit,Diversified Credit,Asia Private Credit,Southeast Asia,Non-classifiable,Illiquid,,mandate_proxy,proxy
2026-04-30,H_PF_METRO_LOGISTICS,H_PF_METRO_LOGISTICS,Metro Logistics Fund,private_fund,long,12.5,12.5,12.5,12.5,private_fund,0.016666666666666666,0.016666666666666666,0.016666666666666666,Real Estate,Logistics Real Estate,Industrial Real Estate,Logistics Real Estate,Southeast Asia,Non-classifiable,Illiquid,,mandate_proxy,proxy
2026-04-30,H_PF_NORTHSTAR_IV,H_PF_NORTHSTAR_IV,Northstar Buyout Fund IV,private_fund,long,35.0,35.0,35.0,35.0,private_fund,0.04666666666666667,0.04666666666666667,0.04666666666666667,Private Equity,Buyout,Industrials,Buyout,North America,Non-classifiable,Illiquid,,mandate_proxy,proxy
2026-04-30,H_PF_RENEWABLES_II,H_PF_RENEWABLES_II,SolarBridge Renewables Fund II,private_fund,long,10.0,10.0,10.0,10.0,private_fund,0.013333333333333334,0.013333333333333334,0.013333333333333334,Infrastructure,Renewables,Utilities / Infrastructure,Renewables,Global / Multi-region,Non-classifiable,Illiquid,,mandate_proxy,proxy
2026-04-30,H_PF_SEEDSPRING_I,H_PF_SEEDSPRING_I,SeedSpring Southeast Asia VC Fund I,private_fund,long,10.0,10.0,10.0,10.0,private_fund,0.013333333333333334,0.013333333333333334,0.013333333333333334,Venture Capital / Growth,Southeast Asia VC,Information Technology / Consumer,Southeast Asia VC,Southeast Asia,Non-classifiable,Illiquid,,mandate_proxy,proxy
2026-04-30,H_PF_SPRING_OPP_CREDIT,H_PF_SPRING_OPP_CREDIT,Spring Point Opportunistic Credit Fund,private_fund,long,17.0,17.0,17.0,17.0,private_fund,0.02266666666666667,0.02266666666666667,0.02266666666666667,Private Credit,Opportunistic Credit,Special Situations Credit,Opportunistic Credit,Global / Multi-region,Non-classifiable,Illiquid,,mandate_proxy,proxy
2026-04-30,H_QAI,H_QAI,Multi-Strategy Liquid Alternatives ETF Proxy,etf,long,7.0,7.0,7.0,7.0,etf,0.009333333333333334,0.009333333333333334,0.009333333333333334,Hedge Funds / Absolute Return,Multi-Strategy Absolute Return,Multi-Strategy,Absolute Return,Global / Multi-region,Non-classifiable,Liquid,QAI,benchmark_proxy,proxy
2026-04-30,H_QQQ,H_QQQ,Invesco QQQ Trust,etf,long,24.0,24.0,24.0,24.0,etf,0.032,0.032,0.032,Global Public Equities,US Technology / Growth,Information Technology,Growth / Technology ETF,North America,Mega Cap,Liquid,QQQ,lookthrough,lookthrough
2026-04-30,H_SPY,H_SPY,SPDR S&P 500 ETF,etf,long,40.0,40.0,40.0,40.0,etf,0.05333333333333334,0.05333333333333334,0.05333333333333334,Global Public Equities,US Large Cap Core,Multi-Sector / Diversified,Broad Market ETF,North America,Multi Cap,Liquid,SPY,lookthrough,lookthrough
2026-04-30,H_SPY_PUT,H_SPY_PUT,S&P 500 Protective Put Overlay,listed_option,long,2.0,-8.0,12.0,-8.0,delta_adjusted_exposure,0.0026666666666666666,0.016,-0.010666666666666666,Global Public Equities,Options Overlay,Multi-Sector / Diversified,Equity Index Option,North America,Multi Cap,Liquid,SPY,underlying_proxy,proxy
2026-04-30,H_TLT,H_TLT,iShares 20+ Year Treasury Bond ETF,etf,long,14.0,14.0,14.0,14.0,etf,0.018666666666666668,0.018666666666666668,0.018666666666666668,Fixed Income & Liquid Credit,Long Duration Treasuries,Fixed Income / Sovereign,Government Bonds,North America,Non-classifiable,Liquid,TLT,benchmark_proxy,proxy
2026-04-30,H_VNQ,H_VNQ,US Listed REIT ETF Proxy,etf,long,6.0,6.0,6.0,6.0,etf,0.008,0.008,0.008,Hedge Funds / Absolute Return,Listed Real Estate,Real Estate,REITs,North America,Mid Cap,Liquid,VNQ,lookthrough,lookthrough
