date,ticker,currency,close_price,source_type,note
2023-01-31,SPY,USD,127.0,synthetic,synthetic_v1_dataset_generator
2023-02-28,SPY,USD,131.0203,synthetic,synthetic_v1_dataset_generator
2023-03-31,SPY,USD,135.6273,synthetic,synthetic_v1_dataset_generator
2023-04-30,SPY,USD,140.4832,synthetic,synthetic_v1_dataset_generator
2023-05-31,SPY,USD,145.247,synthetic,synthetic_v1_dataset_generator
2023-06-30,SPY,USD,149.6234,synthetic,synthetic_v1_dataset_generator
2023-07-31,SPY,USD,153.3929,synthetic,synthetic_v1_dataset_generator
2023-08-31,SPY,USD,156.4137,synthetic,synthetic_v1_dataset_generator
2023-09-30,SPY,USD,158.5998,synthetic,synthetic_v1_dataset_generator
2023-10-31,SPY,USD,159.8936,synthetic,synthetic_v1_dataset_generator
2023-11-30,SPY,USD,160.2528,synthetic,synthetic_v1_dataset_generator
2023-12-31,SPY,USD,159.6641,synthetic,synthetic_v1_dataset_generator
2024-01-31,SPY,USD,158.1806,synthetic,synthetic_v1_dataset_generator
2024-02-29,SPY,USD,155.9628,synthetic,synthetic_v1_dataset_generator
2024-03-31,SPY,USD,153.3006,synthetic,synthetic_v1_dataset_generator
2024-04-30,SPY,USD,150.5963,synthetic,synthetic_v1_dataset_generator
2024-05-31,SPY,USD,148.3097,synthetic,synthetic_v1_dataset_generator
2024-06-30,SPY,USD,146.8825,synthetic,synthetic_v1_dataset_generator
2024-07-31,SPY,USD,146.6646,synthetic,synthetic_v1_dataset_generator
2024-08-31,SPY,USD,147.8596,synthetic,synthetic_v1_dataset_generator
2024-09-30,SPY,USD,150.4947,synthetic,synthetic_v1_dataset_generator
2024-10-31,SPY,USD,154.4131,synthetic,synthetic_v1_dataset_generator
2024-11-30,SPY,USD,159.2883,synthetic,synthetic_v1_dataset_generator
2024-12-31,SPY,USD,164.667,synthetic,synthetic_v1_dataset_generator
2025-01-31,SPY,USD,170.0402,synthetic,synthetic_v1_dataset_generator
2025-02-28,SPY,USD,174.9373,synthetic,synthetic_v1_dataset_generator
2025-03-31,SPY,USD,179.0174,synthetic,synthetic_v1_dataset_generator
2025-04-30,SPY,USD,182.127,synthetic,synthetic_v1_dataset_generator
2025-05-31,SPY,USD,184.3022,synthetic,synthetic_v1_dataset_generator
2025-06-30,SPY,USD,185.7155,synthetic,synthetic_v1_dataset_generator
2025-07-31,SPY,USD,186.5974,synthetic,synthetic_v1_dataset_generator
2025-08-31,SPY,USD,187.1641,synthetic,synthetic_v1_dataset_generator
2025-09-30,SPY,USD,187.5809,synthetic,synthetic_v1_dataset_generator
2025-10-31,SPY,USD,187.9656,synthetic,synthetic_v1_dataset_generator
2025-11-30,SPY,USD,188.4218,synthetic,synthetic_v1_dataset_generator
2025-12-31,SPY,USD,189.0797,synthetic,synthetic_v1_dataset_generator
2026-01-31,SPY,USD,190.1215,synthetic,synthetic_v1_dataset_generator
2026-02-28,SPY,USD,191.7743,synthetic,synthetic_v1_dataset_generator
2026-03-31,SPY,USD,194.2683,synthetic,synthetic_v1_dataset_generator
2026-04-30,SPY,USD,197.7713,synthetic,synthetic_v1_dataset_generator
2023-01-31,QQQ,USD,118.0,synthetic,synthetic_v1_dataset_generator
2023-02-28,QQQ,USD,121.7354,synthetic,synthetic_v1_dataset_generator
2023-03-31,QQQ,USD,126.0159,synthetic,synthetic_v1_dataset_generator
2023-04-30,QQQ,USD,130.5277,synthetic,synthetic_v1_dataset_generator
2023-05-31,QQQ,USD,134.9539,synthetic,synthetic_v1_dataset_generator
2023-06-30,QQQ,USD,139.0201,synthetic,synthetic_v1_dataset_generator
2023-07-31,QQQ,USD,142.5225,synthetic,synthetic_v1_dataset_generator
2023-08-31,QQQ,USD,145.3293,synthetic,synthetic_v1_dataset_generator
2023-09-30,QQQ,USD,147.3605,synthetic,synthetic_v1_dataset_generator
2023-10-31,QQQ,USD,148.5625,synthetic,synthetic_v1_dataset_generator
2023-11-30,QQQ,USD,148.8963,synthetic,synthetic_v1_dataset_generator
2023-12-31,QQQ,USD,148.3493,synthetic,synthetic_v1_dataset_generator
2024-01-31,QQQ,USD,146.971,synthetic,synthetic_v1_dataset_generator
2024-02-29,QQQ,USD,144.9104,synthetic,synthetic_v1_dataset_generator
2024-03-31,QQQ,USD,142.4368,synthetic,synthetic_v1_dataset_generator
2024-04-30,QQQ,USD,139.9241,synthetic,synthetic_v1_dataset_generator
2024-05-31,QQQ,USD,137.7996,synthetic,synthetic_v1_dataset_generator
2024-06-30,QQQ,USD,136.4735,synthetic,synthetic_v1_dataset_generator
2024-07-31,QQQ,USD,136.271,synthetic,synthetic_v1_dataset_generator
2024-08-31,QQQ,USD,137.3813,synthetic,synthetic_v1_dataset_generator
2024-09-30,QQQ,USD,139.8297,synthetic,synthetic_v1_dataset_generator
2024-10-31,QQQ,USD,143.4704,synthetic,synthetic_v1_dataset_generator
2024-11-30,QQQ,USD,148.0002,synthetic,synthetic_v1_dataset_generator
2024-12-31,QQQ,USD,152.9977,synthetic,synthetic_v1_dataset_generator
2025-01-31,QQQ,USD,157.9901,synthetic,synthetic_v1_dataset_generator
2025-02-28,QQQ,USD,162.5402,synthetic,synthetic_v1_dataset_generator
2025-03-31,QQQ,USD,166.3311,synthetic,synthetic_v1_dataset_generator
2025-04-30,QQQ,USD,169.2204,synthetic,synthetic_v1_dataset_generator
2025-05-31,QQQ,USD,171.2414,synthetic,synthetic_v1_dataset_generator
2025-06-30,QQQ,USD,172.5546,synthetic,synthetic_v1_dataset_generator
2025-07-31,QQQ,USD,173.3739,synthetic,synthetic_v1_dataset_generator
2025-08-31,QQQ,USD,173.9005,synthetic,synthetic_v1_dataset_generator
2025-09-30,QQQ,USD,174.2878,synthetic,synthetic_v1_dataset_generator
2025-10-31,QQQ,USD,174.6452,synthetic,synthetic_v1_dataset_generator
2025-11-30,QQQ,USD,175.0691,synthetic,synthetic_v1_dataset_generator
2025-12-31,QQQ,USD,175.6804,synthetic,synthetic_v1_dataset_generator
2026-01-31,QQQ,USD,176.6484,synthetic,synthetic_v1_dataset_generator
2026-02-28,QQQ,USD,178.184,synthetic,synthetic_v1_dataset_generator
2026-03-31,QQQ,USD,180.5013,synthetic,synthetic_v1_dataset_generator
2026-04-30,QQQ,USD,183.756,synthetic,synthetic_v1_dataset_generator
2023-01-31,ACWI,USD,97.0,synthetic,synthetic_v1_dataset_generator
2023-02-28,ACWI,USD,99.8231,synthetic,synthetic_v1_dataset_generator
2023-03-31,ACWI,USD,102.9442,synthetic,synthetic_v1_dataset_generator
2023-04-30,ACWI,USD,106.1234,synthetic,synthetic_v1_dataset_generator
2023-05-31,ACWI,USD,109.1249,synthetic,synthetic_v1_dataset_generator
2023-06-30,ACWI,USD,111.7511,synthetic,synthetic_v1_dataset_generator
2023-07-31,ACWI,USD,113.8649,synthetic,synthetic_v1_dataset_generator
2023-08-31,ACWI,USD,115.3935,synthetic,synthetic_v1_dataset_generator
2023-09-30,ACWI,USD,116.3154,synthetic,synthetic_v1_dataset_generator
2023-10-31,ACWI,USD,116.6425,synthetic,synthetic_v1_dataset_generator
2023-11-30,ACWI,USD,116.4071,synthetic,synthetic_v1_dataset_generator
2023-12-31,ACWI,USD,115.6624,synthetic,synthetic_v1_dataset_generator
2024-01-31,ACWI,USD,114.4936,synthetic,synthetic_v1_dataset_generator
2024-02-29,ACWI,USD,113.0334,synthetic,synthetic_v1_dataset_generator
2024-03-31,ACWI,USD,111.4687,synthetic,synthetic_v1_dataset_generator
2024-04-30,ACWI,USD,110.0307,synthetic,synthetic_v1_dataset_generator
2024-05-31,ACWI,USD,108.9684,synthetic,synthetic_v1_dataset_generator
2024-06-30,ACWI,USD,108.5118,synthetic,synthetic_v1_dataset_generator
2024-07-31,ACWI,USD,108.8338,synthetic,synthetic_v1_dataset_generator
2024-08-31,ACWI,USD,110.0207,synthetic,synthetic_v1_dataset_generator
2024-09-30,ACWI,USD,112.0532,synthetic,synthetic_v1_dataset_generator
2024-10-31,ACWI,USD,114.8012,synthetic,synthetic_v1_dataset_generator
2024-11-30,ACWI,USD,118.0352,synthetic,synthetic_v1_dataset_generator
2024-12-31,ACWI,USD,121.4565,synthetic,synthetic_v1_dataset_generator
2025-01-31,ACWI,USD,124.7455,synthetic,synthetic_v1_dataset_generator
2025-02-28,ACWI,USD,127.6216,synthetic,synthetic_v1_dataset_generator
2025-03-31,ACWI,USD,129.8975,synthetic,synthetic_v1_dataset_generator
2025-04-30,ACWI,USD,131.5106,synthetic,synthetic_v1_dataset_generator
2025-05-31,ACWI,USD,132.5186,synthetic,synthetic_v1_dataset_generator
2025-06-30,ACWI,USD,133.0644,synthetic,synthetic_v1_dataset_generator
2025-07-31,ACWI,USD,133.3253,synthetic,synthetic_v1_dataset_generator
2025-08-31,ACWI,USD,133.4683,synthetic,synthetic_v1_dataset_generator
2025-09-30,ACWI,USD,133.6243,synthetic,synthetic_v1_dataset_generator
2025-10-31,ACWI,USD,133.886,synthetic,synthetic_v1_dataset_generator
2025-11-30,ACWI,USD,134.3232,synthetic,synthetic_v1_dataset_generator
2025-12-31,ACWI,USD,135.0033,synthetic,synthetic_v1_dataset_generator
2026-01-31,ACWI,USD,136.0057,synthetic,synthetic_v1_dataset_generator
2026-02-28,ACWI,USD,137.4203,synthetic,synthetic_v1_dataset_generator
2026-03-31,ACWI,USD,139.3284,synthetic,synthetic_v1_dataset_generator
2026-04-30,ACWI,USD,141.7703,synthetic,synthetic_v1_dataset_generator
2023-01-31,BRK.B,USD,140.0,synthetic,synthetic_v1_dataset_generator
2023-02-28,BRK.B,USD,144.4319,synthetic,synthetic_v1_dataset_generator
2023-03-31,BRK.B,USD,149.5104,synthetic,synthetic_v1_dataset_generator
2023-04-30,BRK.B,USD,154.8634,synthetic,synthetic_v1_dataset_generator
2023-05-31,BRK.B,USD,160.1149,synthetic,synthetic_v1_dataset_generator
2023-06-30,BRK.B,USD,164.9392,synthetic,synthetic_v1_dataset_generator
2023-07-31,BRK.B,USD,169.0945,synthetic,synthetic_v1_dataset_generator
2023-08-31,BRK.B,USD,172.4245,synthetic,synthetic_v1_dataset_generator
2023-09-30,BRK.B,USD,174.8344,synthetic,synthetic_v1_dataset_generator
2023-10-31,BRK.B,USD,176.2606,synthetic,synthetic_v1_dataset_generator
2023-11-30,BRK.B,USD,176.6566,synthetic,synthetic_v1_dataset_generator
2023-12-31,BRK.B,USD,176.0077,synthetic,synthetic_v1_dataset_generator
2024-01-31,BRK.B,USD,174.3723,synthetic,synthetic_v1_dataset_generator
2024-02-29,BRK.B,USD,171.9275,synthetic,synthetic_v1_dataset_generator
2024-03-31,BRK.B,USD,168.9928,synthetic,synthetic_v1_dataset_generator
2024-04-30,BRK.B,USD,166.0117,synthetic,synthetic_v1_dataset_generator
2024-05-31,BRK.B,USD,163.491,synthetic,synthetic_v1_dataset_generator
2024-06-30,BRK.B,USD,161.9178,synthetic,synthetic_v1_dataset_generator
2024-07-31,BRK.B,USD,161.6775,synthetic,synthetic_v1_dataset_generator
2024-08-31,BRK.B,USD,162.9948,synthetic,synthetic_v1_dataset_generator
2024-09-30,BRK.B,USD,165.8997,synthetic,synthetic_v1_dataset_generator
2024-10-31,BRK.B,USD,170.2191,synthetic,synthetic_v1_dataset_generator
2024-11-30,BRK.B,USD,175.5934,synthetic,synthetic_v1_dataset_generator
2024-12-31,BRK.B,USD,181.5227,synthetic,synthetic_v1_dataset_generator
2025-01-31,BRK.B,USD,187.4459,synthetic,synthetic_v1_dataset_generator
2025-02-28,BRK.B,USD,192.8443,synthetic,synthetic_v1_dataset_generator
2025-03-31,BRK.B,USD,197.342,synthetic,synthetic_v1_dataset_generator
2025-04-30,BRK.B,USD,200.77,synthetic,synthetic_v1_dataset_generator
2025-05-31,BRK.B,USD,203.1677,synthetic,synthetic_v1_dataset_generator
2025-06-30,BRK.B,USD,204.7258,synthetic,synthetic_v1_dataset_generator
2025-07-31,BRK.B,USD,205.6979,synthetic,synthetic_v1_dataset_generator
2025-08-31,BRK.B,USD,206.3226,synthetic,synthetic_v1_dataset_generator
2025-09-30,BRK.B,USD,206.7821,synthetic,synthetic_v1_dataset_generator
2025-10-31,BRK.B,USD,207.2062,synthetic,synthetic_v1_dataset_generator
2025-11-30,BRK.B,USD,207.7091,synthetic,synthetic_v1_dataset_generator
2025-12-31,BRK.B,USD,208.4344,synthetic,synthetic_v1_dataset_generator
2026-01-31,BRK.B,USD,209.5828,synthetic,synthetic_v1_dataset_generator
2026-02-28,BRK.B,USD,211.4047,synthetic,synthetic_v1_dataset_generator
2026-03-31,BRK.B,USD,214.154,synthetic,synthetic_v1_dataset_generator
2026-04-30,BRK.B,USD,218.0156,synthetic,synthetic_v1_dataset_generator
2023-01-31,MSFT,USD,119.0,synthetic,synthetic_v1_dataset_generator
2023-02-28,MSFT,USD,122.7671,synthetic,synthetic_v1_dataset_generator
2023-03-31,MSFT,USD,127.0838,synthetic,synthetic_v1_dataset_generator
2023-04-30,MSFT,USD,131.6339,synthetic,synthetic_v1_dataset_generator
2023-05-31,MSFT,USD,136.0976,synthetic,synthetic_v1_dataset_generator
2023-06-30,MSFT,USD,140.1983,synthetic,synthetic_v1_dataset_generator
2023-07-31,MSFT,USD,143.7303,synthetic,synthetic_v1_dataset_generator
2023-08-31,MSFT,USD,146.5609,synthetic,synthetic_v1_dataset_generator
2023-09-30,MSFT,USD,148.6093,synthetic,synthetic_v1_dataset_generator
2023-10-31,MSFT,USD,149.8216,synthetic,synthetic_v1_dataset_generator
2023-11-30,MSFT,USD,150.1581,synthetic,synthetic_v1_dataset_generator
2023-12-31,MSFT,USD,149.6065,synthetic,synthetic_v1_dataset_generator
2024-01-31,MSFT,USD,148.2165,synthetic,synthetic_v1_dataset_generator
2024-02-29,MSFT,USD,146.1384,synthetic,synthetic_v1_dataset_generator
2024-03-31,MSFT,USD,143.6439,synthetic,synthetic_v1_dataset_generator
2024-04-30,MSFT,USD,141.1099,synthetic,synthetic_v1_dataset_generator
2024-05-31,MSFT,USD,138.9674,synthetic,synthetic_v1_dataset_generator
2024-06-30,MSFT,USD,137.6301,synthetic,synthetic_v1_dataset_generator
2024-07-31,MSFT,USD,137.4259,synthetic,synthetic_v1_dataset_generator
2024-08-31,MSFT,USD,138.5456,synthetic,synthetic_v1_dataset_generator
2024-09-30,MSFT,USD,141.0147,synthetic,synthetic_v1_dataset_generator
2024-10-31,MSFT,USD,144.6862,synthetic,synthetic_v1_dataset_generator
2024-11-30,MSFT,USD,149.2544,synthetic,synthetic_v1_dataset_generator
2024-12-31,MSFT,USD,154.2943,synthetic,synthetic_v1_dataset_generator
2025-01-31,MSFT,USD,159.329,synthetic,synthetic_v1_dataset_generator
2025-02-28,MSFT,USD,163.9176,synthetic,synthetic_v1_dataset_generator
2025-03-31,MSFT,USD,167.7407,synthetic,synthetic_v1_dataset_generator
2025-04-30,MSFT,USD,170.6545,synthetic,synthetic_v1_dataset_generator
2025-05-31,MSFT,USD,172.6926,synthetic,synthetic_v1_dataset_generator
2025-06-30,MSFT,USD,174.0169,synthetic,synthetic_v1_dataset_generator
2025-07-31,MSFT,USD,174.8432,synthetic,synthetic_v1_dataset_generator
2025-08-31,MSFT,USD,175.3742,synthetic,synthetic_v1_dataset_generator
2025-09-30,MSFT,USD,175.7648,synthetic,synthetic_v1_dataset_generator
2025-10-31,MSFT,USD,176.1253,synthetic,synthetic_v1_dataset_generator
2025-11-30,MSFT,USD,176.5527,synthetic,synthetic_v1_dataset_generator
2025-12-31,MSFT,USD,177.1692,synthetic,synthetic_v1_dataset_generator
2026-01-31,MSFT,USD,178.1454,synthetic,synthetic_v1_dataset_generator
2026-02-28,MSFT,USD,179.694,synthetic,synthetic_v1_dataset_generator
2026-03-31,MSFT,USD,182.0309,synthetic,synthetic_v1_dataset_generator
2026-04-30,MSFT,USD,185.3132,synthetic,synthetic_v1_dataset_generator
2023-01-31,GOOGL,USD,111.0,synthetic,synthetic_v1_dataset_generator
2023-02-28,GOOGL,USD,114.5138,synthetic,synthetic_v1_dataset_generator
2023-03-31,GOOGL,USD,118.5404,synthetic,synthetic_v1_dataset_generator
2023-04-30,GOOGL,USD,122.7846,synthetic,synthetic_v1_dataset_generator
2023-05-31,GOOGL,USD,126.9482,synthetic,synthetic_v1_dataset_generator
2023-06-30,GOOGL,USD,130.7732,synthetic,synthetic_v1_dataset_generator
2023-07-31,GOOGL,USD,134.0678,synthetic,synthetic_v1_dataset_generator
2023-08-31,GOOGL,USD,136.708,synthetic,synthetic_v1_dataset_generator
2023-09-30,GOOGL,USD,138.6187,synthetic,synthetic_v1_dataset_generator
2023-10-31,GOOGL,USD,139.7495,synthetic,synthetic_v1_dataset_generator
2023-11-30,GOOGL,USD,140.0634,synthetic,synthetic_v1_dataset_generator
2023-12-31,GOOGL,USD,139.549,synthetic,synthetic_v1_dataset_generator
2024-01-31,GOOGL,USD,138.2523,synthetic,synthetic_v1_dataset_generator
2024-02-29,GOOGL,USD,136.314,synthetic,synthetic_v1_dataset_generator
2024-03-31,GOOGL,USD,133.9872,synthetic,synthetic_v1_dataset_generator
2024-04-30,GOOGL,USD,131.6235,synthetic,synthetic_v1_dataset_generator
2024-05-31,GOOGL,USD,129.625,synthetic,synthetic_v1_dataset_generator
2024-06-30,GOOGL,USD,128.3777,synthetic,synthetic_v1_dataset_generator
2024-07-31,GOOGL,USD,128.1872,synthetic,synthetic_v1_dataset_generator
2024-08-31,GOOGL,USD,129.2316,synthetic,synthetic_v1_dataset_generator
2024-09-30,GOOGL,USD,131.5348,synthetic,synthetic_v1_dataset_generator
2024-10-31,GOOGL,USD,134.9594,synthetic,synthetic_v1_dataset_generator
2024-11-30,GOOGL,USD,139.2205,synthetic,synthetic_v1_dataset_generator
2024-12-31,GOOGL,USD,143.9216,synthetic,synthetic_v1_dataset_generator
2025-01-31,GOOGL,USD,148.6178,synthetic,synthetic_v1_dataset_generator
2025-02-28,GOOGL,USD,152.898,synthetic,synthetic_v1_dataset_generator
2025-03-31,GOOGL,USD,156.464,synthetic,synthetic_v1_dataset_generator
2025-04-30,GOOGL,USD,159.1819,synthetic,synthetic_v1_dataset_generator
2025-05-31,GOOGL,USD,161.083,synthetic,synthetic_v1_dataset_generator
2025-06-30,GOOGL,USD,162.3183,synthetic,synthetic_v1_dataset_generator
2025-07-31,GOOGL,USD,163.0891,synthetic,synthetic_v1_dataset_generator
2025-08-31,GOOGL,USD,163.5844,synthetic,synthetic_v1_dataset_generator
2025-09-30,GOOGL,USD,163.9487,synthetic,synthetic_v1_dataset_generator
2025-10-31,GOOGL,USD,164.2849,synthetic,synthetic_v1_dataset_generator
2025-11-30,GOOGL,USD,164.6836,synthetic,synthetic_v1_dataset_generator
2025-12-31,GOOGL,USD,165.2587,synthetic,synthetic_v1_dataset_generator
2026-01-31,GOOGL,USD,166.1692,synthetic,synthetic_v1_dataset_generator
2026-02-28,GOOGL,USD,167.6137,synthetic,synthetic_v1_dataset_generator
2026-03-31,GOOGL,USD,169.7936,synthetic,synthetic_v1_dataset_generator
2026-04-30,GOOGL,USD,172.8552,synthetic,synthetic_v1_dataset_generator
2023-01-31,NVDA,USD,102.0,synthetic,synthetic_v1_dataset_generator
2023-02-28,NVDA,USD,105.2289,synthetic,synthetic_v1_dataset_generator
2023-03-31,NVDA,USD,108.929,synthetic,synthetic_v1_dataset_generator
2023-04-30,NVDA,USD,112.8291,synthetic,synthetic_v1_dataset_generator
2023-05-31,NVDA,USD,116.6551,synthetic,synthetic_v1_dataset_generator
2023-06-30,NVDA,USD,120.17,synthetic,synthetic_v1_dataset_generator
2023-07-31,NVDA,USD,123.1974,synthetic,synthetic_v1_dataset_generator
2023-08-31,NVDA,USD,125.6236,synthetic,synthetic_v1_dataset_generator
2023-09-30,NVDA,USD,127.3794,synthetic,synthetic_v1_dataset_generator
2023-10-31,NVDA,USD,128.4185,synthetic,synthetic_v1_dataset_generator
2023-11-30,NVDA,USD,128.7069,synthetic,synthetic_v1_dataset_generator
2023-12-31,NVDA,USD,128.2342,synthetic,synthetic_v1_dataset_generator
2024-01-31,NVDA,USD,127.0427,synthetic,synthetic_v1_dataset_generator
2024-02-29,NVDA,USD,125.2615,synthetic,synthetic_v1_dataset_generator
2024-03-31,NVDA,USD,123.1233,synthetic,synthetic_v1_dataset_generator
2024-04-30,NVDA,USD,120.9514,synthetic,synthetic_v1_dataset_generator
2024-05-31,NVDA,USD,119.1149,synthetic,synthetic_v1_dataset_generator
2024-06-30,NVDA,USD,117.9687,synthetic,synthetic_v1_dataset_generator
2024-07-31,NVDA,USD,117.7936,synthetic,synthetic_v1_dataset_generator
2024-08-31,NVDA,USD,118.7533,synthetic,synthetic_v1_dataset_generator
2024-09-30,NVDA,USD,120.8698,synthetic,synthetic_v1_dataset_generator
2024-10-31,NVDA,USD,124.0168,synthetic,synthetic_v1_dataset_generator
2024-11-30,NVDA,USD,127.9323,synthetic,synthetic_v1_dataset_generator
2024-12-31,NVDA,USD,132.2522,synthetic,synthetic_v1_dataset_generator
2025-01-31,NVDA,USD,136.5677,synthetic,synthetic_v1_dataset_generator
2025-02-28,NVDA,USD,140.5008,synthetic,synthetic_v1_dataset_generator
2025-03-31,NVDA,USD,143.7777,synthetic,synthetic_v1_dataset_generator
2025-04-30,NVDA,USD,146.2753,synthetic,synthetic_v1_dataset_generator
2025-05-31,NVDA,USD,148.0222,synthetic,synthetic_v1_dataset_generator
2025-06-30,NVDA,USD,149.1574,synthetic,synthetic_v1_dataset_generator
2025-07-31,NVDA,USD,149.8656,synthetic,synthetic_v1_dataset_generator
2025-08-31,NVDA,USD,150.3208,synthetic,synthetic_v1_dataset_generator
2025-09-30,NVDA,USD,150.6556,synthetic,synthetic_v1_dataset_generator
2025-10-31,NVDA,USD,150.9645,synthetic,synthetic_v1_dataset_generator
2025-11-30,NVDA,USD,151.3309,synthetic,synthetic_v1_dataset_generator
2025-12-31,NVDA,USD,151.8593,synthetic,synthetic_v1_dataset_generator
2026-01-31,NVDA,USD,152.696,synthetic,synthetic_v1_dataset_generator
2026-02-28,NVDA,USD,154.0234,synthetic,synthetic_v1_dataset_generator
2026-03-31,NVDA,USD,156.0265,synthetic,synthetic_v1_dataset_generator
2026-04-30,NVDA,USD,158.8399,synthetic,synthetic_v1_dataset_generator
2023-01-31,2800.HK,HKD,130.0,synthetic,synthetic_v1_dataset_generator
2023-02-28,2800.HK,HKD,136.0662,synthetic,synthetic_v1_dataset_generator
2023-03-31,2800.HK,HKD,142.6079,synthetic,synthetic_v1_dataset_generator
2023-04-30,2800.HK,HKD,148.9631,synthetic,synthetic_v1_dataset_generator
2023-05-31,2800.HK,HKD,154.4856,synthetic,synthetic_v1_dataset_generator
2023-06-30,2800.HK,HKD,158.6669,synthetic,synthetic_v1_dataset_generator
2023-07-31,2800.HK,HKD,161.2206,synthetic,synthetic_v1_dataset_generator
2023-08-31,2800.HK,HKD,162.0965,synthetic,synthetic_v1_dataset_generator
2023-09-30,2800.HK,HKD,161.4259,synthetic,synthetic_v1_dataset_generator
2023-10-31,2800.HK,HKD,159.4361,synthetic,synthetic_v1_dataset_generator
2023-11-30,2800.HK,HKD,156.3807,synthetic,synthetic_v1_dataset_generator
2023-12-31,2800.HK,HKD,152.5144,synthetic,synthetic_v1_dataset_generator
2024-01-31,2800.HK,HKD,148.11,synthetic,synthetic_v1_dataset_generator
2024-02-29,2800.HK,HKD,143.492,synthetic,synthetic_v1_dataset_generator
2024-03-31,2800.HK,HKD,139.054,synthetic,synthetic_v1_dataset_generator
2024-04-30,2800.HK,HKD,135.2416,synthetic,synthetic_v1_dataset_generator
2024-05-31,2800.HK,HKD,132.502,synthetic,synthetic_v1_dataset_generator
2024-06-30,2800.HK,HKD,131.22,synthetic,synthetic_v1_dataset_generator
2024-07-31,2800.HK,HKD,131.6576,synthetic,synthetic_v1_dataset_generator
2024-08-31,2800.HK,HKD,133.9078,synthetic,synthetic_v1_dataset_generator
2024-09-30,2800.HK,HKD,137.8618,synthetic,synthetic_v1_dataset_generator
2024-10-31,2800.HK,HKD,143.189,synthetic,synthetic_v1_dataset_generator
2024-11-30,2800.HK,HKD,149.3427,synthetic,synthetic_v1_dataset_generator
2024-12-31,2800.HK,HKD,155.6118,synthetic,synthetic_v1_dataset_generator
2025-01-31,2800.HK,HKD,161.2353,synthetic,synthetic_v1_dataset_generator
2025-02-28,2800.HK,HKD,165.5654,synthetic,synthetic_v1_dataset_generator
2025-03-31,2800.HK,HKD,168.2269,synthetic,synthetic_v1_dataset_generator
2025-04-30,2800.HK,HKD,169.2042,synthetic,synthetic_v1_dataset_generator
2025-05-31,2800.HK,HKD,168.8105,synthetic,synthetic_v1_dataset_generator
2025-06-30,2800.HK,HKD,167.5569,synthetic,synthetic_v1_dataset_generator
2025-07-31,2800.HK,HKD,165.9861,synthetic,synthetic_v1_dataset_generator
2025-08-31,2800.HK,HKD,164.542,synthetic,synthetic_v1_dataset_generator
2025-09-30,2800.HK,HKD,163.5111,synthetic,synthetic_v1_dataset_generator
2025-10-31,2800.HK,HKD,163.0346,synthetic,synthetic_v1_dataset_generator
2025-11-30,2800.HK,HKD,163.1637,synthetic,synthetic_v1_dataset_generator
2025-12-31,2800.HK,HKD,163.9273,synthetic,synthetic_v1_dataset_generator
2026-01-31,2800.HK,HKD,165.38,synthetic,synthetic_v1_dataset_generator
2026-02-28,2800.HK,HKD,167.6142,synthetic,synthetic_v1_dataset_generator
2026-03-31,2800.HK,HKD,170.7262,synthetic,synthetic_v1_dataset_generator
2026-04-30,2800.HK,HKD,174.7489,synthetic,synthetic_v1_dataset_generator
2023-01-31,3067.HK,HKD,136.0,synthetic,synthetic_v1_dataset_generator
2023-02-28,3067.HK,HKD,142.3461,synthetic,synthetic_v1_dataset_generator
2023-03-31,3067.HK,HKD,149.1898,synthetic,synthetic_v1_dataset_generator
2023-04-30,3067.HK,HKD,155.8383,synthetic,synthetic_v1_dataset_generator
2023-05-31,3067.HK,HKD,161.6157,synthetic,synthetic_v1_dataset_generator
2023-06-30,3067.HK,HKD,165.99,synthetic,synthetic_v1_dataset_generator
2023-07-31,3067.HK,HKD,168.6616,synthetic,synthetic_v1_dataset_generator
2023-08-31,3067.HK,HKD,169.5778,synthetic,synthetic_v1_dataset_generator
2023-09-30,3067.HK,HKD,168.8763,synthetic,synthetic_v1_dataset_generator
2023-10-31,3067.HK,HKD,166.7947,synthetic,synthetic_v1_dataset_generator
2023-11-30,3067.HK,HKD,163.5983,synthetic,synthetic_v1_dataset_generator
2023-12-31,3067.HK,HKD,159.5535,synthetic,synthetic_v1_dataset_generator
2024-01-31,3067.HK,HKD,154.9458,synthetic,synthetic_v1_dataset_generator
2024-02-29,3067.HK,HKD,150.1147,synthetic,synthetic_v1_dataset_generator
2024-03-31,3067.HK,HKD,145.4719,synthetic,synthetic_v1_dataset_generator
2024-04-30,3067.HK,HKD,141.4835,synthetic,synthetic_v1_dataset_generator
2024-05-31,3067.HK,HKD,138.6175,synthetic,synthetic_v1_dataset_generator
2024-06-30,3067.HK,HKD,137.2763,synthetic,synthetic_v1_dataset_generator
2024-07-31,3067.HK,HKD,137.7341,synthetic,synthetic_v1_dataset_generator
2024-08-31,3067.HK,HKD,140.0882,synthetic,synthetic_v1_dataset_generator
2024-09-30,3067.HK,HKD,144.2247,synthetic,synthetic_v1_dataset_generator
2024-10-31,3067.HK,HKD,149.7978,synthetic,synthetic_v1_dataset_generator
2024-11-30,3067.HK,HKD,156.2354,synthetic,synthetic_v1_dataset_generator
2024-12-31,3067.HK,HKD,162.7939,synthetic,synthetic_v1_dataset_generator
2025-01-31,3067.HK,HKD,168.677,synthetic,synthetic_v1_dataset_generator
2025-02-28,3067.HK,HKD,173.2069,synthetic,synthetic_v1_dataset_generator
2025-03-31,3067.HK,HKD,175.9912,synthetic,synthetic_v1_dataset_generator
2025-04-30,3067.HK,HKD,177.0136,synthetic,synthetic_v1_dataset_generator
2025-05-31,3067.HK,HKD,176.6018,synthetic,synthetic_v1_dataset_generator
2025-06-30,3067.HK,HKD,175.2903,synthetic,synthetic_v1_dataset_generator
2025-07-31,3067.HK,HKD,173.647,synthetic,synthetic_v1_dataset_generator
2025-08-31,3067.HK,HKD,172.1362,synthetic,synthetic_v1_dataset_generator
2025-09-30,3067.HK,HKD,171.0578,synthetic,synthetic_v1_dataset_generator
2025-10-31,3067.HK,HKD,170.5592,synthetic,synthetic_v1_dataset_generator
2025-11-30,3067.HK,HKD,170.6944,synthetic,synthetic_v1_dataset_generator
2025-12-31,3067.HK,HKD,171.4932,synthetic,synthetic_v1_dataset_generator
2026-01-31,3067.HK,HKD,173.013,synthetic,synthetic_v1_dataset_generator
2026-02-28,3067.HK,HKD,175.3502,synthetic,synthetic_v1_dataset_generator
2026-03-31,3067.HK,HKD,178.6059,synthetic,synthetic_v1_dataset_generator
2026-04-30,3067.HK,HKD,182.8143,synthetic,synthetic_v1_dataset_generator
2023-01-31,BABA,USD,137.0,synthetic,synthetic_v1_dataset_generator
2023-02-28,BABA,USD,143.3928,synthetic,synthetic_v1_dataset_generator
2023-03-31,BABA,USD,150.2868,synthetic,synthetic_v1_dataset_generator
2023-04-30,BABA,USD,156.9842,synthetic,synthetic_v1_dataset_generator
2023-05-31,BABA,USD,162.8041,synthetic,synthetic_v1_dataset_generator
2023-06-30,BABA,USD,167.2105,synthetic,synthetic_v1_dataset_generator
2023-07-31,BABA,USD,169.9017,synthetic,synthetic_v1_dataset_generator
2023-08-31,BABA,USD,170.8247,synthetic,synthetic_v1_dataset_generator
2023-09-30,BABA,USD,170.118,synthetic,synthetic_v1_dataset_generator
2023-10-31,BABA,USD,168.0211,synthetic,synthetic_v1_dataset_generator
2023-11-30,BABA,USD,164.8012,synthetic,synthetic_v1_dataset_generator
2023-12-31,BABA,USD,160.7267,synthetic,synthetic_v1_dataset_generator
2024-01-31,BABA,USD,156.0851,synthetic,synthetic_v1_dataset_generator
2024-02-29,BABA,USD,151.2185,synthetic,synthetic_v1_dataset_generator
2024-03-31,BABA,USD,146.5415,synthetic,synthetic_v1_dataset_generator
2024-04-30,BABA,USD,142.5238,synthetic,synthetic_v1_dataset_generator
2024-05-31,BABA,USD,139.6368,synthetic,synthetic_v1_dataset_generator
2024-06-30,BABA,USD,138.2857,synthetic,synthetic_v1_dataset_generator
2024-07-31,BABA,USD,138.7468,synthetic,synthetic_v1_dataset_generator
2024-08-31,BABA,USD,141.1182,synthetic,synthetic_v1_dataset_generator
2024-09-30,BABA,USD,145.2852,synthetic,synthetic_v1_dataset_generator
2024-10-31,BABA,USD,150.8992,synthetic,synthetic_v1_dataset_generator
2024-11-30,BABA,USD,157.3842,synthetic,synthetic_v1_dataset_generator
2024-12-31,BABA,USD,163.9909,synthetic,synthetic_v1_dataset_generator
2025-01-31,BABA,USD,169.9172,synthetic,synthetic_v1_dataset_generator
2025-02-28,BABA,USD,174.4804,synthetic,synthetic_v1_dataset_generator
2025-03-31,BABA,USD,177.2852,synthetic,synthetic_v1_dataset_generator
2025-04-30,BABA,USD,178.3152,synthetic,synthetic_v1_dataset_generator
2025-05-31,BABA,USD,177.9003,synthetic,synthetic_v1_dataset_generator
2025-06-30,BABA,USD,176.5792,synthetic,synthetic_v1_dataset_generator
2025-07-31,BABA,USD,174.9238,synthetic,synthetic_v1_dataset_generator
2025-08-31,BABA,USD,173.4019,synthetic,synthetic_v1_dataset_generator
2025-09-30,BABA,USD,172.3155,synthetic,synthetic_v1_dataset_generator
2025-10-31,BABA,USD,171.8133,synthetic,synthetic_v1_dataset_generator
2025-11-30,BABA,USD,171.9495,synthetic,synthetic_v1_dataset_generator
2025-12-31,BABA,USD,172.7541,synthetic,synthetic_v1_dataset_generator
2026-01-31,BABA,USD,174.2851,synthetic,synthetic_v1_dataset_generator
2026-02-28,BABA,USD,176.6395,synthetic,synthetic_v1_dataset_generator
2026-03-31,BABA,USD,179.9191,synthetic,synthetic_v1_dataset_generator
2026-04-30,BABA,USD,184.1585,synthetic,synthetic_v1_dataset_generator
2023-01-31,PDD,USD,91.0,synthetic,synthetic_v1_dataset_generator
2023-02-28,PDD,USD,95.2463,synthetic,synthetic_v1_dataset_generator
2023-03-31,PDD,USD,99.8255,synthetic,synthetic_v1_dataset_generator
2023-04-30,PDD,USD,104.2742,synthetic,synthetic_v1_dataset_generator
2023-05-31,PDD,USD,108.1399,synthetic,synthetic_v1_dataset_generator
2023-06-30,PDD,USD,111.0668,synthetic,synthetic_v1_dataset_generator
2023-07-31,PDD,USD,112.8544,synthetic,synthetic_v1_dataset_generator
2023-08-31,PDD,USD,113.4675,synthetic,synthetic_v1_dataset_generator
2023-09-30,PDD,USD,112.9981,synthetic,synthetic_v1_dataset_generator
2023-10-31,PDD,USD,111.6053,synthetic,synthetic_v1_dataset_generator
2023-11-30,PDD,USD,109.4665,synthetic,synthetic_v1_dataset_generator
2023-12-31,PDD,USD,106.76,synthetic,synthetic_v1_dataset_generator
2024-01-31,PDD,USD,103.677,synthetic,synthetic_v1_dataset_generator
2024-02-29,PDD,USD,100.4444,synthetic,synthetic_v1_dataset_generator
2024-03-31,PDD,USD,97.3378,synthetic,synthetic_v1_dataset_generator
2024-04-30,PDD,USD,94.6691,synthetic,synthetic_v1_dataset_generator
2024-05-31,PDD,USD,92.7514,synthetic,synthetic_v1_dataset_generator
2024-06-30,PDD,USD,91.854,synthetic,synthetic_v1_dataset_generator
2024-07-31,PDD,USD,92.1603,synthetic,synthetic_v1_dataset_generator
2024-08-31,PDD,USD,93.7355,synthetic,synthetic_v1_dataset_generator
2024-09-30,PDD,USD,96.5033,synthetic,synthetic_v1_dataset_generator
2024-10-31,PDD,USD,100.2323,synthetic,synthetic_v1_dataset_generator
2024-11-30,PDD,USD,104.5399,synthetic,synthetic_v1_dataset_generator
2024-12-31,PDD,USD,108.9282,synthetic,synthetic_v1_dataset_generator
2025-01-31,PDD,USD,112.8647,synthetic,synthetic_v1_dataset_generator
2025-02-28,PDD,USD,115.8958,synthetic,synthetic_v1_dataset_generator
2025-03-31,PDD,USD,117.7588,synthetic,synthetic_v1_dataset_generator
2025-04-30,PDD,USD,118.4429,synthetic,synthetic_v1_dataset_generator
2025-05-31,PDD,USD,118.1674,synthetic,synthetic_v1_dataset_generator
2025-06-30,PDD,USD,117.2898,synthetic,synthetic_v1_dataset_generator
2025-07-31,PDD,USD,116.1903,synthetic,synthetic_v1_dataset_generator
2025-08-31,PDD,USD,115.1794,synthetic,synthetic_v1_dataset_generator
2025-09-30,PDD,USD,114.4578,synthetic,synthetic_v1_dataset_generator
2025-10-31,PDD,USD,114.1242,synthetic,synthetic_v1_dataset_generator
2025-11-30,PDD,USD,114.2146,synthetic,synthetic_v1_dataset_generator
2025-12-31,PDD,USD,114.7491,synthetic,synthetic_v1_dataset_generator
2026-01-31,PDD,USD,115.766,synthetic,synthetic_v1_dataset_generator
2026-02-28,PDD,USD,117.3299,synthetic,synthetic_v1_dataset_generator
2026-03-31,PDD,USD,119.5083,synthetic,synthetic_v1_dataset_generator
2026-04-30,PDD,USD,122.3242,synthetic,synthetic_v1_dataset_generator
2023-01-31,JD,USD,87.0,synthetic,synthetic_v1_dataset_generator
2023-02-28,JD,USD,91.0597,synthetic,synthetic_v1_dataset_generator
2023-03-31,JD,USD,95.4376,synthetic,synthetic_v1_dataset_generator
2023-04-30,JD,USD,99.6907,synthetic,synthetic_v1_dataset_generator
2023-05-31,JD,USD,103.3865,synthetic,synthetic_v1_dataset_generator
2023-06-30,JD,USD,106.1848,synthetic,synthetic_v1_dataset_generator
2023-07-31,JD,USD,107.8938,synthetic,synthetic_v1_dataset_generator
2023-08-31,JD,USD,108.4799,synthetic,synthetic_v1_dataset_generator
2023-09-30,JD,USD,108.0312,synthetic,synthetic_v1_dataset_generator
2023-10-31,JD,USD,106.6996,synthetic,synthetic_v1_dataset_generator
2023-11-30,JD,USD,104.6548,synthetic,synthetic_v1_dataset_generator
2023-12-31,JD,USD,102.0673,synthetic,synthetic_v1_dataset_generator
2024-01-31,JD,USD,99.1197,synthetic,synthetic_v1_dataset_generator
2024-02-29,JD,USD,96.0293,synthetic,synthetic_v1_dataset_generator
2024-03-31,JD,USD,93.0592,synthetic,synthetic_v1_dataset_generator
2024-04-30,JD,USD,90.5078,synthetic,synthetic_v1_dataset_generator
2024-05-31,JD,USD,88.6744,synthetic,synthetic_v1_dataset_generator
2024-06-30,JD,USD,87.8165,synthetic,synthetic_v1_dataset_generator
2024-07-31,JD,USD,88.1093,synthetic,synthetic_v1_dataset_generator
2024-08-31,JD,USD,89.6152,synthetic,synthetic_v1_dataset_generator
2024-09-30,JD,USD,92.2614,synthetic,synthetic_v1_dataset_generator
2024-10-31,JD,USD,95.8265,synthetic,synthetic_v1_dataset_generator
2024-11-30,JD,USD,99.9447,synthetic,synthetic_v1_dataset_generator
2024-12-31,JD,USD,104.1402,synthetic,synthetic_v1_dataset_generator
2025-01-31,JD,USD,107.9037,synthetic,synthetic_v1_dataset_generator
2025-02-28,JD,USD,110.8014,synthetic,synthetic_v1_dataset_generator
2025-03-31,JD,USD,112.5826,synthetic,synthetic_v1_dataset_generator
2025-04-30,JD,USD,113.2366,synthetic,synthetic_v1_dataset_generator
2025-05-31,JD,USD,112.9732,synthetic,synthetic_v1_dataset_generator
2025-06-30,JD,USD,112.1343,synthetic,synthetic_v1_dataset_generator
2025-07-31,JD,USD,111.083,synthetic,synthetic_v1_dataset_generator
2025-08-31,JD,USD,110.1165,synthetic,synthetic_v1_dataset_generator
2025-09-30,JD,USD,109.4267,synthetic,synthetic_v1_dataset_generator
2025-10-31,JD,USD,109.1077,synthetic,synthetic_v1_dataset_generator
2025-11-30,JD,USD,109.1942,synthetic,synthetic_v1_dataset_generator
2025-12-31,JD,USD,109.7052,synthetic,synthetic_v1_dataset_generator
2026-01-31,JD,USD,110.6774,synthetic,synthetic_v1_dataset_generator
2026-02-28,JD,USD,112.1725,synthetic,synthetic_v1_dataset_generator
2026-03-31,JD,USD,114.2552,synthetic,synthetic_v1_dataset_generator
2026-04-30,JD,USD,116.9474,synthetic,synthetic_v1_dataset_generator
2023-01-31,CNYA,USD,104.0,synthetic,synthetic_v1_dataset_generator
2023-02-28,CNYA,USD,108.8529,synthetic,synthetic_v1_dataset_generator
2023-03-31,CNYA,USD,114.0863,synthetic,synthetic_v1_dataset_generator
2023-04-30,CNYA,USD,119.1705,synthetic,synthetic_v1_dataset_generator
2023-05-31,CNYA,USD,123.5885,synthetic,synthetic_v1_dataset_generator
2023-06-30,CNYA,USD,126.9335,synthetic,synthetic_v1_dataset_generator
2023-07-31,CNYA,USD,128.9765,synthetic,synthetic_v1_dataset_generator
2023-08-31,CNYA,USD,129.6772,synthetic,synthetic_v1_dataset_generator
2023-09-30,CNYA,USD,129.1407,synthetic,synthetic_v1_dataset_generator
2023-10-31,CNYA,USD,127.5489,synthetic,synthetic_v1_dataset_generator
2023-11-30,CNYA,USD,125.1046,synthetic,synthetic_v1_dataset_generator
2023-12-31,CNYA,USD,122.0115,synthetic,synthetic_v1_dataset_generator
2024-01-31,CNYA,USD,118.488,synthetic,synthetic_v1_dataset_generator
2024-02-29,CNYA,USD,114.7936,synthetic,synthetic_v1_dataset_generator
2024-03-31,CNYA,USD,111.2432,synthetic,synthetic_v1_dataset_generator
2024-04-30,CNYA,USD,108.1933,synthetic,synthetic_v1_dataset_generator
2024-05-31,CNYA,USD,106.0016,synthetic,synthetic_v1_dataset_generator
2024-06-30,CNYA,USD,104.976,synthetic,synthetic_v1_dataset_generator
2024-07-31,CNYA,USD,105.3261,synthetic,synthetic_v1_dataset_generator
2024-08-31,CNYA,USD,107.1263,synthetic,synthetic_v1_dataset_generator
2024-09-30,CNYA,USD,110.2895,synthetic,synthetic_v1_dataset_generator
2024-10-31,CNYA,USD,114.5512,synthetic,synthetic_v1_dataset_generator
2024-11-30,CNYA,USD,119.4741,synthetic,synthetic_v1_dataset_generator
2024-12-31,CNYA,USD,124.4894,synthetic,synthetic_v1_dataset_generator
2025-01-31,CNYA,USD,128.9883,synthetic,synthetic_v1_dataset_generator
2025-02-28,CNYA,USD,132.4523,synthetic,synthetic_v1_dataset_generator
2025-03-31,CNYA,USD,134.5815,synthetic,synthetic_v1_dataset_generator
2025-04-30,CNYA,USD,135.3633,synthetic,synthetic_v1_dataset_generator
2025-05-31,CNYA,USD,135.0484,synthetic,synthetic_v1_dataset_generator
2025-06-30,CNYA,USD,134.0455,synthetic,synthetic_v1_dataset_generator
2025-07-31,CNYA,USD,132.7889,synthetic,synthetic_v1_dataset_generator
2025-08-31,CNYA,USD,131.6336,synthetic,synthetic_v1_dataset_generator
2025-09-30,CNYA,USD,130.8089,synthetic,synthetic_v1_dataset_generator
2025-10-31,CNYA,USD,130.4276,synthetic,synthetic_v1_dataset_generator
2025-11-30,CNYA,USD,130.531,synthetic,synthetic_v1_dataset_generator
2025-12-31,CNYA,USD,131.1418,synthetic,synthetic_v1_dataset_generator
2026-01-31,CNYA,USD,132.304,synthetic,synthetic_v1_dataset_generator
2026-02-28,CNYA,USD,134.0913,synthetic,synthetic_v1_dataset_generator
2026-03-31,CNYA,USD,136.5809,synthetic,synthetic_v1_dataset_generator
2026-04-30,CNYA,USD,139.7991,synthetic,synthetic_v1_dataset_generator
2023-01-31,EWJ,USD,105.0,synthetic,synthetic_v1_dataset_generator
2023-02-28,EWJ,USD,108.2982,synthetic,synthetic_v1_dataset_generator
2023-03-31,EWJ,USD,111.8523,synthetic,synthetic_v1_dataset_generator
2023-04-30,EWJ,USD,115.3697,synthetic,synthetic_v1_dataset_generator
2023-05-31,EWJ,USD,118.5677,synthetic,synthetic_v1_dataset_generator
2023-06-30,EWJ,USD,121.2183,synthetic,synthetic_v1_dataset_generator
2023-07-31,EWJ,USD,123.1762,synthetic,synthetic_v1_dataset_generator
2023-08-31,EWJ,USD,124.3845,synthetic,synthetic_v1_dataset_generator
2023-09-30,EWJ,USD,124.8591,synthetic,synthetic_v1_dataset_generator
2023-10-31,EWJ,USD,124.6628,synthetic,synthetic_v1_dataset_generator
2023-11-30,EWJ,USD,123.8848,synthetic,synthetic_v1_dataset_generator
2023-12-31,EWJ,USD,122.6329,synthetic,synthetic_v1_dataset_generator
2024-01-31,EWJ,USD,121.039,synthetic,synthetic_v1_dataset_generator
2024-02-29,EWJ,USD,119.2703,synthetic,synthetic_v1_dataset_generator
2024-03-31,EWJ,USD,117.5335,synthetic,synthetic_v1_dataset_generator
2024-04-30,EWJ,USD,116.0661,synthetic,synthetic_v1_dataset_generator
2024-05-31,EWJ,USD,115.1111,synthetic,synthetic_v1_dataset_generator
2024-06-30,EWJ,USD,114.8837,synthetic,synthetic_v1_dataset_generator
2024-07-31,EWJ,USD,115.5355,synthetic,synthetic_v1_dataset_generator
2024-08-31,EWJ,USD,117.1254,synthetic,synthetic_v1_dataset_generator
2024-09-30,EWJ,USD,119.6004,synthetic,synthetic_v1_dataset_generator
2024-10-31,EWJ,USD,122.79,synthetic,synthetic_v1_dataset_generator
2024-11-30,EWJ,USD,126.4188,synthetic,synthetic_v1_dataset_generator
2024-12-31,EWJ,USD,130.1412,synthetic,synthetic_v1_dataset_generator
2025-01-31,EWJ,USD,133.5983,synthetic,synthetic_v1_dataset_generator
2025-02-28,EWJ,USD,136.487,synthetic,synthetic_v1_dataset_generator
2025-03-31,EWJ,USD,138.622,synthetic,synthetic_v1_dataset_generator
2025-04-30,EWJ,USD,139.9681,synthetic,synthetic_v1_dataset_generator
2025-05-31,EWJ,USD,140.6307,synthetic,synthetic_v1_dataset_generator
2025-06-30,EWJ,USD,140.8103,synthetic,synthetic_v1_dataset_generator
2025-07-31,EWJ,USD,140.7408,synthetic,synthetic_v1_dataset_generator
2025-08-31,EWJ,USD,140.6349,synthetic,synthetic_v1_dataset_generator
2025-09-30,EWJ,USD,140.6542,synthetic,synthetic_v1_dataset_generator
2025-10-31,EWJ,USD,140.9056,synthetic,synthetic_v1_dataset_generator
2025-11-30,EWJ,USD,141.457,synthetic,synthetic_v1_dataset_generator
2025-12-31,EWJ,USD,142.3609,synthetic,synthetic_v1_dataset_generator
2026-01-31,EWJ,USD,143.6712,synthetic,synthetic_v1_dataset_generator
2026-02-28,EWJ,USD,145.4449,synthetic,synthetic_v1_dataset_generator
2026-03-31,EWJ,USD,147.7261,synthetic,synthetic_v1_dataset_generator
2026-04-30,EWJ,USD,150.5145,synthetic,synthetic_v1_dataset_generator
2023-01-31,INDA,USD,89.0,synthetic,synthetic_v1_dataset_generator
2023-02-28,INDA,USD,92.5623,synthetic,synthetic_v1_dataset_generator
2023-03-31,INDA,USD,96.5729,synthetic,synthetic_v1_dataset_generator
2023-04-30,INDA,USD,100.7203,synthetic,synthetic_v1_dataset_generator
2023-05-31,INDA,USD,104.6896,synthetic,synthetic_v1_dataset_generator
2023-06-30,INDA,USD,108.2134,synthetic,synthetic_v1_dataset_generator
2023-07-31,INDA,USD,111.1046,synthetic,synthetic_v1_dataset_generator
2023-08-31,INDA,USD,113.2616,synthetic,synthetic_v1_dataset_generator
2023-09-30,INDA,USD,114.647,synthetic,synthetic_v1_dataset_generator
2023-10-31,INDA,USD,115.2576,synthetic,synthetic_v1_dataset_generator
2023-11-30,INDA,USD,115.105,synthetic,synthetic_v1_dataset_generator
2023-12-31,INDA,USD,114.2204,synthetic,synthetic_v1_dataset_generator
2024-01-31,INDA,USD,112.6816,synthetic,synthetic_v1_dataset_generator
2024-02-29,INDA,USD,110.6448,synthetic,synthetic_v1_dataset_generator
2024-03-31,INDA,USD,108.3612,synthetic,synthetic_v1_dataset_generator
2024-04-30,INDA,USD,106.1629,synthetic,synthetic_v1_dataset_generator
2024-05-31,INDA,USD,104.4175,synthetic,synthetic_v1_dataset_generator
2024-06-30,INDA,USD,103.4693,synthetic,synthetic_v1_dataset_generator
2024-07-31,INDA,USD,103.5833,synthetic,synthetic_v1_dataset_generator
2024-08-31,INDA,USD,104.9044,synthetic,synthetic_v1_dataset_generator
2024-09-30,INDA,USD,107.434,synthetic,synthetic_v1_dataset_generator
2024-10-31,INDA,USD,111.0205,synthetic,synthetic_v1_dataset_generator
2024-11-30,INDA,USD,115.3669,synthetic,synthetic_v1_dataset_generator
2024-12-31,INDA,USD,120.0634,synthetic,synthetic_v1_dataset_generator
2025-01-31,INDA,USD,124.65,synthetic,synthetic_v1_dataset_generator
2025-02-28,INDA,USD,128.7052,synthetic,synthetic_v1_dataset_generator
2025-03-31,INDA,USD,131.9362,synthetic,synthetic_v1_dataset_generator
2025-04-30,INDA,USD,134.2358,synthetic,synthetic_v1_dataset_generator
2025-05-31,INDA,USD,135.6824,synthetic,synthetic_v1_dataset_generator
2025-06-30,INDA,USD,136.4832,synthetic,synthetic_v1_dataset_generator
2025-07-31,INDA,USD,136.8919,synthetic,synthetic_v1_dataset_generator
2025-08-31,INDA,USD,137.1352,synthetic,synthetic_v1_dataset_generator
2025-09-30,INDA,USD,137.3759,synthetic,synthetic_v1_dataset_generator
2025-10-31,INDA,USD,137.7156,synthetic,synthetic_v1_dataset_generator
2025-11-30,INDA,USD,138.2275,synthetic,synthetic_v1_dataset_generator
2025-12-31,INDA,USD,138.9972,synthetic,synthetic_v1_dataset_generator
2026-01-31,INDA,USD,140.1501,synthetic,synthetic_v1_dataset_generator
2026-02-28,INDA,USD,141.851,synthetic,synthetic_v1_dataset_generator
2026-03-31,INDA,USD,144.2717,synthetic,synthetic_v1_dataset_generator
2026-04-30,INDA,USD,147.5345,synthetic,synthetic_v1_dataset_generator
2023-01-31,EWY,USD,120.0,synthetic,synthetic_v1_dataset_generator
2023-02-28,EWY,USD,124.524,synthetic,synthetic_v1_dataset_generator
2023-03-31,EWY,USD,129.2997,synthetic,synthetic_v1_dataset_generator
2023-04-30,EWY,USD,133.8834,synthetic,synthetic_v1_dataset_generator
2023-05-31,EWY,USD,137.8571,synthetic,synthetic_v1_dataset_generator
2023-06-30,EWY,USD,140.9024,synthetic,synthetic_v1_dataset_generator
2023-07-31,EWY,USD,142.8473,synthetic,synthetic_v1_dataset_generator
2023-08-31,EWY,USD,143.6706,synthetic,synthetic_v1_dataset_generator
2023-09-30,EWY,USD,143.4672,synthetic,synthetic_v1_dataset_generator
2023-10-31,EWY,USD,142.3967,synthetic,synthetic_v1_dataset_generator
2023-11-30,EWY,USD,140.6398,synthetic,synthetic_v1_dataset_generator
2023-12-31,EWY,USD,138.3806,synthetic,synthetic_v1_dataset_generator
2024-01-31,EWY,USD,135.8128,synthetic,synthetic_v1_dataset_generator
2024-02-29,EWY,USD,133.1583,synthetic,synthetic_v1_dataset_generator
2024-03-31,EWY,USD,130.678,synthetic,synthetic_v1_dataset_generator
2024-04-30,EWY,USD,128.665,synthetic,synthetic_v1_dataset_generator
2024-05-31,EWY,USD,127.4155,synthetic,synthetic_v1_dataset_generator
2024-06-30,EWY,USD,127.1871,synthetic,synthetic_v1_dataset_generator
2024-07-31,EWY,USD,128.1544,synthetic,synthetic_v1_dataset_generator
2024-08-31,EWY,USD,130.3705,synthetic,synthetic_v1_dataset_generator
2024-09-30,EWY,USD,133.7399,synthetic,synthetic_v1_dataset_generator
2024-10-31,EWY,USD,138.0078,synthetic,synthetic_v1_dataset_generator
2024-11-30,EWY,USD,142.7739,synthetic,synthetic_v1_dataset_generator
2024-12-31,EWY,USD,147.5407,synthetic,synthetic_v1_dataset_generator
2025-01-31,EWY,USD,151.7984,synthetic,synthetic_v1_dataset_generator
2025-02-28,EWY,USD,155.1315,synthetic,synthetic_v1_dataset_generator
2025-03-31,EWY,USD,157.3143,synthetic,synthetic_v1_dataset_generator
2025-04-30,EWY,USD,158.3556,synthetic,synthetic_v1_dataset_generator
2025-05-31,EWY,USD,158.4743,synthetic,synthetic_v1_dataset_generator
2025-06-30,EWY,USD,158.017,synthetic,synthetic_v1_dataset_generator
2025-07-31,EWY,USD,157.3557,synthetic,synthetic_v1_dataset_generator
2025-08-31,EWY,USD,156.8041,synthetic,synthetic_v1_dataset_generator
2025-09-30,EWY,USD,156.5761,synthetic,synthetic_v1_dataset_generator
2025-10-31,EWY,USD,156.7873,synthetic,synthetic_v1_dataset_generator
2025-11-30,EWY,USD,157.4864,synthetic,synthetic_v1_dataset_generator
2025-12-31,EWY,USD,158.6953,synthetic,synthetic_v1_dataset_generator
2026-01-31,EWY,USD,160.4407,synthetic,synthetic_v1_dataset_generator
2026-02-28,EWY,USD,162.7614,synthetic,synthetic_v1_dataset_generator
2026-03-31,EWY,USD,165.6893,synthetic,synthetic_v1_dataset_generator
2026-04-30,EWY,USD,169.2063,synthetic,synthetic_v1_dataset_generator
2023-01-31,EWS,USD,114.0,synthetic,synthetic_v1_dataset_generator
2023-02-28,EWS,USD,118.407,synthetic,synthetic_v1_dataset_generator
2023-03-31,EWS,USD,122.9073,synthetic,synthetic_v1_dataset_generator
2023-04-30,EWS,USD,127.0722,synthetic,synthetic_v1_dataset_generator
2023-05-31,EWS,USD,130.5178,synthetic,synthetic_v1_dataset_generator
2023-06-30,EWS,USD,132.9779,synthetic,synthetic_v1_dataset_generator
2023-07-31,EWS,USD,134.3462,synthetic,synthetic_v1_dataset_generator
2023-08-31,EWS,USD,134.6707,synthetic,synthetic_v1_dataset_generator
2023-09-30,EWS,USD,134.1094,synthetic,synthetic_v1_dataset_generator
2023-10-31,EWS,USD,132.8693,synthetic,synthetic_v1_dataset_generator
2023-11-30,EWS,USD,131.1581,synthetic,synthetic_v1_dataset_generator
2023-12-31,EWS,USD,129.1635,synthetic,synthetic_v1_dataset_generator
2024-01-31,EWS,USD,127.0595,synthetic,synthetic_v1_dataset_generator
2024-02-29,EWS,USD,125.0265,synthetic,synthetic_v1_dataset_generator
2024-03-31,EWS,USD,123.2687,synthetic,synthetic_v1_dataset_generator
2024-04-30,EWS,USD,122.0146,synthetic,synthetic_v1_dataset_generator
2024-05-31,EWS,USD,121.4975,synthetic,synthetic_v1_dataset_generator
2024-06-30,EWS,USD,121.9209,synthetic,synthetic_v1_dataset_generator
2024-07-31,EWS,USD,123.4177,synthetic,synthetic_v1_dataset_generator
2024-08-31,EWS,USD,126.0117,synthetic,synthetic_v1_dataset_generator
2024-09-30,EWS,USD,129.5893,synthetic,synthetic_v1_dataset_generator
2024-10-31,EWS,USD,133.8885,synthetic,synthetic_v1_dataset_generator
2024-11-30,EWS,USD,138.514,synthetic,synthetic_v1_dataset_generator
2024-12-31,EWS,USD,142.9899,synthetic,synthetic_v1_dataset_generator
2025-01-31,EWS,USD,146.8469,synthetic,synthetic_v1_dataset_generator
2025-02-28,EWS,USD,149.728,synthetic,synthetic_v1_dataset_generator
2025-03-31,EWS,USD,151.4753,synthetic,synthetic_v1_dataset_generator
2025-04-30,EWS,USD,152.1636,synthetic,synthetic_v1_dataset_generator
2025-05-31,EWS,USD,152.063,synthetic,synthetic_v1_dataset_generator
2025-06-30,EWS,USD,151.549,synthetic,synthetic_v1_dataset_generator
2025-07-31,EWS,USD,150.9996,synthetic,synthetic_v1_dataset_generator
2025-08-31,EWS,USD,150.7157,synthetic,synthetic_v1_dataset_generator
2025-09-30,EWS,USD,150.8844,synthetic,synthetic_v1_dataset_generator
2025-10-31,EWS,USD,151.5848,synthetic,synthetic_v1_dataset_generator
2025-11-30,EWS,USD,152.8213,synthetic,synthetic_v1_dataset_generator
2025-12-31,EWS,USD,154.566,synthetic,synthetic_v1_dataset_generator
2026-01-31,EWS,USD,156.7937,synthetic,synthetic_v1_dataset_generator
2026-02-28,EWS,USD,159.4941,synthetic,synthetic_v1_dataset_generator
2026-03-31,EWS,USD,162.6578,synthetic,synthetic_v1_dataset_generator
2026-04-30,EWS,USD,166.2389,synthetic,synthetic_v1_dataset_generator
2023-01-31,EEM,USD,90.0,synthetic,synthetic_v1_dataset_generator
2023-02-28,EEM,USD,92.6194,synthetic,synthetic_v1_dataset_generator
2023-03-31,EEM,USD,95.5152,synthetic,synthetic_v1_dataset_generator
2023-04-30,EEM,USD,98.4651,synthetic,synthetic_v1_dataset_generator
2023-05-31,EEM,USD,101.2499,synthetic,synthetic_v1_dataset_generator
2023-06-30,EEM,USD,103.6865,synthetic,synthetic_v1_dataset_generator
2023-07-31,EEM,USD,105.6479,synthetic,synthetic_v1_dataset_generator
2023-08-31,EEM,USD,107.0661,synthetic,synthetic_v1_dataset_generator
2023-09-30,EEM,USD,107.9215,synthetic,synthetic_v1_dataset_generator
2023-10-31,EEM,USD,108.225,synthetic,synthetic_v1_dataset_generator
2023-11-30,EEM,USD,108.0066,synthetic,synthetic_v1_dataset_generator
2023-12-31,EEM,USD,107.3156,synthetic,synthetic_v1_dataset_generator
2024-01-31,EEM,USD,106.2311,synthetic,synthetic_v1_dataset_generator
2024-02-29,EEM,USD,104.8764,synthetic,synthetic_v1_dataset_generator
2024-03-31,EEM,USD,103.4246,synthetic,synthetic_v1_dataset_generator
2024-04-30,EEM,USD,102.0904,synthetic,synthetic_v1_dataset_generator
2024-05-31,EEM,USD,101.1047,synthetic,synthetic_v1_dataset_generator
2024-06-30,EEM,USD,100.681,synthetic,synthetic_v1_dataset_generator
2024-07-31,EEM,USD,100.9798,synthetic,synthetic_v1_dataset_generator
2024-08-31,EEM,USD,102.0811,synthetic,synthetic_v1_dataset_generator
2024-09-30,EEM,USD,103.9669,synthetic,synthetic_v1_dataset_generator
2024-10-31,EEM,USD,106.5165,synthetic,synthetic_v1_dataset_generator
2024-11-30,EEM,USD,109.5172,synthetic,synthetic_v1_dataset_generator
2024-12-31,EEM,USD,112.6916,synthetic,synthetic_v1_dataset_generator
2025-01-31,EEM,USD,115.7433,synthetic,synthetic_v1_dataset_generator
2025-02-28,EEM,USD,118.4118,synthetic,synthetic_v1_dataset_generator
2025-03-31,EEM,USD,120.5235,synthetic,synthetic_v1_dataset_generator
2025-04-30,EEM,USD,122.0202,synthetic,synthetic_v1_dataset_generator
2025-05-31,EEM,USD,122.9554,synthetic,synthetic_v1_dataset_generator
2025-06-30,EEM,USD,123.4618,synthetic,synthetic_v1_dataset_generator
2025-07-31,EEM,USD,123.7039,synthetic,synthetic_v1_dataset_generator
2025-08-31,EEM,USD,123.8366,synthetic,synthetic_v1_dataset_generator
2025-09-30,EEM,USD,123.9813,synthetic,synthetic_v1_dataset_generator
2025-10-31,EEM,USD,124.2242,synthetic,synthetic_v1_dataset_generator
2025-11-30,EEM,USD,124.6297,synthetic,synthetic_v1_dataset_generator
2025-12-31,EEM,USD,125.2607,synthetic,synthetic_v1_dataset_generator
2026-01-31,EEM,USD,126.1908,synthetic,synthetic_v1_dataset_generator
2026-02-28,EEM,USD,127.5034,synthetic,synthetic_v1_dataset_generator
2026-03-31,EEM,USD,129.2738,synthetic,synthetic_v1_dataset_generator
2026-04-30,EEM,USD,131.5395,synthetic,synthetic_v1_dataset_generator
2023-01-31,AGG,USD,152.0,synthetic,synthetic_v1_dataset_generator
2023-02-28,AGG,USD,154.3302,synthetic,synthetic_v1_dataset_generator
2023-03-31,AGG,USD,156.8975,synthetic,synthetic_v1_dataset_generator
2023-04-30,AGG,USD,159.4713,synthetic,synthetic_v1_dataset_generator
2023-05-31,AGG,USD,161.8409,synthetic,synthetic_v1_dataset_generator
2023-06-30,AGG,USD,163.8454,synthetic,synthetic_v1_dataset_generator
2023-07-31,AGG,USD,165.3873,synthetic,synthetic_v1_dataset_generator
2023-08-31,AGG,USD,166.4268,synthetic,synthetic_v1_dataset_generator
2023-09-30,AGG,USD,166.963,synthetic,synthetic_v1_dataset_generator
2023-10-31,AGG,USD,167.0135,synthetic,synthetic_v1_dataset_generator
2023-11-30,AGG,USD,166.6015,synthetic,synthetic_v1_dataset_generator
2023-12-31,AGG,USD,165.7585,synthetic,synthetic_v1_dataset_generator
2024-01-31,AGG,USD,164.5383,synthetic,synthetic_v1_dataset_generator
2024-02-29,AGG,USD,163.0365,synthetic,synthetic_v1_dataset_generator
2024-03-31,AGG,USD,161.4024,synthetic,synthetic_v1_dataset_generator
2024-04-30,AGG,USD,159.8344,synthetic,synthetic_v1_dataset_generator
2024-05-31,AGG,USD,158.5581,synthetic,synthetic_v1_dataset_generator
2024-06-30,AGG,USD,157.7893,synthetic,synthetic_v1_dataset_generator
2024-07-31,AGG,USD,157.6947,synthetic,synthetic_v1_dataset_generator
2024-08-31,AGG,USD,158.3575,synthetic,synthetic_v1_dataset_generator
2024-09-30,AGG,USD,159.7576,synthetic,synthetic_v1_dataset_generator
2024-10-31,AGG,USD,161.7685,synthetic,synthetic_v1_dataset_generator
2024-11-30,AGG,USD,164.175,synthetic,synthetic_v1_dataset_generator
2024-12-31,AGG,USD,166.708,synthetic,synthetic_v1_dataset_generator
2025-01-31,AGG,USD,169.0939,synthetic,synthetic_v1_dataset_generator
2025-02-28,AGG,USD,171.1066,synthetic,synthetic_v1_dataset_generator
2025-03-31,AGG,USD,172.6086,synthetic,synthetic_v1_dataset_generator
2025-04-30,AGG,USD,173.5689,synthetic,synthetic_v1_dataset_generator
2025-05-31,AGG,USD,174.0516,synthetic,synthetic_v1_dataset_generator
2025-06-30,AGG,USD,174.1817,synthetic,synthetic_v1_dataset_generator
2025-07-31,AGG,USD,174.103,synthetic,synthetic_v1_dataset_generator
2025-08-31,AGG,USD,173.9419,synthetic,synthetic_v1_dataset_generator
2025-09-30,AGG,USD,173.7901,synthetic,synthetic_v1_dataset_generator
2025-10-31,AGG,USD,173.7057,synthetic,synthetic_v1_dataset_generator
2025-11-30,AGG,USD,173.7299,synthetic,synthetic_v1_dataset_generator
2025-12-31,AGG,USD,173.9065,synthetic,synthetic_v1_dataset_generator
2026-01-31,AGG,USD,174.2955,synthetic,synthetic_v1_dataset_generator
2026-02-28,AGG,USD,174.9717,synthetic,synthetic_v1_dataset_generator
2026-03-31,AGG,USD,176.0073,synthetic,synthetic_v1_dataset_generator
2026-04-30,AGG,USD,177.4432,synthetic,synthetic_v1_dataset_generator
2023-01-31,TLT,USD,119.0,synthetic,synthetic_v1_dataset_generator
2023-02-28,TLT,USD,120.8243,synthetic,synthetic_v1_dataset_generator
2023-03-31,TLT,USD,122.8342,synthetic,synthetic_v1_dataset_generator
2023-04-30,TLT,USD,124.8492,synthetic,synthetic_v1_dataset_generator
2023-05-31,TLT,USD,126.7044,synthetic,synthetic_v1_dataset_generator
2023-06-30,TLT,USD,128.2737,synthetic,synthetic_v1_dataset_generator
2023-07-31,TLT,USD,129.4809,synthetic,synthetic_v1_dataset_generator
2023-08-31,TLT,USD,130.2946,synthetic,synthetic_v1_dataset_generator
2023-09-30,TLT,USD,130.7144,synthetic,synthetic_v1_dataset_generator
2023-10-31,TLT,USD,130.754,synthetic,synthetic_v1_dataset_generator
2023-11-30,TLT,USD,130.4315,synthetic,synthetic_v1_dataset_generator
2023-12-31,TLT,USD,129.7715,synthetic,synthetic_v1_dataset_generator
2024-01-31,TLT,USD,128.8162,synthetic,synthetic_v1_dataset_generator
2024-02-29,TLT,USD,127.6404,synthetic,synthetic_v1_dataset_generator
2024-03-31,TLT,USD,126.3611,synthetic,synthetic_v1_dataset_generator
2024-04-30,TLT,USD,125.1335,synthetic,synthetic_v1_dataset_generator
2024-05-31,TLT,USD,124.1343,synthetic,synthetic_v1_dataset_generator
2024-06-30,TLT,USD,123.5324,synthetic,synthetic_v1_dataset_generator
2024-07-31,TLT,USD,123.4583,synthetic,synthetic_v1_dataset_generator
2024-08-31,TLT,USD,123.9773,synthetic,synthetic_v1_dataset_generator
2024-09-30,TLT,USD,125.0734,synthetic,synthetic_v1_dataset_generator
2024-10-31,TLT,USD,126.6477,synthetic,synthetic_v1_dataset_generator
2024-11-30,TLT,USD,128.5317,synthetic,synthetic_v1_dataset_generator
2024-12-31,TLT,USD,130.5148,synthetic,synthetic_v1_dataset_generator
2025-01-31,TLT,USD,132.3827,synthetic,synthetic_v1_dataset_generator
2025-02-28,TLT,USD,133.9584,synthetic,synthetic_v1_dataset_generator
2025-03-31,TLT,USD,135.1344,synthetic,synthetic_v1_dataset_generator
2025-04-30,TLT,USD,135.8862,synthetic,synthetic_v1_dataset_generator
2025-05-31,TLT,USD,136.2641,synthetic,synthetic_v1_dataset_generator
2025-06-30,TLT,USD,136.366,synthetic,synthetic_v1_dataset_generator
2025-07-31,TLT,USD,136.3043,synthetic,synthetic_v1_dataset_generator
2025-08-31,TLT,USD,136.1782,synthetic,synthetic_v1_dataset_generator
2025-09-30,TLT,USD,136.0593,synthetic,synthetic_v1_dataset_generator
2025-10-31,TLT,USD,135.9933,synthetic,synthetic_v1_dataset_generator
2025-11-30,TLT,USD,136.0122,synthetic,synthetic_v1_dataset_generator
2025-12-31,TLT,USD,136.1505,synthetic,synthetic_v1_dataset_generator
2026-01-31,TLT,USD,136.455,synthetic,synthetic_v1_dataset_generator
2026-02-28,TLT,USD,136.9844,synthetic,synthetic_v1_dataset_generator
2026-03-31,TLT,USD,137.7952,synthetic,synthetic_v1_dataset_generator
2026-04-30,TLT,USD,138.9194,synthetic,synthetic_v1_dataset_generator
2023-01-31,IGIB,USD,88.0,synthetic,synthetic_v1_dataset_generator
2023-02-28,IGIB,USD,89.3491,synthetic,synthetic_v1_dataset_generator
2023-03-31,IGIB,USD,90.8354,synthetic,synthetic_v1_dataset_generator
2023-04-30,IGIB,USD,92.3255,synthetic,synthetic_v1_dataset_generator
2023-05-31,IGIB,USD,93.6973,synthetic,synthetic_v1_dataset_generator
2023-06-30,IGIB,USD,94.8579,synthetic,synthetic_v1_dataset_generator
2023-07-31,IGIB,USD,95.7505,synthetic,synthetic_v1_dataset_generator
2023-08-31,IGIB,USD,96.3523,synthetic,synthetic_v1_dataset_generator
2023-09-30,IGIB,USD,96.6628,synthetic,synthetic_v1_dataset_generator
2023-10-31,IGIB,USD,96.692,synthetic,synthetic_v1_dataset_generator
2023-11-30,IGIB,USD,96.4535,synthetic,synthetic_v1_dataset_generator
2023-12-31,IGIB,USD,95.9654,synthetic,synthetic_v1_dataset_generator
2024-01-31,IGIB,USD,95.259,synthetic,synthetic_v1_dataset_generator
2024-02-29,IGIB,USD,94.3896,synthetic,synthetic_v1_dataset_generator
2024-03-31,IGIB,USD,93.4435,synthetic,synthetic_v1_dataset_generator
2024-04-30,IGIB,USD,92.5357,synthetic,synthetic_v1_dataset_generator
2024-05-31,IGIB,USD,91.7968,synthetic,synthetic_v1_dataset_generator
2024-06-30,IGIB,USD,91.3517,synthetic,synthetic_v1_dataset_generator
2024-07-31,IGIB,USD,91.2969,synthetic,synthetic_v1_dataset_generator
2024-08-31,IGIB,USD,91.6807,synthetic,synthetic_v1_dataset_generator
2024-09-30,IGIB,USD,92.4912,synthetic,synthetic_v1_dataset_generator
2024-10-31,IGIB,USD,93.6555,synthetic,synthetic_v1_dataset_generator
2024-11-30,IGIB,USD,95.0487,synthetic,synthetic_v1_dataset_generator
2024-12-31,IGIB,USD,96.5152,synthetic,synthetic_v1_dataset_generator
2025-01-31,IGIB,USD,97.8965,synthetic,synthetic_v1_dataset_generator
2025-02-28,IGIB,USD,99.0617,synthetic,synthetic_v1_dataset_generator
2025-03-31,IGIB,USD,99.9313,synthetic,synthetic_v1_dataset_generator
2025-04-30,IGIB,USD,100.4873,synthetic,synthetic_v1_dataset_generator
2025-05-31,IGIB,USD,100.7667,synthetic,synthetic_v1_dataset_generator
2025-06-30,IGIB,USD,100.8421,synthetic,synthetic_v1_dataset_generator
2025-07-31,IGIB,USD,100.7965,synthetic,synthetic_v1_dataset_generator
2025-08-31,IGIB,USD,100.7032,synthetic,synthetic_v1_dataset_generator
2025-09-30,IGIB,USD,100.6153,synthetic,synthetic_v1_dataset_generator
2025-10-31,IGIB,USD,100.5665,synthetic,synthetic_v1_dataset_generator
2025-11-30,IGIB,USD,100.5804,synthetic,synthetic_v1_dataset_generator
2025-12-31,IGIB,USD,100.6827,synthetic,synthetic_v1_dataset_generator
2026-01-31,IGIB,USD,100.9079,synthetic,synthetic_v1_dataset_generator
2026-02-28,IGIB,USD,101.2994,synthetic,synthetic_v1_dataset_generator
2026-03-31,IGIB,USD,101.8989,synthetic,synthetic_v1_dataset_generator
2026-04-30,IGIB,USD,102.7303,synthetic,synthetic_v1_dataset_generator
2023-01-31,HYG,USD,107.0,synthetic,synthetic_v1_dataset_generator
2023-02-28,HYG,USD,108.6404,synthetic,synthetic_v1_dataset_generator
2023-03-31,HYG,USD,110.4476,synthetic,synthetic_v1_dataset_generator
2023-04-30,HYG,USD,112.2594,synthetic,synthetic_v1_dataset_generator
2023-05-31,HYG,USD,113.9275,synthetic,synthetic_v1_dataset_generator
2023-06-30,HYG,USD,115.3385,synthetic,synthetic_v1_dataset_generator
2023-07-31,HYG,USD,116.424,synthetic,synthetic_v1_dataset_generator
2023-08-31,HYG,USD,117.1557,synthetic,synthetic_v1_dataset_generator
2023-09-30,HYG,USD,117.5332,synthetic,synthetic_v1_dataset_generator
2023-10-31,HYG,USD,117.5687,synthetic,synthetic_v1_dataset_generator
2023-11-30,HYG,USD,117.2787,synthetic,synthetic_v1_dataset_generator
2023-12-31,HYG,USD,116.6853,synthetic,synthetic_v1_dataset_generator
2024-01-31,HYG,USD,115.8263,synthetic,synthetic_v1_dataset_generator
2024-02-29,HYG,USD,114.7691,synthetic,synthetic_v1_dataset_generator
2024-03-31,HYG,USD,113.6188,synthetic,synthetic_v1_dataset_generator
2024-04-30,HYG,USD,112.515,synthetic,synthetic_v1_dataset_generator
2024-05-31,HYG,USD,111.6165,synthetic,synthetic_v1_dataset_generator
2024-06-30,HYG,USD,111.0754,synthetic,synthetic_v1_dataset_generator
2024-07-31,HYG,USD,111.0088,synthetic,synthetic_v1_dataset_generator
2024-08-31,HYG,USD,111.4754,synthetic,synthetic_v1_dataset_generator
2024-09-30,HYG,USD,112.4609,synthetic,synthetic_v1_dataset_generator
2024-10-31,HYG,USD,113.8765,synthetic,synthetic_v1_dataset_generator
2024-11-30,HYG,USD,115.5706,synthetic,synthetic_v1_dataset_generator
2024-12-31,HYG,USD,117.3537,synthetic,synthetic_v1_dataset_generator
2025-01-31,HYG,USD,119.0332,synthetic,synthetic_v1_dataset_generator
2025-02-28,HYG,USD,120.45,synthetic,synthetic_v1_dataset_generator
2025-03-31,HYG,USD,121.5074,synthetic,synthetic_v1_dataset_generator
2025-04-30,HYG,USD,122.1834,synthetic,synthetic_v1_dataset_generator
2025-05-31,HYG,USD,122.5232,synthetic,synthetic_v1_dataset_generator
2025-06-30,HYG,USD,122.6148,synthetic,synthetic_v1_dataset_generator
2025-07-31,HYG,USD,122.5593,synthetic,synthetic_v1_dataset_generator
2025-08-31,HYG,USD,122.446,synthetic,synthetic_v1_dataset_generator
2025-09-30,HYG,USD,122.3391,synthetic,synthetic_v1_dataset_generator
2025-10-31,HYG,USD,122.2797,synthetic,synthetic_v1_dataset_generator
2025-11-30,HYG,USD,122.2967,synthetic,synthetic_v1_dataset_generator
2025-12-31,HYG,USD,122.421,synthetic,synthetic_v1_dataset_generator
2026-01-31,HYG,USD,122.6949,synthetic,synthetic_v1_dataset_generator
2026-02-28,HYG,USD,123.1709,synthetic,synthetic_v1_dataset_generator
2026-03-31,HYG,USD,123.8999,synthetic,synthetic_v1_dataset_generator
2026-04-30,HYG,USD,124.9107,synthetic,synthetic_v1_dataset_generator
2023-01-31,EMB,USD,87.0,synthetic,synthetic_v1_dataset_generator
2023-02-28,EMB,USD,88.3337,synthetic,synthetic_v1_dataset_generator
2023-03-31,EMB,USD,89.8032,synthetic,synthetic_v1_dataset_generator
2023-04-30,EMB,USD,91.2763,synthetic,synthetic_v1_dataset_generator
2023-05-31,EMB,USD,92.6326,synthetic,synthetic_v1_dataset_generator
2023-06-30,EMB,USD,93.7799,synthetic,synthetic_v1_dataset_generator
2023-07-31,EMB,USD,94.6625,synthetic,synthetic_v1_dataset_generator
2023-08-31,EMB,USD,95.2574,synthetic,synthetic_v1_dataset_generator
2023-09-30,EMB,USD,95.5643,synthetic,synthetic_v1_dataset_generator
2023-10-31,EMB,USD,95.5932,synthetic,synthetic_v1_dataset_generator
2023-11-30,EMB,USD,95.3575,synthetic,synthetic_v1_dataset_generator
2023-12-31,EMB,USD,94.8749,synthetic,synthetic_v1_dataset_generator
2024-01-31,EMB,USD,94.1765,synthetic,synthetic_v1_dataset_generator
2024-02-29,EMB,USD,93.317,synthetic,synthetic_v1_dataset_generator
2024-03-31,EMB,USD,92.3816,synthetic,synthetic_v1_dataset_generator
2024-04-30,EMB,USD,91.4842,synthetic,synthetic_v1_dataset_generator
2024-05-31,EMB,USD,90.7536,synthetic,synthetic_v1_dataset_generator
2024-06-30,EMB,USD,90.3136,synthetic,synthetic_v1_dataset_generator
2024-07-31,EMB,USD,90.2595,synthetic,synthetic_v1_dataset_generator
2024-08-31,EMB,USD,90.6388,synthetic,synthetic_v1_dataset_generator
2024-09-30,EMB,USD,91.4402,synthetic,synthetic_v1_dataset_generator
2024-10-31,EMB,USD,92.5912,synthetic,synthetic_v1_dataset_generator
2024-11-30,EMB,USD,93.9686,synthetic,synthetic_v1_dataset_generator
2024-12-31,EMB,USD,95.4184,synthetic,synthetic_v1_dataset_generator
2025-01-31,EMB,USD,96.784,synthetic,synthetic_v1_dataset_generator
2025-02-28,EMB,USD,97.936,synthetic,synthetic_v1_dataset_generator
2025-03-31,EMB,USD,98.7957,synthetic,synthetic_v1_dataset_generator
2025-04-30,EMB,USD,99.3454,synthetic,synthetic_v1_dataset_generator
2025-05-31,EMB,USD,99.6216,synthetic,synthetic_v1_dataset_generator
2025-06-30,EMB,USD,99.6961,synthetic,synthetic_v1_dataset_generator
2025-07-31,EMB,USD,99.6511,synthetic,synthetic_v1_dataset_generator
2025-08-31,EMB,USD,99.5589,synthetic,synthetic_v1_dataset_generator
2025-09-30,EMB,USD,99.4719,synthetic,synthetic_v1_dataset_generator
2025-10-31,EMB,USD,99.4236,synthetic,synthetic_v1_dataset_generator
2025-11-30,EMB,USD,99.4375,synthetic,synthetic_v1_dataset_generator
2025-12-31,EMB,USD,99.5386,synthetic,synthetic_v1_dataset_generator
2026-01-31,EMB,USD,99.7612,synthetic,synthetic_v1_dataset_generator
2026-02-28,EMB,USD,100.1483,synthetic,synthetic_v1_dataset_generator
2026-03-31,EMB,USD,100.741,synthetic,synthetic_v1_dataset_generator
2026-04-30,EMB,USD,101.5629,synthetic,synthetic_v1_dataset_generator
2023-01-31,LQD,USD,100.0,synthetic,synthetic_v1_dataset_generator
2023-02-28,LQD,USD,101.533,synthetic,synthetic_v1_dataset_generator
2023-03-31,LQD,USD,103.222,synthetic,synthetic_v1_dataset_generator
2023-04-30,LQD,USD,104.9153,synthetic,synthetic_v1_dataset_generator
2023-05-31,LQD,USD,106.4743,synthetic,synthetic_v1_dataset_generator
2023-06-30,LQD,USD,107.793,synthetic,synthetic_v1_dataset_generator
2023-07-31,LQD,USD,108.8074,synthetic,synthetic_v1_dataset_generator
2023-08-31,LQD,USD,109.4913,synthetic,synthetic_v1_dataset_generator
2023-09-30,LQD,USD,109.8441,synthetic,synthetic_v1_dataset_generator
2023-10-31,LQD,USD,109.8773,synthetic,synthetic_v1_dataset_generator
2023-11-30,LQD,USD,109.6063,synthetic,synthetic_v1_dataset_generator
2023-12-31,LQD,USD,109.0516,synthetic,synthetic_v1_dataset_generator
2024-01-31,LQD,USD,108.2489,synthetic,synthetic_v1_dataset_generator
2024-02-29,LQD,USD,107.2609,synthetic,synthetic_v1_dataset_generator
2024-03-31,LQD,USD,106.1858,synthetic,synthetic_v1_dataset_generator
2024-04-30,LQD,USD,105.1542,synthetic,synthetic_v1_dataset_generator
2024-05-31,LQD,USD,104.3145,synthetic,synthetic_v1_dataset_generator
2024-06-30,LQD,USD,103.8087,synthetic,synthetic_v1_dataset_generator
2024-07-31,LQD,USD,103.7465,synthetic,synthetic_v1_dataset_generator
2024-08-31,LQD,USD,104.1826,synthetic,synthetic_v1_dataset_generator
2024-09-30,LQD,USD,105.1037,synthetic,synthetic_v1_dataset_generator
2024-10-31,LQD,USD,106.4267,synthetic,synthetic_v1_dataset_generator
2024-11-30,LQD,USD,108.0099,synthetic,synthetic_v1_dataset_generator
2024-12-31,LQD,USD,109.6763,synthetic,synthetic_v1_dataset_generator
2025-01-31,LQD,USD,111.246,synthetic,synthetic_v1_dataset_generator
2025-02-28,LQD,USD,112.5701,synthetic,synthetic_v1_dataset_generator
2025-03-31,LQD,USD,113.5583,synthetic,synthetic_v1_dataset_generator
2025-04-30,LQD,USD,114.1901,synthetic,synthetic_v1_dataset_generator
2025-05-31,LQD,USD,114.5076,synthetic,synthetic_v1_dataset_generator
2025-06-30,LQD,USD,114.5932,synthetic,synthetic_v1_dataset_generator
2025-07-31,LQD,USD,114.5414,synthetic,synthetic_v1_dataset_generator
2025-08-31,LQD,USD,114.4355,synthetic,synthetic_v1_dataset_generator
2025-09-30,LQD,USD,114.3356,synthetic,synthetic_v1_dataset_generator
2025-10-31,LQD,USD,114.2801,synthetic,synthetic_v1_dataset_generator
2025-11-30,LQD,USD,114.296,synthetic,synthetic_v1_dataset_generator
2025-12-31,LQD,USD,114.4122,synthetic,synthetic_v1_dataset_generator
2026-01-31,LQD,USD,114.6681,synthetic,synthetic_v1_dataset_generator
2026-02-28,LQD,USD,115.113,synthetic,synthetic_v1_dataset_generator
2026-03-31,LQD,USD,115.7943,synthetic,synthetic_v1_dataset_generator
2026-04-30,LQD,USD,116.739,synthetic,synthetic_v1_dataset_generator
2023-01-31,GLD,USD,90.0,synthetic,synthetic_v1_dataset_generator
2023-02-28,GLD,USD,92.2855,synthetic,synthetic_v1_dataset_generator
2023-03-31,GLD,USD,94.9067,synthetic,synthetic_v1_dataset_generator
2023-04-30,GLD,USD,97.6494,synthetic,synthetic_v1_dataset_generator
2023-05-31,GLD,USD,100.2969,synthetic,synthetic_v1_dataset_generator
2023-06-30,GLD,USD,102.6594,synthetic,synthetic_v1_dataset_generator
2023-07-31,GLD,USD,104.5934,synthetic,synthetic_v1_dataset_generator
2023-08-31,GLD,USD,106.0057,synthetic,synthetic_v1_dataset_generator
2023-09-30,GLD,USD,106.8457,synthetic,synthetic_v1_dataset_generator
2023-10-31,GLD,USD,107.0927,synthetic,synthetic_v1_dataset_generator
2023-11-30,GLD,USD,106.7496,synthetic,synthetic_v1_dataset_generator
2023-12-31,GLD,USD,105.8474,synthetic,synthetic_v1_dataset_generator
2024-01-31,GLD,USD,104.4581,synthetic,synthetic_v1_dataset_generator
2024-02-29,GLD,USD,102.7096,synthetic,synthetic_v1_dataset_generator
2024-03-31,GLD,USD,100.789,synthetic,synthetic_v1_dataset_generator
2024-04-30,GLD,USD,98.93,synthetic,synthetic_v1_dataset_generator
2024-05-31,GLD,USD,97.3832,synthetic,synthetic_v1_dataset_generator
2024-06-30,GLD,USD,96.3785,synthetic,synthetic_v1_dataset_generator
2024-07-31,GLD,USD,96.0893,synthetic,synthetic_v1_dataset_generator
2024-08-31,GLD,USD,96.6057,synthetic,synthetic_v1_dataset_generator
2024-09-30,GLD,USD,97.9205,synthetic,synthetic_v1_dataset_generator
2024-10-31,GLD,USD,99.9266,synthetic,synthetic_v1_dataset_generator
2024-11-30,GLD,USD,102.4274,synthetic,synthetic_v1_dataset_generator
2024-12-31,GLD,USD,105.1629,synthetic,synthetic_v1_dataset_generator
2025-01-31,GLD,USD,107.85,synthetic,synthetic_v1_dataset_generator
2025-02-28,GLD,USD,110.2318,synthetic,synthetic_v1_dataset_generator
2025-03-31,GLD,USD,112.1249,synthetic,synthetic_v1_dataset_generator
2025-04-30,GLD,USD,113.4478,synthetic,synthetic_v1_dataset_generator
2025-05-31,GLD,USD,114.2215,synthetic,synthetic_v1_dataset_generator
2025-06-30,GLD,USD,114.5431,synthetic,synthetic_v1_dataset_generator
2025-07-31,GLD,USD,114.5464,synthetic,synthetic_v1_dataset_generator
2025-08-31,GLD,USD,114.3652,synthetic,synthetic_v1_dataset_generator
2025-09-30,GLD,USD,114.1118,synthetic,synthetic_v1_dataset_generator
2025-10-31,GLD,USD,113.8752,synthetic,synthetic_v1_dataset_generator
2025-11-30,GLD,USD,113.7318,synthetic,synthetic_v1_dataset_generator
2025-12-31,GLD,USD,113.7616,synthetic,synthetic_v1_dataset_generator
2026-01-31,GLD,USD,114.0566,synthetic,synthetic_v1_dataset_generator
2026-02-28,GLD,USD,114.7169,synthetic,synthetic_v1_dataset_generator
2026-03-31,GLD,USD,115.8313,synthetic,synthetic_v1_dataset_generator
2026-04-30,GLD,USD,117.4492,synthetic,synthetic_v1_dataset_generator
2023-01-31,BIL,USD,90.0,synthetic,synthetic_v1_dataset_generator
2023-02-28,BIL,USD,91.3797,synthetic,synthetic_v1_dataset_generator
2023-03-31,BIL,USD,92.8998,synthetic,synthetic_v1_dataset_generator
2023-04-30,BIL,USD,94.4238,synthetic,synthetic_v1_dataset_generator
2023-05-31,BIL,USD,95.8268,synthetic,synthetic_v1_dataset_generator
2023-06-30,BIL,USD,97.0137,synthetic,synthetic_v1_dataset_generator
2023-07-31,BIL,USD,97.9267,synthetic,synthetic_v1_dataset_generator
2023-08-31,BIL,USD,98.5422,synthetic,synthetic_v1_dataset_generator
2023-09-30,BIL,USD,98.8597,synthetic,synthetic_v1_dataset_generator
2023-10-31,BIL,USD,98.8896,synthetic,synthetic_v1_dataset_generator
2023-11-30,BIL,USD,98.6456,synthetic,synthetic_v1_dataset_generator
2023-12-31,BIL,USD,98.1465,synthetic,synthetic_v1_dataset_generator
2024-01-31,BIL,USD,97.424,synthetic,synthetic_v1_dataset_generator
2024-02-29,BIL,USD,96.5348,synthetic,synthetic_v1_dataset_generator
2024-03-31,BIL,USD,95.5672,synthetic,synthetic_v1_dataset_generator
2024-04-30,BIL,USD,94.6388,synthetic,synthetic_v1_dataset_generator
2024-05-31,BIL,USD,93.8831,synthetic,synthetic_v1_dataset_generator
2024-06-30,BIL,USD,93.4279,synthetic,synthetic_v1_dataset_generator
2024-07-31,BIL,USD,93.3719,synthetic,synthetic_v1_dataset_generator
2024-08-31,BIL,USD,93.7643,synthetic,synthetic_v1_dataset_generator
2024-09-30,BIL,USD,94.5933,synthetic,synthetic_v1_dataset_generator
2024-10-31,BIL,USD,95.784,synthetic,synthetic_v1_dataset_generator
2024-11-30,BIL,USD,97.2089,synthetic,synthetic_v1_dataset_generator
2024-12-31,BIL,USD,98.7087,synthetic,synthetic_v1_dataset_generator
2025-01-31,BIL,USD,100.1214,synthetic,synthetic_v1_dataset_generator
2025-02-28,BIL,USD,101.3131,synthetic,synthetic_v1_dataset_generator
2025-03-31,BIL,USD,102.2025,synthetic,synthetic_v1_dataset_generator
2025-04-30,BIL,USD,102.7711,synthetic,synthetic_v1_dataset_generator
2025-05-31,BIL,USD,103.0569,synthetic,synthetic_v1_dataset_generator
2025-06-30,BIL,USD,103.1339,synthetic,synthetic_v1_dataset_generator
2025-07-31,BIL,USD,103.0873,synthetic,synthetic_v1_dataset_generator
2025-08-31,BIL,USD,102.9919,synthetic,synthetic_v1_dataset_generator
2025-09-30,BIL,USD,102.902,synthetic,synthetic_v1_dataset_generator
2025-10-31,BIL,USD,102.8521,synthetic,synthetic_v1_dataset_generator
2025-11-30,BIL,USD,102.8664,synthetic,synthetic_v1_dataset_generator
2025-12-31,BIL,USD,102.971,synthetic,synthetic_v1_dataset_generator
2026-01-31,BIL,USD,103.2013,synthetic,synthetic_v1_dataset_generator
2026-02-28,BIL,USD,103.6017,synthetic,synthetic_v1_dataset_generator
2026-03-31,BIL,USD,104.2148,synthetic,synthetic_v1_dataset_generator
2026-04-30,BIL,USD,105.0651,synthetic,synthetic_v1_dataset_generator
2023-01-31,DBMF,USD,86.0,synthetic,synthetic_v1_dataset_generator
2023-02-28,DBMF,USD,87.974,synthetic,synthetic_v1_dataset_generator
2023-03-31,DBMF,USD,90.0999,synthetic,synthetic_v1_dataset_generator
2023-04-30,DBMF,USD,92.1802,synthetic,synthetic_v1_dataset_generator
2023-05-31,DBMF,USD,94.0366,synthetic,synthetic_v1_dataset_generator
2023-06-30,DBMF,USD,95.5378,synthetic,synthetic_v1_dataset_generator
2023-07-31,DBMF,USD,96.6131,synthetic,synthetic_v1_dataset_generator
2023-08-31,DBMF,USD,97.2481,synthetic,synthetic_v1_dataset_generator
2023-09-30,DBMF,USD,97.4661,synthetic,synthetic_v1_dataset_generator
2023-10-31,DBMF,USD,97.306,synthetic,synthetic_v1_dataset_generator
2023-11-30,DBMF,USD,96.8085,synthetic,synthetic_v1_dataset_generator
2023-12-31,DBMF,USD,96.0147,synthetic,synthetic_v1_dataset_generator
2024-01-31,DBMF,USD,94.9769,synthetic,synthetic_v1_dataset_generator
2024-02-29,DBMF,USD,93.7746,synthetic,synthetic_v1_dataset_generator
2024-03-31,DBMF,USD,92.5247,synthetic,synthetic_v1_dataset_generator
2024-04-30,DBMF,USD,91.3792,synthetic,synthetic_v1_dataset_generator
2024-05-31,DBMF,USD,90.5073,synthetic,synthetic_v1_dataset_generator
2024-06-30,DBMF,USD,90.0684,synthetic,synthetic_v1_dataset_generator
2024-07-31,DBMF,USD,90.1817,synthetic,synthetic_v1_dataset_generator
2024-08-31,DBMF,USD,90.9006,synthetic,synthetic_v1_dataset_generator
2024-09-30,DBMF,USD,92.1979,synthetic,synthetic_v1_dataset_generator
2024-10-31,DBMF,USD,93.9622,synthetic,synthetic_v1_dataset_generator
2024-11-30,DBMF,USD,96.0103,synthetic,synthetic_v1_dataset_generator
2024-12-31,DBMF,USD,98.1148,synthetic,synthetic_v1_dataset_generator
2025-01-31,DBMF,USD,100.045,synthetic,synthetic_v1_dataset_generator
2025-02-28,DBMF,USD,101.6136,synthetic,synthetic_v1_dataset_generator
2025-03-31,DBMF,USD,102.7149,synthetic,synthetic_v1_dataset_generator
2025-04-30,DBMF,USD,103.3413,synthetic,synthetic_v1_dataset_generator
2025-05-31,DBMF,USD,103.5708,synthetic,synthetic_v1_dataset_generator
2025-06-30,DBMF,USD,103.5341,synthetic,synthetic_v1_dataset_generator
2025-07-31,DBMF,USD,103.3721,synthetic,synthetic_v1_dataset_generator
2025-08-31,DBMF,USD,103.2023,synthetic,synthetic_v1_dataset_generator
2025-09-30,DBMF,USD,103.1029,synthetic,synthetic_v1_dataset_generator
2025-10-31,DBMF,USD,103.1147,synthetic,synthetic_v1_dataset_generator
2025-11-30,DBMF,USD,103.2578,synthetic,synthetic_v1_dataset_generator
2025-12-31,DBMF,USD,103.551,synthetic,synthetic_v1_dataset_generator
2026-01-31,DBMF,USD,104.0263,synthetic,synthetic_v1_dataset_generator
2026-02-28,DBMF,USD,104.7306,synthetic,synthetic_v1_dataset_generator
2026-03-31,DBMF,USD,105.7124,synthetic,synthetic_v1_dataset_generator
2026-04-30,DBMF,USD,106.9985,synthetic,synthetic_v1_dataset_generator
2023-01-31,QAI,USD,94.0,synthetic,synthetic_v1_dataset_generator
2023-02-28,QAI,USD,96.1577,synthetic,synthetic_v1_dataset_generator
2023-03-31,QAI,USD,98.4812,synthetic,synthetic_v1_dataset_generator
2023-04-30,QAI,USD,100.7551,synthetic,synthetic_v1_dataset_generator
2023-05-31,QAI,USD,102.7842,synthetic,synthetic_v1_dataset_generator
2023-06-30,QAI,USD,104.425,synthetic,synthetic_v1_dataset_generator
2023-07-31,QAI,USD,105.6004,synthetic,synthetic_v1_dataset_generator
2023-08-31,QAI,USD,106.2945,synthetic,synthetic_v1_dataset_generator
2023-09-30,QAI,USD,106.5327,synthetic,synthetic_v1_dataset_generator
2023-10-31,QAI,USD,106.3577,synthetic,synthetic_v1_dataset_generator
2023-11-30,QAI,USD,105.814,synthetic,synthetic_v1_dataset_generator
2023-12-31,QAI,USD,104.9463,synthetic,synthetic_v1_dataset_generator
2024-01-31,QAI,USD,103.8119,synthetic,synthetic_v1_dataset_generator
2024-02-29,QAI,USD,102.4978,synthetic,synthetic_v1_dataset_generator
2024-03-31,QAI,USD,101.1317,synthetic,synthetic_v1_dataset_generator
2024-04-30,QAI,USD,99.8796,synthetic,synthetic_v1_dataset_generator
2024-05-31,QAI,USD,98.9266,synthetic,synthetic_v1_dataset_generator
2024-06-30,QAI,USD,98.4469,synthetic,synthetic_v1_dataset_generator
2024-07-31,QAI,USD,98.5707,synthetic,synthetic_v1_dataset_generator
2024-08-31,QAI,USD,99.3565,synthetic,synthetic_v1_dataset_generator
2024-09-30,QAI,USD,100.7744,synthetic,synthetic_v1_dataset_generator
2024-10-31,QAI,USD,102.7028,synthetic,synthetic_v1_dataset_generator
2024-11-30,QAI,USD,104.9415,synthetic,synthetic_v1_dataset_generator
2024-12-31,QAI,USD,107.2417,synthetic,synthetic_v1_dataset_generator
2025-01-31,QAI,USD,109.3515,synthetic,synthetic_v1_dataset_generator
2025-02-28,QAI,USD,111.066,synthetic,synthetic_v1_dataset_generator
2025-03-31,QAI,USD,112.2698,synthetic,synthetic_v1_dataset_generator
2025-04-30,QAI,USD,112.9544,synthetic,synthetic_v1_dataset_generator
2025-05-31,QAI,USD,113.2053,synthetic,synthetic_v1_dataset_generator
2025-06-30,QAI,USD,113.1652,synthetic,synthetic_v1_dataset_generator
2025-07-31,QAI,USD,112.9881,synthetic,synthetic_v1_dataset_generator
2025-08-31,QAI,USD,112.8025,synthetic,synthetic_v1_dataset_generator
2025-09-30,QAI,USD,112.6938,synthetic,synthetic_v1_dataset_generator
2025-10-31,QAI,USD,112.7068,synthetic,synthetic_v1_dataset_generator
2025-11-30,QAI,USD,112.8632,synthetic,synthetic_v1_dataset_generator
2025-12-31,QAI,USD,113.1836,synthetic,synthetic_v1_dataset_generator
2026-01-31,QAI,USD,113.7032,synthetic,synthetic_v1_dataset_generator
2026-02-28,QAI,USD,114.473,synthetic,synthetic_v1_dataset_generator
2026-03-31,QAI,USD,115.5461,synthetic,synthetic_v1_dataset_generator
2026-04-30,QAI,USD,116.9518,synthetic,synthetic_v1_dataset_generator
2023-01-31,ES1,USD,146.0,synthetic,synthetic_v1_dataset_generator
2023-02-28,ES1,USD,150.6218,synthetic,synthetic_v1_dataset_generator
2023-03-31,ES1,USD,155.9179,synthetic,synthetic_v1_dataset_generator
2023-04-30,ES1,USD,161.5004,synthetic,synthetic_v1_dataset_generator
2023-05-31,ES1,USD,166.9769,synthetic,synthetic_v1_dataset_generator
2023-06-30,ES1,USD,172.008,synthetic,synthetic_v1_dataset_generator
2023-07-31,ES1,USD,176.3414,synthetic,synthetic_v1_dataset_generator
2023-08-31,ES1,USD,179.8142,synthetic,synthetic_v1_dataset_generator
2023-09-30,ES1,USD,182.3273,synthetic,synthetic_v1_dataset_generator
2023-10-31,ES1,USD,183.8147,synthetic,synthetic_v1_dataset_generator
2023-11-30,ES1,USD,184.2276,synthetic,synthetic_v1_dataset_generator
2023-12-31,ES1,USD,183.5509,synthetic,synthetic_v1_dataset_generator
2024-01-31,ES1,USD,181.8454,synthetic,synthetic_v1_dataset_generator
2024-02-29,ES1,USD,179.2959,synthetic,synthetic_v1_dataset_generator
2024-03-31,ES1,USD,176.2354,synthetic,synthetic_v1_dataset_generator
2024-04-30,ES1,USD,173.1264,synthetic,synthetic_v1_dataset_generator
2024-05-31,ES1,USD,170.4978,synthetic,synthetic_v1_dataset_generator
2024-06-30,ES1,USD,168.8571,synthetic,synthetic_v1_dataset_generator
2024-07-31,ES1,USD,168.6065,synthetic,synthetic_v1_dataset_generator
2024-08-31,ES1,USD,169.9803,synthetic,synthetic_v1_dataset_generator
2024-09-30,ES1,USD,173.0097,synthetic,synthetic_v1_dataset_generator
2024-10-31,ES1,USD,177.5142,synthetic,synthetic_v1_dataset_generator
2024-11-30,ES1,USD,183.1189,synthetic,synthetic_v1_dataset_generator
2024-12-31,ES1,USD,189.3022,synthetic,synthetic_v1_dataset_generator
2025-01-31,ES1,USD,195.4793,synthetic,synthetic_v1_dataset_generator
2025-02-28,ES1,USD,201.109,synthetic,synthetic_v1_dataset_generator
2025-03-31,ES1,USD,205.7995,synthetic,synthetic_v1_dataset_generator
2025-04-30,ES1,USD,209.3744,synthetic,synthetic_v1_dataset_generator
2025-05-31,ES1,USD,211.8749,synthetic,synthetic_v1_dataset_generator
2025-06-30,ES1,USD,213.4997,synthetic,synthetic_v1_dataset_generator
2025-07-31,ES1,USD,214.5135,synthetic,synthetic_v1_dataset_generator
2025-08-31,ES1,USD,215.165,synthetic,synthetic_v1_dataset_generator
2025-09-30,ES1,USD,215.6442,synthetic,synthetic_v1_dataset_generator
2025-10-31,ES1,USD,216.0865,synthetic,synthetic_v1_dataset_generator
2025-11-30,ES1,USD,216.6109,synthetic,synthetic_v1_dataset_generator
2025-12-31,ES1,USD,217.3673,synthetic,synthetic_v1_dataset_generator
2026-01-31,ES1,USD,218.5649,synthetic,synthetic_v1_dataset_generator
2026-02-28,ES1,USD,220.4649,synthetic,synthetic_v1_dataset_generator
2026-03-31,ES1,USD,223.3321,synthetic,synthetic_v1_dataset_generator
2026-04-30,ES1,USD,227.3591,synthetic,synthetic_v1_dataset_generator
2023-01-31,NQ1,USD,153.0,synthetic,synthetic_v1_dataset_generator
2023-02-28,NQ1,USD,157.8434,synthetic,synthetic_v1_dataset_generator
2023-03-31,NQ1,USD,163.3935,synthetic,synthetic_v1_dataset_generator
2023-04-30,NQ1,USD,169.2436,synthetic,synthetic_v1_dataset_generator
2023-05-31,NQ1,USD,174.9827,synthetic,synthetic_v1_dataset_generator
2023-06-30,NQ1,USD,180.2549,synthetic,synthetic_v1_dataset_generator
2023-07-31,NQ1,USD,184.7962,synthetic,synthetic_v1_dataset_generator
2023-08-31,NQ1,USD,188.4354,synthetic,synthetic_v1_dataset_generator
2023-09-30,NQ1,USD,191.0691,synthetic,synthetic_v1_dataset_generator
2023-10-31,NQ1,USD,192.6277,synthetic,synthetic_v1_dataset_generator
2023-11-30,NQ1,USD,193.0604,synthetic,synthetic_v1_dataset_generator
2023-12-31,NQ1,USD,192.3513,synthetic,synthetic_v1_dataset_generator
2024-01-31,NQ1,USD,190.564,synthetic,synthetic_v1_dataset_generator
2024-02-29,NQ1,USD,187.8922,synthetic,synthetic_v1_dataset_generator
2024-03-31,NQ1,USD,184.685,synthetic,synthetic_v1_dataset_generator
2024-04-30,NQ1,USD,181.427,synthetic,synthetic_v1_dataset_generator
2024-05-31,NQ1,USD,178.6724,synthetic,synthetic_v1_dataset_generator
2024-06-30,NQ1,USD,176.953,synthetic,synthetic_v1_dataset_generator
2024-07-31,NQ1,USD,176.6904,synthetic,synthetic_v1_dataset_generator
2024-08-31,NQ1,USD,178.13,synthetic,synthetic_v1_dataset_generator
2024-09-30,NQ1,USD,181.3047,synthetic,synthetic_v1_dataset_generator
2024-10-31,NQ1,USD,186.0252,synthetic,synthetic_v1_dataset_generator
2024-11-30,NQ1,USD,191.8985,synthetic,synthetic_v1_dataset_generator
2024-12-31,NQ1,USD,198.3784,synthetic,synthetic_v1_dataset_generator
2025-01-31,NQ1,USD,204.8516,synthetic,synthetic_v1_dataset_generator
2025-02-28,NQ1,USD,210.7512,synthetic,synthetic_v1_dataset_generator
2025-03-31,NQ1,USD,215.6666,synthetic,synthetic_v1_dataset_generator
2025-04-30,NQ1,USD,219.4129,synthetic,synthetic_v1_dataset_generator
2025-05-31,NQ1,USD,222.0333,synthetic,synthetic_v1_dataset_generator
2025-06-30,NQ1,USD,223.736,synthetic,synthetic_v1_dataset_generator
2025-07-31,NQ1,USD,224.7984,synthetic,synthetic_v1_dataset_generator
2025-08-31,NQ1,USD,225.4812,synthetic,synthetic_v1_dataset_generator
2025-09-30,NQ1,USD,225.9833,synthetic,synthetic_v1_dataset_generator
2025-10-31,NQ1,USD,226.4468,synthetic,synthetic_v1_dataset_generator
2025-11-30,NQ1,USD,226.9963,synthetic,synthetic_v1_dataset_generator
2025-12-31,NQ1,USD,227.789,synthetic,synthetic_v1_dataset_generator
2026-01-31,NQ1,USD,229.0441,synthetic,synthetic_v1_dataset_generator
2026-02-28,NQ1,USD,231.0351,synthetic,synthetic_v1_dataset_generator
2026-03-31,NQ1,USD,234.0398,synthetic,synthetic_v1_dataset_generator
2026-04-30,NQ1,USD,238.2599,synthetic,synthetic_v1_dataset_generator
2023-01-31,SPY_PUT,USD,121.0,synthetic,synthetic_v1_dataset_generator
2023-02-28,SPY_PUT,USD,124.8304,synthetic,synthetic_v1_dataset_generator
2023-03-31,SPY_PUT,USD,129.2197,synthetic,synthetic_v1_dataset_generator
2023-04-30,SPY_PUT,USD,133.8462,synthetic,synthetic_v1_dataset_generator
2023-05-31,SPY_PUT,USD,138.385,synthetic,synthetic_v1_dataset_generator
2023-06-30,SPY_PUT,USD,142.5546,synthetic,synthetic_v1_dataset_generator
2023-07-31,SPY_PUT,USD,146.146,synthetic,synthetic_v1_dataset_generator
2023-08-31,SPY_PUT,USD,149.0241,synthetic,synthetic_v1_dataset_generator
2023-09-30,SPY_PUT,USD,151.1069,synthetic,synthetic_v1_dataset_generator
2023-10-31,SPY_PUT,USD,152.3396,synthetic,synthetic_v1_dataset_generator
2023-11-30,SPY_PUT,USD,152.6818,synthetic,synthetic_v1_dataset_generator
2023-12-31,SPY_PUT,USD,152.1209,synthetic,synthetic_v1_dataset_generator
2024-01-31,SPY_PUT,USD,150.7075,synthetic,synthetic_v1_dataset_generator
2024-02-29,SPY_PUT,USD,148.5945,synthetic,synthetic_v1_dataset_generator
2024-03-31,SPY_PUT,USD,146.0581,synthetic,synthetic_v1_dataset_generator
2024-04-30,SPY_PUT,USD,143.4815,synthetic,synthetic_v1_dataset_generator
2024-05-31,SPY_PUT,USD,141.303,synthetic,synthetic_v1_dataset_generator
2024-06-30,SPY_PUT,USD,139.9432,synthetic,synthetic_v1_dataset_generator
2024-07-31,SPY_PUT,USD,139.7355,synthetic,synthetic_v1_dataset_generator
2024-08-31,SPY_PUT,USD,140.8741,synthetic,synthetic_v1_dataset_generator
2024-09-30,SPY_PUT,USD,143.3847,synthetic,synthetic_v1_dataset_generator
2024-10-31,SPY_PUT,USD,147.1179,synthetic,synthetic_v1_dataset_generator
2024-11-30,SPY_PUT,USD,151.7629,synthetic,synthetic_v1_dataset_generator
2024-12-31,SPY_PUT,USD,156.8875,synthetic,synthetic_v1_dataset_generator
2025-01-31,SPY_PUT,USD,162.0068,synthetic,synthetic_v1_dataset_generator
2025-02-28,SPY_PUT,USD,166.6726,synthetic,synthetic_v1_dataset_generator
2025-03-31,SPY_PUT,USD,170.5598,synthetic,synthetic_v1_dataset_generator
2025-04-30,SPY_PUT,USD,173.5226,synthetic,synthetic_v1_dataset_generator
2025-05-31,SPY_PUT,USD,175.595,synthetic,synthetic_v1_dataset_generator
2025-06-30,SPY_PUT,USD,176.9416,synthetic,synthetic_v1_dataset_generator
2025-07-31,SPY_PUT,USD,177.7818,synthetic,synthetic_v1_dataset_generator
2025-08-31,SPY_PUT,USD,178.3217,synthetic,synthetic_v1_dataset_generator
2025-09-30,SPY_PUT,USD,178.7189,synthetic,synthetic_v1_dataset_generator
2025-10-31,SPY_PUT,USD,179.0854,synthetic,synthetic_v1_dataset_generator
2025-11-30,SPY_PUT,USD,179.52,synthetic,synthetic_v1_dataset_generator
2025-12-31,SPY_PUT,USD,180.1468,synthetic,synthetic_v1_dataset_generator
2026-01-31,SPY_PUT,USD,181.1394,synthetic,synthetic_v1_dataset_generator
2026-02-28,SPY_PUT,USD,182.7141,synthetic,synthetic_v1_dataset_generator
2026-03-31,SPY_PUT,USD,185.0903,synthetic,synthetic_v1_dataset_generator
2026-04-30,SPY_PUT,USD,188.4278,synthetic,synthetic_v1_dataset_generator
2023-01-31,HSI1,HKD,152.0,synthetic,synthetic_v1_dataset_generator
2023-02-28,HSI1,HKD,159.0928,synthetic,synthetic_v1_dataset_generator
2023-03-31,HSI1,HKD,166.7416,synthetic,synthetic_v1_dataset_generator
2023-04-30,HSI1,HKD,174.1722,synthetic,synthetic_v1_dataset_generator
2023-05-31,HSI1,HKD,180.6293,synthetic,synthetic_v1_dataset_generator
2023-06-30,HSI1,HKD,185.5182,synthetic,synthetic_v1_dataset_generator
2023-07-31,HSI1,HKD,188.5041,synthetic,synthetic_v1_dataset_generator
2023-08-31,HSI1,HKD,189.5282,synthetic,synthetic_v1_dataset_generator
2023-09-30,HSI1,HKD,188.7441,synthetic,synthetic_v1_dataset_generator
2023-10-31,HSI1,HKD,186.4176,synthetic,synthetic_v1_dataset_generator
2023-11-30,HSI1,HKD,182.8451,synthetic,synthetic_v1_dataset_generator
2023-12-31,HSI1,HKD,178.3245,synthetic,synthetic_v1_dataset_generator
2024-01-31,HSI1,HKD,173.1747,synthetic,synthetic_v1_dataset_generator
2024-02-29,HSI1,HKD,167.7752,synthetic,synthetic_v1_dataset_generator
2024-03-31,HSI1,HKD,162.5862,synthetic,synthetic_v1_dataset_generator
2024-04-30,HSI1,HKD,158.1286,synthetic,synthetic_v1_dataset_generator
2024-05-31,HSI1,HKD,154.9254,synthetic,synthetic_v1_dataset_generator
2024-06-30,HSI1,HKD,153.4265,synthetic,synthetic_v1_dataset_generator
2024-07-31,HSI1,HKD,153.9381,synthetic,synthetic_v1_dataset_generator
2024-08-31,HSI1,HKD,156.5692,synthetic,synthetic_v1_dataset_generator
2024-09-30,HSI1,HKD,161.1923,synthetic,synthetic_v1_dataset_generator
2024-10-31,HSI1,HKD,167.421,synthetic,synthetic_v1_dataset_generator
2024-11-30,HSI1,HKD,174.616,synthetic,synthetic_v1_dataset_generator
2024-12-31,HSI1,HKD,181.9461,synthetic,synthetic_v1_dataset_generator
2025-01-31,HSI1,HKD,188.5213,synthetic,synthetic_v1_dataset_generator
2025-02-28,HSI1,HKD,193.5841,synthetic,synthetic_v1_dataset_generator
2025-03-31,HSI1,HKD,196.696,synthetic,synthetic_v1_dataset_generator
2025-04-30,HSI1,HKD,197.8387,synthetic,synthetic_v1_dataset_generator
2025-05-31,HSI1,HKD,197.3785,synthetic,synthetic_v1_dataset_generator
2025-06-30,HSI1,HKD,195.9127,synthetic,synthetic_v1_dataset_generator
2025-07-31,HSI1,HKD,194.0761,synthetic,synthetic_v1_dataset_generator
2025-08-31,HSI1,HKD,192.3875,synthetic,synthetic_v1_dataset_generator
2025-09-30,HSI1,HKD,191.1822,synthetic,synthetic_v1_dataset_generator
2025-10-31,HSI1,HKD,190.625,synthetic,synthetic_v1_dataset_generator
2025-11-30,HSI1,HKD,190.7761,synthetic,synthetic_v1_dataset_generator
2025-12-31,HSI1,HKD,191.6688,synthetic,synthetic_v1_dataset_generator
2026-01-31,HSI1,HKD,193.3674,synthetic,synthetic_v1_dataset_generator
2026-02-28,HSI1,HKD,195.9796,synthetic,synthetic_v1_dataset_generator
2026-03-31,HSI1,HKD,199.6183,synthetic,synthetic_v1_dataset_generator
2026-04-30,HSI1,HKD,204.3218,synthetic,synthetic_v1_dataset_generator
2023-01-31,GMACRO,USD,106.0,synthetic,synthetic_v1_dataset_generator
2023-02-28,GMACRO,USD,108.4331,synthetic,synthetic_v1_dataset_generator
2023-03-31,GMACRO,USD,111.0533,synthetic,synthetic_v1_dataset_generator
2023-04-30,GMACRO,USD,113.6175,synthetic,synthetic_v1_dataset_generator
2023-05-31,GMACRO,USD,115.9056,synthetic,synthetic_v1_dataset_generator
2023-06-30,GMACRO,USD,117.7558,synthetic,synthetic_v1_dataset_generator
2023-07-31,GMACRO,USD,119.0813,synthetic,synthetic_v1_dataset_generator
2023-08-31,GMACRO,USD,119.864,synthetic,synthetic_v1_dataset_generator
2023-09-30,GMACRO,USD,120.1326,synthetic,synthetic_v1_dataset_generator
2023-10-31,GMACRO,USD,119.9353,synthetic,synthetic_v1_dataset_generator
2023-11-30,GMACRO,USD,119.3221,synthetic,synthetic_v1_dataset_generator
2023-12-31,GMACRO,USD,118.3437,synthetic,synthetic_v1_dataset_generator
2024-01-31,GMACRO,USD,117.0645,synthetic,synthetic_v1_dataset_generator
2024-02-29,GMACRO,USD,115.5826,synthetic,synthetic_v1_dataset_generator
2024-03-31,GMACRO,USD,114.0421,synthetic,synthetic_v1_dataset_generator
2024-04-30,GMACRO,USD,112.6301,synthetic,synthetic_v1_dataset_generator
2024-05-31,GMACRO,USD,111.5555,synthetic,synthetic_v1_dataset_generator
2024-06-30,GMACRO,USD,111.0146,synthetic,synthetic_v1_dataset_generator
2024-07-31,GMACRO,USD,111.1542,synthetic,synthetic_v1_dataset_generator
2024-08-31,GMACRO,USD,112.0403,synthetic,synthetic_v1_dataset_generator
2024-09-30,GMACRO,USD,113.6392,synthetic,synthetic_v1_dataset_generator
2024-10-31,GMACRO,USD,115.8138,synthetic,synthetic_v1_dataset_generator
2024-11-30,GMACRO,USD,118.3383,synthetic,synthetic_v1_dataset_generator
2024-12-31,GMACRO,USD,120.9322,synthetic,synthetic_v1_dataset_generator
2025-01-31,GMACRO,USD,123.3112,synthetic,synthetic_v1_dataset_generator
2025-02-28,GMACRO,USD,125.2446,synthetic,synthetic_v1_dataset_generator
2025-03-31,GMACRO,USD,126.6021,synthetic,synthetic_v1_dataset_generator
2025-04-30,GMACRO,USD,127.3741,synthetic,synthetic_v1_dataset_generator
2025-05-31,GMACRO,USD,127.6571,synthetic,synthetic_v1_dataset_generator
2025-06-30,GMACRO,USD,127.6118,synthetic,synthetic_v1_dataset_generator
2025-07-31,GMACRO,USD,127.4121,synthetic,synthetic_v1_dataset_generator
2025-08-31,GMACRO,USD,127.2029,synthetic,synthetic_v1_dataset_generator
2025-09-30,GMACRO,USD,127.0803,synthetic,synthetic_v1_dataset_generator
2025-10-31,GMACRO,USD,127.0949,synthetic,synthetic_v1_dataset_generator
2025-11-30,GMACRO,USD,127.2712,synthetic,synthetic_v1_dataset_generator
2025-12-31,GMACRO,USD,127.6326,synthetic,synthetic_v1_dataset_generator
2026-01-31,GMACRO,USD,128.2185,synthetic,synthetic_v1_dataset_generator
2026-02-28,GMACRO,USD,129.0865,synthetic,synthetic_v1_dataset_generator
2026-03-31,GMACRO,USD,130.2967,synthetic,synthetic_v1_dataset_generator
2026-04-30,GMACRO,USD,131.8819,synthetic,synthetic_v1_dataset_generator
2023-01-31,MKTNEUT,USD,147.0,synthetic,synthetic_v1_dataset_generator
2023-02-28,MKTNEUT,USD,150.3742,synthetic,synthetic_v1_dataset_generator
2023-03-31,MKTNEUT,USD,154.0079,synthetic,synthetic_v1_dataset_generator
2023-04-30,MKTNEUT,USD,157.5639,synthetic,synthetic_v1_dataset_generator
2023-05-31,MKTNEUT,USD,160.737,synthetic,synthetic_v1_dataset_generator
2023-06-30,MKTNEUT,USD,163.3029,synthetic,synthetic_v1_dataset_generator
2023-07-31,MKTNEUT,USD,165.141,synthetic,synthetic_v1_dataset_generator
2023-08-31,MKTNEUT,USD,166.2265,synthetic,synthetic_v1_dataset_generator
2023-09-30,MKTNEUT,USD,166.599,synthetic,synthetic_v1_dataset_generator
2023-10-31,MKTNEUT,USD,166.3254,synthetic,synthetic_v1_dataset_generator
2023-11-30,MKTNEUT,USD,165.475,synthetic,synthetic_v1_dataset_generator
2023-12-31,MKTNEUT,USD,164.1181,synthetic,synthetic_v1_dataset_generator
2024-01-31,MKTNEUT,USD,162.3442,synthetic,synthetic_v1_dataset_generator
2024-02-29,MKTNEUT,USD,160.2891,synthetic,synthetic_v1_dataset_generator
2024-03-31,MKTNEUT,USD,158.1527,synthetic,synthetic_v1_dataset_generator
2024-04-30,MKTNEUT,USD,156.1946,synthetic,synthetic_v1_dataset_generator
2024-05-31,MKTNEUT,USD,154.7043,synthetic,synthetic_v1_dataset_generator
2024-06-30,MKTNEUT,USD,153.9542,synthetic,synthetic_v1_dataset_generator
2024-07-31,MKTNEUT,USD,154.1477,synthetic,synthetic_v1_dataset_generator
2024-08-31,MKTNEUT,USD,155.3766,synthetic,synthetic_v1_dataset_generator
2024-09-30,MKTNEUT,USD,157.594,synthetic,synthetic_v1_dataset_generator
2024-10-31,MKTNEUT,USD,160.6097,synthetic,synthetic_v1_dataset_generator
2024-11-30,MKTNEUT,USD,164.1107,synthetic,synthetic_v1_dataset_generator
2024-12-31,MKTNEUT,USD,167.7078,synthetic,synthetic_v1_dataset_generator
2025-01-31,MKTNEUT,USD,171.0071,synthetic,synthetic_v1_dataset_generator
2025-02-28,MKTNEUT,USD,173.6883,synthetic,synthetic_v1_dataset_generator
2025-03-31,MKTNEUT,USD,175.5709,synthetic,synthetic_v1_dataset_generator
2025-04-30,MKTNEUT,USD,176.6415,synthetic,synthetic_v1_dataset_generator
2025-05-31,MKTNEUT,USD,177.0339,synthetic,synthetic_v1_dataset_generator
2025-06-30,MKTNEUT,USD,176.9711,synthetic,synthetic_v1_dataset_generator
2025-07-31,MKTNEUT,USD,176.6941,synthetic,synthetic_v1_dataset_generator
2025-08-31,MKTNEUT,USD,176.404,synthetic,synthetic_v1_dataset_generator
2025-09-30,MKTNEUT,USD,176.234,synthetic,synthetic_v1_dataset_generator
2025-10-31,MKTNEUT,USD,176.2542,synthetic,synthetic_v1_dataset_generator
2025-11-30,MKTNEUT,USD,176.4988,synthetic,synthetic_v1_dataset_generator
2025-12-31,MKTNEUT,USD,176.9999,synthetic,synthetic_v1_dataset_generator
2026-01-31,MKTNEUT,USD,177.8124,synthetic,synthetic_v1_dataset_generator
2026-02-28,MKTNEUT,USD,179.0162,synthetic,synthetic_v1_dataset_generator
2026-03-31,MKTNEUT,USD,180.6945,synthetic,synthetic_v1_dataset_generator
2026-04-30,MKTNEUT,USD,182.8928,synthetic,synthetic_v1_dataset_generator
2023-01-31,DBC,USD,146.0,synthetic,synthetic_v1_dataset_generator
2023-02-28,DBC,USD,149.3513,synthetic,synthetic_v1_dataset_generator
2023-03-31,DBC,USD,152.9602,synthetic,synthetic_v1_dataset_generator
2023-04-30,DBC,USD,156.492,synthetic,synthetic_v1_dataset_generator
2023-05-31,DBC,USD,159.6436,synthetic,synthetic_v1_dataset_generator
2023-06-30,DBC,USD,162.192,synthetic,synthetic_v1_dataset_generator
2023-07-31,DBC,USD,164.0176,synthetic,synthetic_v1_dataset_generator
2023-08-31,DBC,USD,165.0957,synthetic,synthetic_v1_dataset_generator
2023-09-30,DBC,USD,165.4656,synthetic,synthetic_v1_dataset_generator
2023-10-31,DBC,USD,165.1939,synthetic,synthetic_v1_dataset_generator
2023-11-30,DBC,USD,164.3494,synthetic,synthetic_v1_dataset_generator
2023-12-31,DBC,USD,163.0017,synthetic,synthetic_v1_dataset_generator
2024-01-31,DBC,USD,161.2398,synthetic,synthetic_v1_dataset_generator
2024-02-29,DBC,USD,159.1987,synthetic,synthetic_v1_dataset_generator
2024-03-31,DBC,USD,157.0769,synthetic,synthetic_v1_dataset_generator
2024-04-30,DBC,USD,155.1321,synthetic,synthetic_v1_dataset_generator
2024-05-31,DBC,USD,153.6519,synthetic,synthetic_v1_dataset_generator
2024-06-30,DBC,USD,152.9069,synthetic,synthetic_v1_dataset_generator
2024-07-31,DBC,USD,153.0991,synthetic,synthetic_v1_dataset_generator
2024-08-31,DBC,USD,154.3196,synthetic,synthetic_v1_dataset_generator
2024-09-30,DBC,USD,156.5219,synthetic,synthetic_v1_dataset_generator
2024-10-31,DBC,USD,159.5171,synthetic,synthetic_v1_dataset_generator
2024-11-30,DBC,USD,162.9943,synthetic,synthetic_v1_dataset_generator
2024-12-31,DBC,USD,166.567,synthetic,synthetic_v1_dataset_generator
2025-01-31,DBC,USD,169.8438,synthetic,synthetic_v1_dataset_generator
2025-02-28,DBC,USD,172.5067,synthetic,synthetic_v1_dataset_generator
2025-03-31,DBC,USD,174.3765,synthetic,synthetic_v1_dataset_generator
2025-04-30,DBC,USD,175.4398,synthetic,synthetic_v1_dataset_generator
2025-05-31,DBC,USD,175.8296,synthetic,synthetic_v1_dataset_generator
2025-06-30,DBC,USD,175.7672,synthetic,synthetic_v1_dataset_generator
2025-07-31,DBC,USD,175.4921,synthetic,synthetic_v1_dataset_generator
2025-08-31,DBC,USD,175.204,synthetic,synthetic_v1_dataset_generator
2025-09-30,DBC,USD,175.0351,synthetic,synthetic_v1_dataset_generator
2025-10-31,DBC,USD,175.0552,synthetic,synthetic_v1_dataset_generator
2025-11-30,DBC,USD,175.2981,synthetic,synthetic_v1_dataset_generator
2025-12-31,DBC,USD,175.7958,synthetic,synthetic_v1_dataset_generator
2026-01-31,DBC,USD,176.6028,synthetic,synthetic_v1_dataset_generator
2026-02-28,DBC,USD,177.7984,synthetic,synthetic_v1_dataset_generator
2026-03-31,DBC,USD,179.4653,synthetic,synthetic_v1_dataset_generator
2026-04-30,DBC,USD,181.6486,synthetic,synthetic_v1_dataset_generator
2023-01-31,VNQ,USD,120.0,synthetic,synthetic_v1_dataset_generator
2023-02-28,VNQ,USD,122.7545,synthetic,synthetic_v1_dataset_generator
2023-03-31,VNQ,USD,125.7207,synthetic,synthetic_v1_dataset_generator
2023-04-30,VNQ,USD,128.6236,synthetic,synthetic_v1_dataset_generator
2023-05-31,VNQ,USD,131.2139,synthetic,synthetic_v1_dataset_generator
2023-06-30,VNQ,USD,133.3085,synthetic,synthetic_v1_dataset_generator
2023-07-31,VNQ,USD,134.809,synthetic,synthetic_v1_dataset_generator
2023-08-31,VNQ,USD,135.6951,synthetic,synthetic_v1_dataset_generator
2023-09-30,VNQ,USD,135.9992,synthetic,synthetic_v1_dataset_generator
2023-10-31,VNQ,USD,135.7758,synthetic,synthetic_v1_dataset_generator
2023-11-30,VNQ,USD,135.0817,synthetic,synthetic_v1_dataset_generator
2023-12-31,VNQ,USD,133.974,synthetic,synthetic_v1_dataset_generator
2024-01-31,VNQ,USD,132.5259,synthetic,synthetic_v1_dataset_generator
2024-02-29,VNQ,USD,130.8483,synthetic,synthetic_v1_dataset_generator
2024-03-31,VNQ,USD,129.1043,synthetic,synthetic_v1_dataset_generator
2024-04-30,VNQ,USD,127.5058,synthetic,synthetic_v1_dataset_generator
2024-05-31,VNQ,USD,126.2892,synthetic,synthetic_v1_dataset_generator
2024-06-30,VNQ,USD,125.6769,synthetic,synthetic_v1_dataset_generator
2024-07-31,VNQ,USD,125.8349,synthetic,synthetic_v1_dataset_generator
2024-08-31,VNQ,USD,126.8381,synthetic,synthetic_v1_dataset_generator
2024-09-30,VNQ,USD,128.6482,synthetic,synthetic_v1_dataset_generator
2024-10-31,VNQ,USD,131.11,synthetic,synthetic_v1_dataset_generator
2024-11-30,VNQ,USD,133.9679,synthetic,synthetic_v1_dataset_generator
2024-12-31,VNQ,USD,136.9044,synthetic,synthetic_v1_dataset_generator
2025-01-31,VNQ,USD,139.5976,synthetic,synthetic_v1_dataset_generator
2025-02-28,VNQ,USD,141.7864,synthetic,synthetic_v1_dataset_generator
2025-03-31,VNQ,USD,143.3232,synthetic,synthetic_v1_dataset_generator
2025-04-30,VNQ,USD,144.1971,synthetic,synthetic_v1_dataset_generator
2025-05-31,VNQ,USD,144.5175,synthetic,synthetic_v1_dataset_generator
2025-06-30,VNQ,USD,144.4662,synthetic,synthetic_v1_dataset_generator
2025-07-31,VNQ,USD,144.2401,synthetic,synthetic_v1_dataset_generator
2025-08-31,VNQ,USD,144.0033,synthetic,synthetic_v1_dataset_generator
2025-09-30,VNQ,USD,143.8645,synthetic,synthetic_v1_dataset_generator
2025-10-31,VNQ,USD,143.881,synthetic,synthetic_v1_dataset_generator
2025-11-30,VNQ,USD,144.0806,synthetic,synthetic_v1_dataset_generator
2025-12-31,VNQ,USD,144.4897,synthetic,synthetic_v1_dataset_generator
2026-01-31,VNQ,USD,145.153,synthetic,synthetic_v1_dataset_generator
2026-02-28,VNQ,USD,146.1357,synthetic,synthetic_v1_dataset_generator
2026-03-31,VNQ,USD,147.5057,synthetic,synthetic_v1_dataset_generator
2026-04-30,VNQ,USD,149.3002,synthetic,synthetic_v1_dataset_generator
